strategy,params,sharpe,sortino,cumulative_pnl_pct,max_drawdown_pct,win_rate_pct,trades_triggered,profit_factor,status
standard,"{'prob_threshold': 0.3, 'kelly_multiplier': 0.4, 'kelly_cap': 0.2, 'profit_threshold': 0.06, 'hard_stop_loss': 0.025, 'max_concurrent_trades': 5}",-1.2685,-0.3575,-4.5439,4.726,39.73,146,0.487,ok
standard,"{'prob_threshold': 0.3, 'kelly_multiplier': 0.4, 'kelly_cap': 0.2, 'profit_threshold': 0.06, 'hard_stop_loss': 0.03, 'max_concurrent_trades': 5}",-0.1275,-0.0233,-0.3343,1.0995,52.83,53,0.8916,ok
standard,"{'prob_threshold': 0.3, 'kelly_multiplier': 0.4, 'kelly_cap': 0.2, 'profit_threshold': 0.06, 'hard_stop_loss': 0.03, 'max_concurrent_trades': 10}",0.1275,0.0276,0.3644,0.9603,54.79,73,1.0933,ok
standard,"{'prob_threshold': 0.3, 'kelly_multiplier': 0.4, 'kelly_cap': 0.2, 'profit_threshold': 0.06, 'hard_stop_loss': 0.035, 'max_concurrent_trades': 5}",0.7594,0.159,1.3282,0.2752,64.29,28,2.4584,ok
standard,"{'prob_threshold': 0.3, 'kelly_multiplier': 0.4, 'kelly_cap': 0.2, 'profit_threshold': 0.06, 'hard_stop_loss': 0.035, 'max_concurrent_trades': 10}",0.6171,0.119,1.092,0.3933,59.38,32,1.9367,ok
standard,"{'prob_threshold': 0.3, 'kelly_multiplier': 0.4, 'kelly_cap': 0.2, 'profit_threshold': 0.05, 'hard_stop_loss': 0.035, 'max_concurrent_trades': 10}",0.217,0.0368,0.479,0.6565,58.54,41,1.2003,ok
standard,"{'prob_threshold': 0.3, 'kelly_multiplier': 0.4, 'kelly_cap': 0.2, 'profit_threshold': 0.05, 'hard_stop_loss': 0.03, 'max_concurrent_trades': 10}",-0.3491,-0.0724,-1.18,2.0601,52.38,84,0.7979,ok
standard,"{'prob_threshold': 0.3, 'kelly_multiplier': 0.4, 'kelly_cap': 0.2, 'profit_threshold': 0.06, 'hard_stop_loss': 0.025, 'max_concurrent_trades': 10}",-1.1058,-0.3558,-4.9016,5.8636,40.19,214,0.6202,ok
standard,"{'prob_threshold': 0.3, 'kelly_multiplier': 0.4, 'kelly_cap': 0.2, 'profit_threshold': 0.05, 'hard_stop_loss': 0.03, 'max_concurrent_trades': 5}",-0.5167,-0.1013,-1.6509,2.5077,48.44,64,0.6718,ok
standard,"{'prob_threshold': 0.3, 'kelly_multiplier': 0.4, 'kelly_cap': 0.2, 'profit_threshold': 0.05, 'hard_stop_loss': 0.035, 'max_concurrent_trades': 5}",0.254,0.0426,0.5714,0.6565,60.53,38,1.2519,ok
standard,"{'prob_threshold': 0.3, 'kelly_multiplier': 0.4, 'kelly_cap': 0.2, 'profit_threshold': 0.05, 'hard_stop_loss': 0.025, 'max_concurrent_trades': 5}",-1.7013,-0.4714,-6.7549,6.7549,41.04,173,0.4127,ok
standard,"{'prob_threshold': 0.3, 'kelly_multiplier': 0.4, 'kelly_cap': 0.2, 'profit_threshold': 0.05, 'hard_stop_loss': 0.025, 'max_concurrent_trades': 10}",-1.7087,-0.5527,-8.6139,8.8057,40.57,244,0.4772,ok
standard,"{'prob_threshold': 0.3, 'kelly_multiplier': 0.4, 'kelly_cap': 0.3, 'profit_threshold': 0.05, 'hard_stop_loss': 0.025, 'max_concurrent_trades': 5}",-1.6173,-0.4532,-6.9145,6.9145,41.04,173,0.422,ok
standard,"{'prob_threshold': 0.3, 'kelly_multiplier': 0.4, 'kelly_cap': 0.3, 'profit_threshold': 0.05, 'hard_stop_loss': 0.03, 'max_concurrent_trades': 5}",-0.4568,-0.0902,-1.56,2.5076,48.44,64,0.7005,ok
standard,"{'prob_threshold': 0.3, 'kelly_multiplier': 0.4, 'kelly_cap': 0.3, 'profit_threshold': 0.05, 'hard_stop_loss': 0.03, 'max_concurrent_trades': 10}",-0.2924,-0.0608,-1.0503,2.0601,52.38,84,0.8255,ok
standard,"{'prob_threshold': 0.3, 'kelly_multiplier': 0.4, 'kelly_cap': 0.3, 'profit_threshold': 0.05, 'hard_stop_loss': 0.025, 'max_concurrent_trades': 10}",-1.533,-0.5076,-8.3125,8.7884,40.57,244,0.511,ok
standard,"{'prob_threshold': 0.3, 'kelly_multiplier': 0.4, 'kelly_cap': 0.3, 'profit_threshold': 0.05, 'hard_stop_loss': 0.035, 'max_concurrent_trades': 5}",0.2781,0.0473,0.6348,0.6565,60.53,38,1.2798,ok
standard,"{'prob_threshold': 0.3, 'kelly_multiplier': 0.4, 'kelly_cap': 0.3, 'profit_threshold': 0.05, 'hard_stop_loss': 0.035, 'max_concurrent_trades': 10}",0.2421,0.0416,0.5424,0.6565,58.54,41,1.2267,ok
standard,"{'prob_threshold': 0.3, 'kelly_multiplier': 0.4, 'kelly_cap': 0.3, 'profit_threshold': 0.06, 'hard_stop_loss': 0.025, 'max_concurrent_trades': 5}",-1.1722,-0.3382,-4.4764,4.7258,39.73,146,0.5042,ok
standard,"{'prob_threshold': 0.3, 'kelly_multiplier': 0.4, 'kelly_cap': 0.3, 'profit_threshold': 0.06, 'hard_stop_loss': 0.025, 'max_concurrent_trades': 10}",-0.9747,-0.3222,-4.5742,5.8047,40.19,214,0.651,ok
standard,"{'prob_threshold': 0.3, 'kelly_multiplier': 0.4, 'kelly_cap': 0.3, 'profit_threshold': 0.06, 'hard_stop_loss': 0.03, 'max_concurrent_trades': 5}",-0.1174,-0.0213,-0.3275,1.0995,52.83,53,0.8972,ok
standard,"{'prob_threshold': 0.3, 'kelly_multiplier': 0.4, 'kelly_cap': 0.3, 'profit_threshold': 0.06, 'hard_stop_loss': 0.03, 'max_concurrent_trades': 10}",0.1616,0.0351,0.494,0.9603,54.79,73,1.1231,ok
standard,"{'prob_threshold': 0.3, 'kelly_multiplier': 0.4, 'kelly_cap': 0.3, 'profit_threshold': 0.06, 'hard_stop_loss': 0.035, 'max_concurrent_trades': 5}",0.7735,0.1669,1.395,0.2752,64.29,28,2.531,ok
standard,"{'prob_threshold': 0.3, 'kelly_multiplier': 0.4, 'kelly_cap': 0.3, 'profit_threshold': 0.06, 'hard_stop_loss': 0.035, 'max_concurrent_trades': 10}",0.6359,0.1262,1.1586,0.3933,59.38,32,1.9934,ok
standard,"{'prob_threshold': 0.3, 'kelly_multiplier': 0.4, 'kelly_cap': 0.2, 'profit_threshold': 0.07, 'hard_stop_loss': 0.03, 'max_concurrent_trades': 5}",0.339,0.0808,0.7419,0.5691,46.15,39,1.3819,ok
standard,"{'prob_threshold': 0.3, 'kelly_multiplier': 0.4, 'kelly_cap': 0.2, 'profit_threshold': 0.07, 'hard_stop_loss': 0.025, 'max_concurrent_trades': 10}",-0.2763,-0.0746,-1.0898,2.6136,41.38,87,0.8376,ok
standard,"{'prob_threshold': 0.3, 'kelly_multiplier': 0.4, 'kelly_cap': 0.2, 'profit_threshold': 0.07, 'hard_stop_loss': 0.035, 'max_concurrent_trades': 5}",0.71,0.2083,1.2118,0.2329,52.94,17,3.2413,ok
standard,"{'prob_threshold': 0.3, 'kelly_multiplier': 0.4, 'kelly_cap': 0.2, 'profit_threshold': 0.07, 'hard_stop_loss': 0.025, 'max_concurrent_trades': 5}",-0.0947,-0.0265,-0.3117,1.9481,42.19,64,0.9321,ok
standard,"{'prob_threshold': 0.3, 'kelly_multiplier': 0.4, 'kelly_cap': 0.2, 'profit_threshold': 0.07, 'hard_stop_loss': 0.03, 'max_concurrent_trades': 10}",0.5371,0.1461,1.3533,0.6245,50.0,50,1.6032,ok
standard,"{'prob_threshold': 0.3, 'kelly_multiplier': 0.4, 'kelly_cap': 0.3, 'profit_threshold': 0.07, 'hard_stop_loss': 0.035, 'max_concurrent_trades': 10}",0.6756,0.2051,1.1698,0.2909,50.0,18,2.9512,ok
standard,"{'prob_threshold': 0.3, 'kelly_multiplier': 0.6, 'kelly_cap': 0.2, 'profit_threshold': 0.05, 'hard_stop_loss': 0.025, 'max_concurrent_trades': 5}",-1.9198,-0.5822,-10.9525,10.9525,36.92,195,0.3773,ok
standard,"{'prob_threshold': 0.3, 'kelly_multiplier': 0.6, 'kelly_cap': 0.2, 'profit_threshold': 0.05, 'hard_stop_loss': 0.03, 'max_concurrent_trades': 5}",-0.6107,-0.1192,-2.7441,3.3443,48.48,66,0.6171,ok
standard,"{'prob_threshold': 0.3, 'kelly_multiplier': 0.6, 'kelly_cap': 0.2, 'profit_threshold': 0.05, 'hard_stop_loss': 0.03, 'max_concurrent_trades': 10}",-0.3784,-0.0794,-1.9532,3.195,52.22,90,0.7793,ok
standard,"{'prob_threshold': 0.3, 'kelly_multiplier': 0.6, 'kelly_cap': 0.2, 'profit_threshold': 0.05, 'hard_stop_loss': 0.025, 'max_concurrent_trades': 10}",-1.8612,-0.6662,-13.695,13.8727,38.1,294,0.4501,ok
standard,"{'prob_threshold': 0.3, 'kelly_multiplier': 0.6, 'kelly_cap': 0.2, 'profit_threshold': 0.05, 'hard_stop_loss': 0.035, 'max_concurrent_trades': 5}",0.1899,0.0343,0.6432,1.2279,56.82,44,1.1739,ok
standard,"{'prob_threshold': 0.3, 'kelly_multiplier': 0.6, 'kelly_cap': 0.2, 'profit_threshold': 0.05, 'hard_stop_loss': 0.035, 'max_concurrent_trades': 10}",0.1522,0.0277,0.5046,1.2279,55.32,47,1.13,ok
standard,"{'prob_threshold': 0.3, 'kelly_multiplier': 0.6, 'kelly_cap': 0.2, 'profit_threshold': 0.06, 'hard_stop_loss': 0.025, 'max_concurrent_trades': 10}",-1.1331,-0.3945,-7.6664,9.3908,39.45,256,0.6117,ok
standard,"{'prob_threshold': 0.3, 'kelly_multiplier': 0.6, 'kelly_cap': 0.2, 'profit_threshold': 0.06, 'hard_stop_loss': 0.03, 'max_concurrent_trades': 5}",-0.2282,-0.0468,-0.8955,1.966,48.33,60,0.8214,ok
standard,"{'prob_threshold': 0.3, 'kelly_multiplier': 0.6, 'kelly_cap': 0.2, 'profit_threshold': 0.06, 'hard_stop_loss': 0.03, 'max_concurrent_trades': 10}",0.0645,0.0155,0.266,1.5637,52.44,82,1.0425,ok
standard,"{'prob_threshold': 0.3, 'kelly_multiplier': 0.6, 'kelly_cap': 0.2, 'profit_threshold': 0.06, 'hard_stop_loss': 0.035, 'max_concurrent_trades': 5}",0.6966,0.1608,1.8461,0.4901,60.61,33,2.1528,ok
standard,"{'prob_threshold': 0.3, 'kelly_multiplier': 0.6, 'kelly_cap': 0.2, 'profit_threshold': 0.06, 'hard_stop_loss': 0.035, 'max_concurrent_trades': 10}",0.5656,0.1256,1.5102,0.6669,55.26,38,1.7692,ok
standard,"{'prob_threshold': 0.3, 'kelly_multiplier': 0.6, 'kelly_cap': 0.2, 'profit_threshold': 0.07, 'hard_stop_loss': 0.025, 'max_concurrent_trades': 5}",-0.0954,-0.0266,-0.4781,2.9134,42.19,64,0.9308,ok
standard,"{'prob_threshold': 0.3, 'kelly_multiplier': 0.6, 'kelly_cap': 0.2, 'profit_threshold': 0.07, 'hard_stop_loss': 0.025, 'max_concurrent_trades': 10}",-0.2773,-0.0748,-1.6468,3.9033,41.38,87,0.8367,ok
standard,"{'prob_threshold': 0.3, 'kelly_multiplier': 0.6, 'kelly_cap': 0.2, 'profit_threshold': 0.07, 'hard_stop_loss': 0.03, 'max_concurrent_trades': 5}",0.2638,0.0621,0.8563,1.3929,48.94,47,1.2842,ok
standard,"{'prob_threshold': 0.3, 'kelly_multiplier': 0.6, 'kelly_cap': 0.2, 'profit_threshold': 0.07, 'hard_stop_loss': 0.03, 'max_concurrent_trades': 10}",0.4816,0.1385,1.8439,0.8967,52.46,61,1.5067,ok
standard,"{'prob_threshold': 0.3, 'kelly_multiplier': 0.6, 'kelly_cap': 0.2, 'profit_threshold': 0.06, 'hard_stop_loss': 0.025, 'max_concurrent_trades': 5}",-1.4501,-0.397,-7.2105,7.2105,38.46,169,0.4579,ok
standard,"{'prob_threshold': 0.3, 'kelly_multiplier': 0.6, 'kelly_cap': 0.2, 'profit_threshold': 0.07, 'hard_stop_loss': 0.035, 'max_concurrent_trades': 5}",0.7886,0.2747,2.0011,0.2174,55.56,18,3.8972,ok
standard,"{'prob_threshold': 0.3, 'kelly_multiplier': 0.6, 'kelly_cap': 0.3, 'profit_threshold': 0.05, 'hard_stop_loss': 0.025, 'max_concurrent_trades': 5}",-1.8148,-0.5561,-11.1834,11.1834,36.92,195,0.3877,ok
standard,"{'prob_threshold': 0.3, 'kelly_multiplier': 0.6, 'kelly_cap': 0.3, 'profit_threshold': 0.05, 'hard_stop_loss': 0.025, 'max_concurrent_trades': 10}",-1.7325,-0.6296,-13.5851,13.9506,38.1,294,0.4702,ok
standard,"{'prob_threshold': 0.3, 'kelly_multiplier': 0.6, 'kelly_cap': 0.3, 'profit_threshold': 0.05, 'hard_stop_loss': 0.03, 'max_concurrent_trades': 5}",-0.5862,-0.1136,-2.7881,3.3443,48.48,66,0.6245,ok
standard,"{'prob_threshold': 0.3, 'kelly_multiplier': 0.6, 'kelly_cap': 0.3, 'profit_threshold': 0.05, 'hard_stop_loss': 0.03, 'max_concurrent_trades': 10}",-0.3214,-0.0677,-1.7618,3.195,52.22,90,0.8069,ok
standard,"{'prob_threshold': 0.3, 'kelly_multiplier': 0.6, 'kelly_cap': 0.3, 'profit_threshold': 0.05, 'hard_stop_loss': 0.035, 'max_concurrent_trades': 5}",0.2146,0.0393,0.7383,1.2279,56.82,44,1.1995,ok
standard,"{'prob_threshold': 0.3, 'kelly_multiplier': 0.6, 'kelly_cap': 0.3, 'profit_threshold': 0.05, 'hard_stop_loss': 0.035, 'max_concurrent_trades': 10}",0.1779,0.0328,0.5997,1.2279,55.32,47,1.1544,ok
standard,"{'prob_threshold': 0.3, 'kelly_multiplier': 0.6, 'kelly_cap': 0.3, 'profit_threshold': 0.06, 'hard_stop_loss': 0.025, 'max_concurrent_trades': 5}",-1.3743,-0.3825,-7.2274,7.2274,38.46,169,0.4665,ok
standard,"{'prob_threshold': 0.3, 'kelly_multiplier': 0.6, 'kelly_cap': 0.3, 'profit_threshold': 0.06, 'hard_stop_loss': 0.025, 'max_concurrent_trades': 10}",-1.0042,-0.3592,-7.1916,9.3052,39.45,256,0.6418,ok
standard,"{'prob_threshold': 0.3, 'kelly_multiplier': 0.6, 'kelly_cap': 0.3, 'profit_threshold': 0.06, 'hard_stop_loss': 0.03, 'max_concurrent_trades': 5}",-0.2125,-0.0433,-0.886,1.966,48.33,60,0.8285,ok
standard,"{'prob_threshold': 0.3, 'kelly_multiplier': 0.6, 'kelly_cap': 0.2, 'profit_threshold': 0.07, 'hard_stop_loss': 0.035, 'max_concurrent_trades': 10}",0.6596,0.2013,1.7002,0.4573,47.62,21,2.7146,ok
standard,"{'prob_threshold': 0.3, 'kelly_multiplier': 0.6, 'kelly_cap': 0.3, 'profit_threshold': 0.06, 'hard_stop_loss': 0.03, 'max_concurrent_trades': 10}",0.1022,0.0246,0.459,1.5637,52.44,82,1.0715,ok
standard,"{'prob_threshold': 0.3, 'kelly_multiplier': 0.6, 'kelly_cap': 0.3, 'profit_threshold': 0.06, 'hard_stop_loss': 0.035, 'max_concurrent_trades': 5}",0.7126,0.1695,1.9466,0.4901,60.61,33,2.2148,ok
standard,"{'prob_threshold': 0.3, 'kelly_multiplier': 0.6, 'kelly_cap': 0.3, 'profit_threshold': 0.06, 'hard_stop_loss': 0.035, 'max_concurrent_trades': 10}",0.5859,0.1339,1.6104,0.6669,55.26,38,1.8196,ok
standard,"{'prob_threshold': 0.3, 'kelly_multiplier': 0.6, 'kelly_cap': 0.3, 'profit_threshold': 0.07, 'hard_stop_loss': 0.025, 'max_concurrent_trades': 5}",0.0231,0.007,0.0938,2.9133,42.19,64,1.0135,ok
standard,"{'prob_threshold': 0.3, 'kelly_multiplier': 0.6, 'kelly_cap': 0.3, 'profit_threshold': 0.07, 'hard_stop_loss': 0.025, 'max_concurrent_trades': 10}",-0.1702,-0.0483,-1.082,3.9032,41.38,87,0.8932,ok
standard,"{'prob_threshold': 0.3, 'kelly_multiplier': 0.6, 'kelly_cap': 0.3, 'profit_threshold': 0.07, 'hard_stop_loss': 0.03, 'max_concurrent_trades': 5}",0.3185,0.0802,1.1088,1.3929,48.94,47,1.3673,ok
standard,"{'prob_threshold': 0.3, 'kelly_multiplier': 0.6, 'kelly_cap': 0.3, 'profit_threshold': 0.07, 'hard_stop_loss': 0.03, 'max_concurrent_trades': 10}",0.5208,0.1575,2.0988,0.8967,52.46,61,1.5757,ok
standard,"{'prob_threshold': 0.3, 'kelly_multiplier': 0.6, 'kelly_cap': 0.3, 'profit_threshold': 0.07, 'hard_stop_loss': 0.035, 'max_concurrent_trades': 5}",0.789,0.2781,2.0264,0.2174,55.56,18,3.9334,ok
standard,"{'prob_threshold': 0.3, 'kelly_multiplier': 0.6, 'kelly_cap': 0.3, 'profit_threshold': 0.07, 'hard_stop_loss': 0.035, 'max_concurrent_trades': 10}",0.6617,0.2043,1.7254,0.4573,47.62,21,2.7397,ok
standard,"{'prob_threshold': 0.3, 'kelly_multiplier': 0.8, 'kelly_cap': 0.2, 'profit_threshold': 0.05, 'hard_stop_loss': 0.025, 'max_concurrent_trades': 5}",-1.9471,-0.6036,-14.3236,14.3236,34.47,206,0.3711,ok
standard,"{'prob_threshold': 0.3, 'kelly_multiplier': 0.8, 'kelly_cap': 0.2, 'profit_threshold': 0.05, 'hard_stop_loss': 0.025, 'max_concurrent_trades': 10}",-2.0758,-0.7734,-19.1405,19.1405,35.83,321,0.4192,ok
standard,"{'prob_threshold': 0.3, 'kelly_multiplier': 0.8, 'kelly_cap': 0.2, 'profit_threshold': 0.05, 'hard_stop_loss': 0.03, 'max_concurrent_trades': 5}",-0.4485,-0.0908,-2.6537,3.3282,50.0,72,0.7047,ok
standard,"{'prob_threshold': 0.3, 'kelly_multiplier': 0.8, 'kelly_cap': 0.2, 'profit_threshold': 0.05, 'hard_stop_loss': 0.03, 'max_concurrent_trades': 10}",-0.5378,-0.1152,-3.5397,5.0763,48.98,98,0.7085,ok
standard,"{'prob_threshold': 0.3, 'kelly_multiplier': 0.8, 'kelly_cap': 0.2, 'profit_threshold': 0.05, 'hard_stop_loss': 0.035, 'max_concurrent_trades': 5}",0.1873,0.0348,0.842,1.6788,58.33,48,1.1681,ok
standard,"{'prob_threshold': 0.3, 'kelly_multiplier': 0.8, 'kelly_cap': 0.2, 'profit_threshold': 0.05, 'hard_stop_loss': 0.035, 'max_concurrent_trades': 10}",0.1497,0.0279,0.6572,1.6788,56.86,51,1.1251,ok
standard,"{'prob_threshold': 0.3, 'kelly_multiplier': 0.8, 'kelly_cap': 0.2, 'profit_threshold': 0.06, 'hard_stop_loss': 0.025, 'max_concurrent_trades': 5}",-1.5537,-0.438,-10.1641,10.1641,36.52,178,0.4334,ok
standard,"{'prob_threshold': 0.3, 'kelly_multiplier': 0.8, 'kelly_cap': 0.2, 'profit_threshold': 0.06, 'hard_stop_loss': 0.025, 'max_concurrent_trades': 10}",-1.2882,-0.4573,-11.3183,13.5147,38.83,273,0.5714,ok
standard,"{'prob_threshold': 0.3, 'kelly_multiplier': 0.8, 'kelly_cap': 0.2, 'profit_threshold': 0.06, 'hard_stop_loss': 0.03, 'max_concurrent_trades': 5}",-0.1275,-0.03,-0.6324,2.057,48.44,64,0.8949,ok
standard,"{'prob_threshold': 0.3, 'kelly_multiplier': 0.8, 'kelly_cap': 0.2, 'profit_threshold': 0.06, 'hard_stop_loss': 0.03, 'max_concurrent_trades': 10}",-0.0094,-0.0024,-0.0859,2.1732,51.14,88,0.9898,ok
standard,"{'prob_threshold': 0.3, 'kelly_multiplier': 0.8, 'kelly_cap': 0.2, 'profit_threshold': 0.06, 'hard_stop_loss': 0.035, 'max_concurrent_trades': 5}",0.6748,0.1412,2.4123,0.6416,58.82,34,2.0968,ok
standard,"{'prob_threshold': 0.3, 'kelly_multiplier': 0.8, 'kelly_cap': 0.2, 'profit_threshold': 0.06, 'hard_stop_loss': 0.035, 'max_concurrent_trades': 10}",0.5423,0.1243,1.9227,0.9154,53.66,41,1.6948,ok
standard,"{'prob_threshold': 0.3, 'kelly_multiplier': 0.8, 'kelly_cap': 0.2, 'profit_threshold': 0.07, 'hard_stop_loss': 0.025, 'max_concurrent_trades': 5}",-0.0961,-0.0268,-0.6514,3.8729,42.19,64,0.9295,ok
standard,"{'prob_threshold': 0.3, 'kelly_multiplier': 0.8, 'kelly_cap': 0.2, 'profit_threshold': 0.07, 'hard_stop_loss': 0.025, 'max_concurrent_trades': 10}",-0.2783,-0.0751,-2.2117,5.1816,41.38,87,0.8358,ok
standard,"{'prob_threshold': 0.3, 'kelly_multiplier': 0.4, 'kelly_cap': 0.2, 'profit_threshold': 0.07, 'hard_stop_loss': 0.035, 'max_concurrent_trades': 10}",0.6738,0.2022,1.153,0.2909,50.0,18,2.9234,ok
standard,"{'prob_threshold': 0.3, 'kelly_multiplier': 0.8, 'kelly_cap': 0.2, 'profit_threshold': 0.07, 'hard_stop_loss': 0.03, 'max_concurrent_trades': 5}",0.3104,0.0721,1.3374,1.8541,51.06,47,1.3465,ok
standard,"{'prob_threshold': 0.3, 'kelly_multiplier': 0.8, 'kelly_cap': 0.2, 'profit_threshold': 0.07, 'hard_stop_loss': 0.03, 'max_concurrent_trades': 10}",0.4366,0.1278,2.214,1.403,51.61,62,1.4487,ok
standard,"{'prob_threshold': 0.3, 'kelly_multiplier': 0.8, 'kelly_cap': 0.2, 'profit_threshold': 0.07, 'hard_stop_loss': 0.035, 'max_concurrent_trades': 10}",0.6519,0.2162,2.2463,0.6091,45.83,24,2.5942,ok
standard,"{'prob_threshold': 0.3, 'kelly_multiplier': 0.8, 'kelly_cap': 0.3, 'profit_threshold': 0.05, 'hard_stop_loss': 0.025, 'max_concurrent_trades': 5}",-1.8363,-0.5753,-14.6226,14.6226,34.47,206,0.382,ok
standard,"{'prob_threshold': 0.3, 'kelly_multiplier': 0.8, 'kelly_cap': 0.3, 'profit_threshold': 0.05, 'hard_stop_loss': 0.025, 'max_concurrent_trades': 10}",-1.9242,-0.7306,-18.9803,18.9803,35.74,319,0.4327,ok
standard,"{'prob_threshold': 0.3, 'kelly_multiplier': 0.8, 'kelly_cap': 0.3, 'profit_threshold': 0.05, 'hard_stop_loss': 0.03, 'max_concurrent_trades': 5}",-0.4326,-0.0867,-2.714,3.3282,50.0,72,0.7092,ok
standard,"{'prob_threshold': 0.3, 'kelly_multiplier': 0.8, 'kelly_cap': 0.3, 'profit_threshold': 0.05, 'hard_stop_loss': 0.03, 'max_concurrent_trades': 10}",-0.4417,-0.0963,-3.134,5.0762,48.98,98,0.7464,ok
standard,"{'prob_threshold': 0.3, 'kelly_multiplier': 0.8, 'kelly_cap': 0.3, 'profit_threshold': 0.05, 'hard_stop_loss': 0.035, 'max_concurrent_trades': 5}",0.2121,0.0399,0.9691,1.6788,58.33,48,1.1932,ok
standard,"{'prob_threshold': 0.3, 'kelly_multiplier': 0.8, 'kelly_cap': 0.3, 'profit_threshold': 0.05, 'hard_stop_loss': 0.035, 'max_concurrent_trades': 10}",0.1754,0.0332,0.7841,1.6788,56.86,51,1.1492,ok
standard,"{'prob_threshold': 0.3, 'kelly_multiplier': 0.8, 'kelly_cap': 0.3, 'profit_threshold': 0.06, 'hard_stop_loss': 0.025, 'max_concurrent_trades': 5}",-1.4724,-0.422,-10.1869,10.1869,36.52,178,0.4422,ok
standard,"{'prob_threshold': 0.3, 'kelly_multiplier': 0.8, 'kelly_cap': 0.3, 'profit_threshold': 0.06, 'hard_stop_loss': 0.025, 'max_concurrent_trades': 10}",-1.1865,-0.4312,-10.9533,13.4792,38.83,273,0.5909,ok
standard,"{'prob_threshold': 0.3, 'kelly_multiplier': 0.8, 'kelly_cap': 0.3, 'profit_threshold': 0.06, 'hard_stop_loss': 0.03, 'max_concurrent_trades': 5}",-0.1163,-0.027,-0.6206,2.057,48.44,64,0.9003,ok
standard,"{'prob_threshold': 0.3, 'kelly_multiplier': 0.8, 'kelly_cap': 0.3, 'profit_threshold': 0.06, 'hard_stop_loss': 0.03, 'max_concurrent_trades': 10}",0.0337,0.0085,0.1691,2.1732,51.14,88,1.0197,ok
standard,"{'prob_threshold': 0.3, 'kelly_multiplier': 0.8, 'kelly_cap': 0.3, 'profit_threshold': 0.06, 'hard_stop_loss': 0.035, 'max_concurrent_trades': 5}",0.6915,0.149,2.5469,0.6416,58.82,34,2.1569,ok
standard,"{'prob_threshold': 0.3, 'kelly_multiplier': 0.8, 'kelly_cap': 0.3, 'profit_threshold': 0.06, 'hard_stop_loss': 0.035, 'max_concurrent_trades': 10}",0.5632,0.1329,2.0568,0.9154,53.66,41,1.7425,ok
standard,"{'prob_threshold': 0.3, 'kelly_multiplier': 0.8, 'kelly_cap': 0.3, 'profit_threshold': 0.07, 'hard_stop_loss': 0.025, 'max_concurrent_trades': 5}",0.0222,0.0068,0.1074,3.8728,42.19,64,1.0115,ok
standard,"{'prob_threshold': 0.3, 'kelly_multiplier': 0.8, 'kelly_cap': 0.3, 'profit_threshold': 0.07, 'hard_stop_loss': 0.025, 'max_concurrent_trades': 10}",-0.1713,-0.0486,-1.4655,5.1816,41.38,87,0.8919,ok
standard,"{'prob_threshold': 0.3, 'kelly_multiplier': 0.8, 'kelly_cap': 0.3, 'profit_threshold': 0.07, 'hard_stop_loss': 0.03, 'max_concurrent_trades': 5}",0.3623,0.0901,1.6747,1.8541,51.06,47,1.4328,ok
standard,"{'prob_threshold': 0.3, 'kelly_multiplier': 0.8, 'kelly_cap': 0.3, 'profit_threshold': 0.07, 'hard_stop_loss': 0.03, 'max_concurrent_trades': 10}",0.478,0.1472,2.5542,1.403,51.61,62,1.5164,ok
standard,"{'prob_threshold': 0.3, 'kelly_multiplier': 0.8, 'kelly_cap': 0.3, 'profit_threshold': 0.07, 'hard_stop_loss': 0.035, 'max_concurrent_trades': 5}",0.8162,0.3171,2.7982,0.2898,55.0,20,4.1339,ok
standard,"{'prob_threshold': 0.3, 'kelly_multiplier': 0.8, 'kelly_cap': 0.3, 'profit_threshold': 0.07, 'hard_stop_loss': 0.035, 'max_concurrent_trades': 10}",0.6541,0.2194,2.2801,0.6091,45.83,24,2.6178,ok
standard,"{'prob_threshold': 0.4, 'kelly_multiplier': 0.4, 'kelly_cap': 0.2, 'profit_threshold': 0.05, 'hard_stop_loss': 0.025, 'max_concurrent_trades': 5}",-0.4255,-0.0726,-1.6923,2.6153,53.7,54,0.7374,ok
standard,"{'prob_threshold': 0.4, 'kelly_multiplier': 0.4, 'kelly_cap': 0.2, 'profit_threshold': 0.05, 'hard_stop_loss': 0.025, 'max_concurrent_trades': 10}",-0.4065,-0.0745,-1.7208,2.4931,53.62,69,0.7749,ok
standard,"{'prob_threshold': 0.4, 'kelly_multiplier': 0.4, 'kelly_cap': 0.2, 'profit_threshold': 0.05, 'hard_stop_loss': 0.03, 'max_concurrent_trades': 5}",-0.3424,-0.0595,-1.1052,1.9651,53.7,54,0.7715,ok
standard,"{'prob_threshold': 0.3, 'kelly_multiplier': 0.4, 'kelly_cap': 0.3, 'profit_threshold': 0.07, 'hard_stop_loss': 0.025, 'max_concurrent_trades': 5}",0.0239,0.0073,0.0714,1.948,42.19,64,1.0155,ok
standard,"{'prob_threshold': 0.4, 'kelly_multiplier': 0.4, 'kelly_cap': 0.2, 'profit_threshold': 0.05, 'hard_stop_loss': 0.03, 'max_concurrent_trades': 10}",-0.2961,-0.0546,-0.9884,1.8237,53.62,69,0.8199,ok
standard,"{'prob_threshold': 0.4, 'kelly_multiplier': 0.4, 'kelly_cap': 0.2, 'profit_threshold': 0.05, 'hard_stop_loss': 0.035, 'max_concurrent_trades': 5}",0.254,0.0426,0.5714,0.6565,60.53,38,1.2519,ok
standard,"{'prob_threshold': 0.4, 'kelly_multiplier': 0.4, 'kelly_cap': 0.2, 'profit_threshold': 0.05, 'hard_stop_loss': 0.035, 'max_concurrent_trades': 10}",0.217,0.0368,0.479,0.6565,58.54,41,1.2003,ok
standard,"{'prob_threshold': 0.4, 'kelly_multiplier': 0.4, 'kelly_cap': 0.2, 'profit_threshold': 0.06, 'hard_stop_loss': 0.025, 'max_concurrent_trades': 5}",0.4576,0.0528,1.2282,0.3892,65.0,20,1.6913,ok
standard,"{'prob_threshold': 0.4, 'kelly_multiplier': 0.4, 'kelly_cap': 0.2, 'profit_threshold': 0.06, 'hard_stop_loss': 0.025, 'max_concurrent_trades': 10}",0.471,0.0544,1.2653,0.36,66.67,21,1.712,ok
standard,"{'prob_threshold': 0.4, 'kelly_multiplier': 0.4, 'kelly_cap': 0.2, 'profit_threshold': 0.06, 'hard_stop_loss': 0.03, 'max_concurrent_trades': 5}",0.5038,0.0583,1.132,0.4244,65.0,20,1.8279,ok
standard,"{'prob_threshold': 0.3, 'kelly_multiplier': 0.4, 'kelly_cap': 0.3, 'profit_threshold': 0.07, 'hard_stop_loss': 0.025, 'max_concurrent_trades': 10}",-0.169,-0.048,-0.7099,2.6136,41.38,87,0.8946,ok
standard,"{'prob_threshold': 0.4, 'kelly_multiplier': 0.4, 'kelly_cap': 0.2, 'profit_threshold': 0.06, 'hard_stop_loss': 0.03, 'max_concurrent_trades': 10}",0.5163,0.0598,1.1608,0.4,66.67,21,1.8488,ok
standard,"{'prob_threshold': 0.4, 'kelly_multiplier': 0.4, 'kelly_cap': 0.2, 'profit_threshold': 0.06, 'hard_stop_loss': 0.035, 'max_concurrent_trades': 5}",0.8817,0.1371,1.4192,0.2221,70.0,20,3.342,ok
standard,"{'prob_threshold': 0.4, 'kelly_multiplier': 0.4, 'kelly_cap': 0.2, 'profit_threshold': 0.06, 'hard_stop_loss': 0.035, 'max_concurrent_trades': 10}",0.8937,0.1391,1.4393,0.2221,71.43,21,3.3748,ok
standard,"{'prob_threshold': 0.4, 'kelly_multiplier': 0.4, 'kelly_cap': 0.2, 'profit_threshold': 0.07, 'hard_stop_loss': 0.025, 'max_concurrent_trades': 10}",0.877,1.754,1.4204,0.0,100.0,4,0.0,ok
standard,"{'prob_threshold': 0.4, 'kelly_multiplier': 0.4, 'kelly_cap': 0.2, 'profit_threshold': 0.07, 'hard_stop_loss': 0.03, 'max_concurrent_trades': 5}",0.8713,1.7426,1.3609,0.0,100.0,4,0.0,ok
standard,"{'prob_threshold': 0.4, 'kelly_multiplier': 0.4, 'kelly_cap': 0.2, 'profit_threshold': 0.07, 'hard_stop_loss': 0.035, 'max_concurrent_trades': 5}",0.8487,1.6974,1.2341,0.0,100.0,4,0.0,ok
standard,"{'prob_threshold': 0.4, 'kelly_multiplier': 0.4, 'kelly_cap': 0.2, 'profit_threshold': 0.07, 'hard_stop_loss': 0.035, 'max_concurrent_trades': 10}",0.8487,1.6974,1.2341,0.0,100.0,4,0.0,ok
standard,"{'prob_threshold': 0.4, 'kelly_multiplier': 0.4, 'kelly_cap': 0.3, 'profit_threshold': 0.05, 'hard_stop_loss': 0.025, 'max_concurrent_trades': 5}",-0.3205,-0.0564,-1.437,2.6744,53.7,54,0.7928,ok
standard,"{'prob_threshold': 0.4, 'kelly_multiplier': 0.4, 'kelly_cap': 0.3, 'profit_threshold': 0.05, 'hard_stop_loss': 0.025, 'max_concurrent_trades': 10}",-0.2984,-0.0555,-1.3955,2.5523,53.62,69,0.8286,ok
standard,"{'prob_threshold': 0.4, 'kelly_multiplier': 0.4, 'kelly_cap': 0.3, 'profit_threshold': 0.05, 'hard_stop_loss': 0.03, 'max_concurrent_trades': 5}",-0.2937,-0.0514,-1.0138,1.9651,53.7,54,0.7978,ok
standard,"{'prob_threshold': 0.4, 'kelly_multiplier': 0.4, 'kelly_cap': 0.3, 'profit_threshold': 0.05, 'hard_stop_loss': 0.03, 'max_concurrent_trades': 10}",-0.2414,-0.0446,-0.8584,1.8237,53.62,69,0.8485,ok
standard,"{'prob_threshold': 0.4, 'kelly_multiplier': 0.4, 'kelly_cap': 0.3, 'profit_threshold': 0.05, 'hard_stop_loss': 0.035, 'max_concurrent_trades': 5}",0.2781,0.0473,0.6348,0.6565,60.53,38,1.2798,ok
standard,"{'prob_threshold': 0.4, 'kelly_multiplier': 0.4, 'kelly_cap': 0.3, 'profit_threshold': 0.05, 'hard_stop_loss': 0.035, 'max_concurrent_trades': 10}",0.2421,0.0416,0.5424,0.6565,58.54,41,1.2267,ok
standard,"{'prob_threshold': 0.4, 'kelly_multiplier': 0.4, 'kelly_cap': 0.3, 'profit_threshold': 0.06, 'hard_stop_loss': 0.025, 'max_concurrent_trades': 5}",0.5038,0.0595,1.577,0.5266,65.0,20,1.8109,ok
standard,"{'prob_threshold': 0.4, 'kelly_multiplier': 0.4, 'kelly_cap': 0.3, 'profit_threshold': 0.06, 'hard_stop_loss': 0.025, 'max_concurrent_trades': 10}",0.5155,0.0609,1.6146,0.5266,66.67,21,1.83,ok
standard,"{'prob_threshold': 0.4, 'kelly_multiplier': 0.4, 'kelly_cap': 0.3, 'profit_threshold': 0.06, 'hard_stop_loss': 0.03, 'max_concurrent_trades': 5}",0.5039,0.0578,1.2628,0.5019,65.0,20,1.8593,ok
standard,"{'prob_threshold': 0.4, 'kelly_multiplier': 0.4, 'kelly_cap': 0.3, 'profit_threshold': 0.06, 'hard_stop_loss': 0.03, 'max_concurrent_trades': 10}",0.5151,0.0591,1.2916,0.5019,66.67,21,1.8788,ok
standard,"{'prob_threshold': 0.4, 'kelly_multiplier': 0.4, 'kelly_cap': 0.2, 'profit_threshold': 0.07, 'hard_stop_loss': 0.03, 'max_concurrent_trades': 10}",0.8713,1.7426,1.3609,0.0,100.0,4,0.0,ok
standard,"{'prob_threshold': 0.4, 'kelly_multiplier': 0.4, 'kelly_cap': 0.3, 'profit_threshold': 0.06, 'hard_stop_loss': 0.035, 'max_concurrent_trades': 5}",0.8913,0.1436,1.486,0.2221,70.0,20,3.4514,ok
standard,"{'prob_threshold': 0.4, 'kelly_multiplier': 0.4, 'kelly_cap': 0.3, 'profit_threshold': 0.06, 'hard_stop_loss': 0.035, 'max_concurrent_trades': 10}",0.903,0.1455,1.5062,0.2221,71.43,21,3.4841,ok
standard,"{'prob_threshold': 0.4, 'kelly_multiplier': 0.4, 'kelly_cap': 0.2, 'profit_threshold': 0.07, 'hard_stop_loss': 0.025, 'max_concurrent_trades': 5}",0.877,1.754,1.4204,0.0,100.0,4,0.0,ok
standard,"{'prob_threshold': 0.4, 'kelly_multiplier': 0.4, 'kelly_cap': 0.3, 'profit_threshold': 0.07, 'hard_stop_loss': 0.025, 'max_concurrent_trades': 5}",0.8607,1.7214,1.8108,0.0,100.0,4,0.0,ok
standard,"{'prob_threshold': 0.4, 'kelly_multiplier': 0.4, 'kelly_cap': 0.3, 'profit_threshold': 0.07, 'hard_stop_loss': 0.025, 'max_concurrent_trades': 10}",0.8607,1.7214,1.8108,0.0,100.0,4,0.0,ok
standard,"{'prob_threshold': 0.4, 'kelly_multiplier': 0.4, 'kelly_cap': 0.3, 'profit_threshold': 0.07, 'hard_stop_loss': 0.03, 'max_concurrent_trades': 5}",0.8553,1.7105,1.5306,0.0,100.0,4,0.0,ok
standard,"{'prob_threshold': 0.4, 'kelly_multiplier': 0.4, 'kelly_cap': 0.3, 'profit_threshold': 0.07, 'hard_stop_loss': 0.03, 'max_concurrent_trades': 10}",0.8553,1.7105,1.5306,0.0,100.0,4,0.0,ok
standard,"{'prob_threshold': 0.4, 'kelly_multiplier': 0.4, 'kelly_cap': 0.3, 'profit_threshold': 0.07, 'hard_stop_loss': 0.035, 'max_concurrent_trades': 5}",0.8465,1.693,1.2509,0.0,100.0,4,0.0,ok
standard,"{'prob_threshold': 0.4, 'kelly_multiplier': 0.6, 'kelly_cap': 0.2, 'profit_threshold': 0.05, 'hard_stop_loss': 0.025, 'max_concurrent_trades': 10}",-0.4213,-0.077,-2.6684,3.7257,53.62,69,0.7669,ok
standard,"{'prob_threshold': 0.4, 'kelly_multiplier': 0.4, 'kelly_cap': 0.3, 'profit_threshold': 0.07, 'hard_stop_loss': 0.035, 'max_concurrent_trades': 10}",0.8465,1.693,1.2509,0.0,100.0,4,0.0,ok
standard,"{'prob_threshold': 0.4, 'kelly_multiplier': 0.6, 'kelly_cap': 0.2, 'profit_threshold': 0.05, 'hard_stop_loss': 0.025, 'max_concurrent_trades': 5}",-0.4257,-0.0726,-2.5407,3.906,53.7,54,0.7371,ok
standard,"{'prob_threshold': 0.4, 'kelly_multiplier': 0.6, 'kelly_cap': 0.2, 'profit_threshold': 0.05, 'hard_stop_loss': 0.03, 'max_concurrent_trades': 5}",-0.3425,-0.0596,-1.6619,2.9377,53.7,54,0.7709,ok
standard,"{'prob_threshold': 0.4, 'kelly_multiplier': 0.6, 'kelly_cap': 0.2, 'profit_threshold': 0.05, 'hard_stop_loss': 0.03, 'max_concurrent_trades': 10}",-0.2963,-0.0546,-1.4879,2.7279,53.62,69,0.8192,ok
standard,"{'prob_threshold': 0.4, 'kelly_multiplier': 0.6, 'kelly_cap': 0.2, 'profit_threshold': 0.06, 'hard_stop_loss': 0.025, 'max_concurrent_trades': 5}",0.4582,0.0529,1.8448,0.5846,65.0,20,1.6915,ok
standard,"{'prob_threshold': 0.4, 'kelly_multiplier': 0.6, 'kelly_cap': 0.2, 'profit_threshold': 0.05, 'hard_stop_loss': 0.035, 'max_concurrent_trades': 5}",0.1899,0.0343,0.6432,1.2279,56.82,44,1.1739,ok
standard,"{'prob_threshold': 0.4, 'kelly_multiplier': 0.6, 'kelly_cap': 0.2, 'profit_threshold': 0.05, 'hard_stop_loss': 0.035, 'max_concurrent_trades': 10}",0.1522,0.0277,0.5046,1.2279,55.32,47,1.13,ok
standard,"{'prob_threshold': 0.4, 'kelly_multiplier': 0.6, 'kelly_cap': 0.2, 'profit_threshold': 0.06, 'hard_stop_loss': 0.025, 'max_concurrent_trades': 10}",0.4716,0.0545,1.9008,0.54,66.67,21,1.7122,ok
standard,"{'prob_threshold': 0.4, 'kelly_multiplier': 0.6, 'kelly_cap': 0.2, 'profit_threshold': 0.06, 'hard_stop_loss': 0.03, 'max_concurrent_trades': 5}",0.5042,0.0584,1.7001,0.6371,65.0,20,1.8281,ok
standard,"{'prob_threshold': 0.4, 'kelly_multiplier': 0.6, 'kelly_cap': 0.2, 'profit_threshold': 0.06, 'hard_stop_loss': 0.03, 'max_concurrent_trades': 10}",0.5166,0.0598,1.7434,0.6,66.67,21,1.849,ok
standard,"{'prob_threshold': 0.4, 'kelly_multiplier': 0.6, 'kelly_cap': 0.2, 'profit_threshold': 0.06, 'hard_stop_loss': 0.035, 'max_concurrent_trades': 5}",0.8819,0.1372,2.1347,0.3331,70.0,20,3.3404,ok
standard,"{'prob_threshold': 0.4, 'kelly_multiplier': 0.6, 'kelly_cap': 0.2, 'profit_threshold': 0.06, 'hard_stop_loss': 0.035, 'max_concurrent_trades': 10}",0.8939,0.1391,2.165,0.3331,71.43,21,3.3731,ok
standard,"{'prob_threshold': 0.4, 'kelly_multiplier': 0.6, 'kelly_cap': 0.2, 'profit_threshold': 0.07, 'hard_stop_loss': 0.025, 'max_concurrent_trades': 10}",0.877,1.7541,2.1352,0.0,100.0,4,0.0,ok
standard,"{'prob_threshold': 0.4, 'kelly_multiplier': 0.6, 'kelly_cap': 0.2, 'profit_threshold': 0.07, 'hard_stop_loss': 0.03, 'max_concurrent_trades': 5}",0.8714,1.7427,2.0455,0.0,100.0,4,0.0,ok
standard,"{'prob_threshold': 0.4, 'kelly_multiplier': 0.6, 'kelly_cap': 0.2, 'profit_threshold': 0.07, 'hard_stop_loss': 0.03, 'max_concurrent_trades': 10}",0.8714,1.7427,2.0455,0.0,100.0,4,0.0,ok
standard,"{'prob_threshold': 0.4, 'kelly_multiplier': 0.6, 'kelly_cap': 0.2, 'profit_threshold': 0.07, 'hard_stop_loss': 0.025, 'max_concurrent_trades': 5}",0.877,1.7541,2.1352,0.0,100.0,4,0.0,ok
standard,"{'prob_threshold': 0.4, 'kelly_multiplier': 0.6, 'kelly_cap': 0.3, 'profit_threshold': 0.05, 'hard_stop_loss': 0.025, 'max_concurrent_trades': 5}",-0.3207,-0.0564,-2.1639,3.9938,53.7,54,0.7921,ok
standard,"{'prob_threshold': 0.4, 'kelly_multiplier': 0.6, 'kelly_cap': 0.2, 'profit_threshold': 0.07, 'hard_stop_loss': 0.035, 'max_concurrent_trades': 5}",0.8488,1.6975,1.8545,0.0,100.0,4,0.0,ok
standard,"{'prob_threshold': 0.4, 'kelly_multiplier': 0.6, 'kelly_cap': 0.2, 'profit_threshold': 0.07, 'hard_stop_loss': 0.035, 'max_concurrent_trades': 10}",0.8488,1.6975,1.8545,0.0,100.0,4,0.0,ok
standard,"{'prob_threshold': 0.4, 'kelly_multiplier': 0.6, 'kelly_cap': 0.3, 'profit_threshold': 0.05, 'hard_stop_loss': 0.025, 'max_concurrent_trades': 10}",-0.3327,-0.0618,-2.3329,3.8136,52.24,67,0.8075,ok
standard,"{'prob_threshold': 0.4, 'kelly_multiplier': 0.6, 'kelly_cap': 0.3, 'profit_threshold': 0.05, 'hard_stop_loss': 0.03, 'max_concurrent_trades': 5}",-0.2939,-0.0514,-1.5271,2.9377,53.7,54,0.797,ok
standard,"{'prob_threshold': 0.4, 'kelly_multiplier': 0.6, 'kelly_cap': 0.3, 'profit_threshold': 0.05, 'hard_stop_loss': 0.03, 'max_concurrent_trades': 10}",-0.2417,-0.0447,-1.2955,2.7279,53.62,69,0.8477,ok
standard,"{'prob_threshold': 0.4, 'kelly_multiplier': 0.6, 'kelly_cap': 0.3, 'profit_threshold': 0.05, 'hard_stop_loss': 0.035, 'max_concurrent_trades': 5}",0.2146,0.0393,0.7383,1.2279,56.82,44,1.1995,ok
standard,"{'prob_threshold': 0.4, 'kelly_multiplier': 0.6, 'kelly_cap': 0.3, 'profit_threshold': 0.05, 'hard_stop_loss': 0.035, 'max_concurrent_trades': 10}",0.1779,0.0328,0.5997,1.2279,55.32,47,1.1544,ok
standard,"{'prob_threshold': 0.4, 'kelly_multiplier': 0.6, 'kelly_cap': 0.3, 'profit_threshold': 0.06, 'hard_stop_loss': 0.025, 'max_concurrent_trades': 5}",0.5043,0.0596,2.3698,0.7899,65.0,20,1.8112,ok
standard,"{'prob_threshold': 0.4, 'kelly_multiplier': 0.6, 'kelly_cap': 0.3, 'profit_threshold': 0.06, 'hard_stop_loss': 0.03, 'max_concurrent_trades': 10}",0.5154,0.0592,1.9397,0.7528,66.67,21,1.8789,ok
standard,"{'prob_threshold': 0.4, 'kelly_multiplier': 0.6, 'kelly_cap': 0.3, 'profit_threshold': 0.06, 'hard_stop_loss': 0.025, 'max_concurrent_trades': 10}",0.516,0.061,2.4265,0.7899,66.67,21,1.8303,ok
standard,"{'prob_threshold': 0.4, 'kelly_multiplier': 0.6, 'kelly_cap': 0.3, 'profit_threshold': 0.06, 'hard_stop_loss': 0.03, 'max_concurrent_trades': 5}",0.5042,0.0579,1.8964,0.7528,65.0,20,1.8594,ok
standard,"{'prob_threshold': 0.4, 'kelly_multiplier': 0.6, 'kelly_cap': 0.3, 'profit_threshold': 0.06, 'hard_stop_loss': 0.035, 'max_concurrent_trades': 5}",0.8915,0.1436,2.2356,0.3331,70.0,20,3.4497,ok
standard,"{'prob_threshold': 0.4, 'kelly_multiplier': 0.6, 'kelly_cap': 0.3, 'profit_threshold': 0.06, 'hard_stop_loss': 0.035, 'max_concurrent_trades': 10}",0.9031,0.1455,2.266,0.3331,71.43,21,3.4823,ok
standard,"{'prob_threshold': 0.4, 'kelly_multiplier': 0.6, 'kelly_cap': 0.3, 'profit_threshold': 0.07, 'hard_stop_loss': 0.025, 'max_concurrent_trades': 5}",0.8608,1.7216,2.7235,0.0,100.0,4,0.0,ok
standard,"{'prob_threshold': 0.4, 'kelly_multiplier': 0.6, 'kelly_cap': 0.3, 'profit_threshold': 0.07, 'hard_stop_loss': 0.025, 'max_concurrent_trades': 10}",0.8608,1.7216,2.7235,0.0,100.0,4,0.0,ok
standard,"{'prob_threshold': 0.4, 'kelly_multiplier': 0.6, 'kelly_cap': 0.3, 'profit_threshold': 0.07, 'hard_stop_loss': 0.03, 'max_concurrent_trades': 5}",0.8553,1.7107,2.3011,0.0,100.0,4,0.0,ok
standard,"{'prob_threshold': 0.4, 'kelly_multiplier': 0.6, 'kelly_cap': 0.3, 'profit_threshold': 0.07, 'hard_stop_loss': 0.03, 'max_concurrent_trades': 10}",0.8553,1.7107,2.3011,0.0,100.0,4,0.0,ok
standard,"{'prob_threshold': 0.4, 'kelly_multiplier': 0.6, 'kelly_cap': 0.3, 'profit_threshold': 0.07, 'hard_stop_loss': 0.035, 'max_concurrent_trades': 5}",0.8466,1.6932,1.8798,0.0,100.0,4,0.0,ok
standard,"{'prob_threshold': 0.4, 'kelly_multiplier': 0.6, 'kelly_cap': 0.3, 'profit_threshold': 0.07, 'hard_stop_loss': 0.035, 'max_concurrent_trades': 10}",0.8466,1.6932,1.8798,0.0,100.0,4,0.0,ok
standard,"{'prob_threshold': 0.4, 'kelly_multiplier': 0.8, 'kelly_cap': 0.2, 'profit_threshold': 0.05, 'hard_stop_loss': 0.025, 'max_concurrent_trades': 5}",-0.4259,-0.0727,-3.3904,5.1853,53.7,54,0.7367,ok
standard,"{'prob_threshold': 0.4, 'kelly_multiplier': 0.8, 'kelly_cap': 0.2, 'profit_threshold': 0.05, 'hard_stop_loss': 0.025, 'max_concurrent_trades': 10}",-0.3677,-0.0678,-3.0936,4.4583,52.24,67,0.7868,ok
standard,"{'prob_threshold': 0.4, 'kelly_multiplier': 0.8, 'kelly_cap': 0.2, 'profit_threshold': 0.05, 'hard_stop_loss': 0.035, 'max_concurrent_trades': 5}",0.1873,0.0348,0.842,1.6788,58.33,48,1.1681,ok
standard,"{'prob_threshold': 0.4, 'kelly_multiplier': 0.8, 'kelly_cap': 0.2, 'profit_threshold': 0.05, 'hard_stop_loss': 0.03, 'max_concurrent_trades': 5}",-0.3427,-0.0596,-2.2213,3.9039,53.7,54,0.7704,ok
standard,"{'prob_threshold': 0.4, 'kelly_multiplier': 0.8, 'kelly_cap': 0.2, 'profit_threshold': 0.05, 'hard_stop_loss': 0.03, 'max_concurrent_trades': 10}",-0.3285,-0.0604,-2.1946,3.627,52.94,68,0.7997,ok
standard,"{'prob_threshold': 0.4, 'kelly_multiplier': 0.8, 'kelly_cap': 0.2, 'profit_threshold': 0.05, 'hard_stop_loss': 0.035, 'max_concurrent_trades': 10}",0.1497,0.0279,0.6572,1.6788,56.86,51,1.1251,ok
standard,"{'prob_threshold': 0.4, 'kelly_multiplier': 0.8, 'kelly_cap': 0.2, 'profit_threshold': 0.06, 'hard_stop_loss': 0.025, 'max_concurrent_trades': 5}",0.4588,0.053,2.4632,0.7804,65.0,20,1.6917,ok
standard,"{'prob_threshold': 0.4, 'kelly_multiplier': 0.8, 'kelly_cap': 0.2, 'profit_threshold': 0.06, 'hard_stop_loss': 0.025, 'max_concurrent_trades': 10}",0.4722,0.0546,2.5381,0.72,66.67,21,1.7124,ok
standard,"{'prob_threshold': 0.4, 'kelly_multiplier': 0.8, 'kelly_cap': 0.2, 'profit_threshold': 0.06, 'hard_stop_loss': 0.03, 'max_concurrent_trades': 5}",0.5045,0.0584,2.2694,0.8502,65.0,20,1.8283,ok
standard,"{'prob_threshold': 0.4, 'kelly_multiplier': 0.8, 'kelly_cap': 0.2, 'profit_threshold': 0.06, 'hard_stop_loss': 0.03, 'max_concurrent_trades': 10}",0.5169,0.0599,2.3274,0.8,66.67,21,1.8491,ok
standard,"{'prob_threshold': 0.4, 'kelly_multiplier': 0.8, 'kelly_cap': 0.2, 'profit_threshold': 0.06, 'hard_stop_loss': 0.035, 'max_concurrent_trades': 5}",0.8821,0.1373,2.8542,0.4441,70.0,20,3.3389,ok
standard,"{'prob_threshold': 0.4, 'kelly_multiplier': 0.8, 'kelly_cap': 0.2, 'profit_threshold': 0.07, 'hard_stop_loss': 0.025, 'max_concurrent_trades': 10}",0.8771,1.7542,2.8529,0.0,100.0,4,0.0,ok
standard,"{'prob_threshold': 0.4, 'kelly_multiplier': 0.8, 'kelly_cap': 0.2, 'profit_threshold': 0.06, 'hard_stop_loss': 0.035, 'max_concurrent_trades': 10}",0.8941,0.1392,2.8949,0.4441,71.43,21,3.3714,ok
standard,"{'prob_threshold': 0.4, 'kelly_multiplier': 0.8, 'kelly_cap': 0.2, 'profit_threshold': 0.07, 'hard_stop_loss': 0.025, 'max_concurrent_trades': 5}",0.8771,1.7542,2.8529,0.0,100.0,4,0.0,ok
standard,"{'prob_threshold': 0.4, 'kelly_multiplier': 0.8, 'kelly_cap': 0.2, 'profit_threshold': 0.07, 'hard_stop_loss': 0.03, 'max_concurrent_trades': 5}",0.8714,1.7428,2.7329,0.0,100.0,4,0.0,ok
standard,"{'prob_threshold': 0.4, 'kelly_multiplier': 0.8, 'kelly_cap': 0.2, 'profit_threshold': 0.07, 'hard_stop_loss': 0.03, 'max_concurrent_trades': 10}",0.8714,1.7428,2.7329,0.0,100.0,4,0.0,ok
standard,"{'prob_threshold': 0.4, 'kelly_multiplier': 0.8, 'kelly_cap': 0.2, 'profit_threshold': 0.07, 'hard_stop_loss': 0.035, 'max_concurrent_trades': 5}",0.8488,1.6977,2.4772,0.0,100.0,4,0.0,ok
standard,"{'prob_threshold': 0.4, 'kelly_multiplier': 0.8, 'kelly_cap': 0.2, 'profit_threshold': 0.07, 'hard_stop_loss': 0.035, 'max_concurrent_trades': 10}",0.8488,1.6977,2.4772,0.0,100.0,4,0.0,ok
standard,"{'prob_threshold': 0.4, 'kelly_multiplier': 0.8, 'kelly_cap': 0.3, 'profit_threshold': 0.05, 'hard_stop_loss': 0.025, 'max_concurrent_trades': 5}",-0.3209,-0.0565,-2.8962,5.3012,53.7,54,0.7914,ok
standard,"{'prob_threshold': 0.4, 'kelly_multiplier': 0.8, 'kelly_cap': 0.3, 'profit_threshold': 0.05, 'hard_stop_loss': 0.025, 'max_concurrent_trades': 10}",-0.3105,-0.0578,-2.8784,4.5751,53.03,66,0.8123,ok
standard,"{'prob_threshold': 0.4, 'kelly_multiplier': 0.8, 'kelly_cap': 0.3, 'profit_threshold': 0.05, 'hard_stop_loss': 0.03, 'max_concurrent_trades': 5}",-0.2942,-0.0515,-2.0446,3.9038,53.7,54,0.7962,ok
standard,"{'prob_threshold': 0.4, 'kelly_multiplier': 0.8, 'kelly_cap': 0.3, 'profit_threshold': 0.05, 'hard_stop_loss': 0.03, 'max_concurrent_trades': 10}",-0.2602,-0.0483,-1.8723,3.6269,52.24,67,0.8331,ok
standard,"{'prob_threshold': 0.4, 'kelly_multiplier': 0.8, 'kelly_cap': 0.3, 'profit_threshold': 0.05, 'hard_stop_loss': 0.035, 'max_concurrent_trades': 5}",0.2121,0.0399,0.9691,1.6788,58.33,48,1.1932,ok
standard,"{'prob_threshold': 0.4, 'kelly_multiplier': 0.8, 'kelly_cap': 0.3, 'profit_threshold': 0.05, 'hard_stop_loss': 0.035, 'max_concurrent_trades': 10}",0.1754,0.0332,0.7841,1.6788,56.86,51,1.1492,ok
standard,"{'prob_threshold': 0.4, 'kelly_multiplier': 0.8, 'kelly_cap': 0.3, 'profit_threshold': 0.06, 'hard_stop_loss': 0.03, 'max_concurrent_trades': 5}",0.5045,0.0579,2.5314,1.0037,65.0,20,1.8596,ok
standard,"{'prob_threshold': 0.4, 'kelly_multiplier': 0.8, 'kelly_cap': 0.3, 'profit_threshold': 0.06, 'hard_stop_loss': 0.025, 'max_concurrent_trades': 5}",0.5048,0.0597,3.1655,1.0532,65.0,20,1.8115,ok
standard,"{'prob_threshold': 0.4, 'kelly_multiplier': 0.8, 'kelly_cap': 0.3, 'profit_threshold': 0.06, 'hard_stop_loss': 0.025, 'max_concurrent_trades': 10}",0.5147,0.0608,3.2299,1.0532,66.67,21,1.8277,ok
standard,"{'prob_threshold': 0.4, 'kelly_multiplier': 0.8, 'kelly_cap': 0.3, 'profit_threshold': 0.06, 'hard_stop_loss': 0.03, 'max_concurrent_trades': 10}",0.5156,0.0592,2.5895,1.0037,66.67,21,1.879,ok
standard,"{'prob_threshold': 0.4, 'kelly_multiplier': 0.8, 'kelly_cap': 0.3, 'profit_threshold': 0.06, 'hard_stop_loss': 0.035, 'max_concurrent_trades': 5}",0.8917,0.1437,2.9895,0.4441,70.0,20,3.4478,ok
standard,"{'prob_threshold': 0.4, 'kelly_multiplier': 0.8, 'kelly_cap': 0.3, 'profit_threshold': 0.06, 'hard_stop_loss': 0.035, 'max_concurrent_trades': 10}",0.9033,0.1456,3.0302,0.4441,71.43,21,3.4803,ok
standard,"{'prob_threshold': 0.4, 'kelly_multiplier': 0.8, 'kelly_cap': 0.3, 'profit_threshold': 0.07, 'hard_stop_loss': 0.025, 'max_concurrent_trades': 5}",0.8609,1.7218,3.6411,0.0,100.0,4,0.0,ok
standard,"{'prob_threshold': 0.4, 'kelly_multiplier': 0.8, 'kelly_cap': 0.3, 'profit_threshold': 0.07, 'hard_stop_loss': 0.025, 'max_concurrent_trades': 10}",0.8609,1.7218,3.6411,0.0,100.0,4,0.0,ok
standard,"{'prob_threshold': 0.4, 'kelly_multiplier': 0.8, 'kelly_cap': 0.3, 'profit_threshold': 0.07, 'hard_stop_loss': 0.03, 'max_concurrent_trades': 5}",0.8554,1.7108,3.0751,0.0,100.0,4,0.0,ok
standard,"{'prob_threshold': 0.4, 'kelly_multiplier': 0.8, 'kelly_cap': 0.3, 'profit_threshold': 0.07, 'hard_stop_loss': 0.035, 'max_concurrent_trades': 10}",0.8467,1.6933,2.5111,0.0,100.0,4,0.0,ok
standard,"{'prob_threshold': 0.4, 'kelly_multiplier': 0.8, 'kelly_cap': 0.3, 'profit_threshold': 0.07, 'hard_stop_loss': 0.03, 'max_concurrent_trades': 10}",0.8554,1.7108,3.0751,0.0,100.0,4,0.0,ok
standard,"{'prob_threshold': 0.4, 'kelly_multiplier': 0.8, 'kelly_cap': 0.3, 'profit_threshold': 0.07, 'hard_stop_loss': 0.035, 'max_concurrent_trades': 5}",0.8467,1.6933,2.5111,0.0,100.0,4,0.0,ok
standard,"{'prob_threshold': 0.5, 'kelly_multiplier': 0.4, 'kelly_cap': 0.2, 'profit_threshold': 0.05, 'hard_stop_loss': 0.025, 'max_concurrent_trades': 5}",0.326,0.0236,0.6176,0.6024,76.92,13,1.5717,ok
standard,"{'prob_threshold': 0.5, 'kelly_multiplier': 0.4, 'kelly_cap': 0.2, 'profit_threshold': 0.05, 'hard_stop_loss': 0.025, 'max_concurrent_trades': 10}",0.326,0.0236,0.6176,0.6024,76.92,13,1.5717,ok
standard,"{'prob_threshold': 0.5, 'kelly_multiplier': 0.4, 'kelly_cap': 0.2, 'profit_threshold': 0.05, 'hard_stop_loss': 0.03, 'max_concurrent_trades': 5}",0.2487,0.0169,0.4963,0.6824,76.92,13,1.4136,ok
standard,"{'prob_threshold': 0.5, 'kelly_multiplier': 0.4, 'kelly_cap': 0.2, 'profit_threshold': 0.05, 'hard_stop_loss': 0.03, 'max_concurrent_trades': 10}",0.2487,0.0169,0.4963,0.6824,76.92,13,1.4136,ok
standard,"{'prob_threshold': 0.5, 'kelly_multiplier': 0.4, 'kelly_cap': 0.2, 'profit_threshold': 0.05, 'hard_stop_loss': 0.035, 'max_concurrent_trades': 5}",0.6089,0.0419,1.0021,0.3302,84.62,13,2.4456,ok
standard,"{'prob_threshold': 0.5, 'kelly_multiplier': 0.4, 'kelly_cap': 0.2, 'profit_threshold': 0.05, 'hard_stop_loss': 0.035, 'max_concurrent_trades': 10}",0.6089,0.0419,1.0021,0.3302,84.62,13,2.4456,ok
standard,"{'prob_threshold': 0.5, 'kelly_multiplier': 0.4, 'kelly_cap': 0.2, 'profit_threshold': 0.06, 'hard_stop_loss': 0.025, 'max_concurrent_trades': 5}",0.3384,0.0156,0.4512,0.36,80.0,5,2.2533,ok
standard,"{'prob_threshold': 0.5, 'kelly_multiplier': 0.4, 'kelly_cap': 0.2, 'profit_threshold': 0.06, 'hard_stop_loss': 0.025, 'max_concurrent_trades': 10}",0.3384,0.0156,0.4512,0.36,80.0,5,2.2533,ok
standard,"{'prob_threshold': 0.5, 'kelly_multiplier': 0.4, 'kelly_cap': 0.2, 'profit_threshold': 0.06, 'hard_stop_loss': 0.03, 'max_concurrent_trades': 5}",0.2959,0.0128,0.4109,0.4,80.0,5,2.0272,ok
standard,"{'prob_threshold': 0.5, 'kelly_multiplier': 0.4, 'kelly_cap': 0.2, 'profit_threshold': 0.06, 'hard_stop_loss': 0.03, 'max_concurrent_trades': 10}",0.2959,0.0128,0.4109,0.4,80.0,5,2.0272,ok
standard,"{'prob_threshold': 0.5, 'kelly_multiplier': 0.4, 'kelly_cap': 0.2, 'profit_threshold': 0.07, 'hard_stop_loss': 0.025, 'max_concurrent_trades': 5}",0.0,0.0,0.0,0.0,0.0,0,0.0,ok
standard,"{'prob_threshold': 0.5, 'kelly_multiplier': 0.4, 'kelly_cap': 0.2, 'profit_threshold': 0.06, 'hard_stop_loss': 0.035, 'max_concurrent_trades': 5}",0.8573,1.7146,0.9456,0.0,100.0,5,0.0,ok
standard,"{'prob_threshold': 0.5, 'kelly_multiplier': 0.4, 'kelly_cap': 0.2, 'profit_threshold': 0.06, 'hard_stop_loss': 0.035, 'max_concurrent_trades': 10}",0.8573,1.7146,0.9456,0.0,100.0,5,0.0,ok
standard,"{'prob_threshold': 0.5, 'kelly_multiplier': 0.4, 'kelly_cap': 0.2, 'profit_threshold': 0.07, 'hard_stop_loss': 0.025, 'max_concurrent_trades': 10}",0.0,0.0,0.0,0.0,0.0,0,0.0,ok
standard,"{'prob_threshold': 0.5, 'kelly_multiplier': 0.4, 'kelly_cap': 0.2, 'profit_threshold': 0.07, 'hard_stop_loss': 0.03, 'max_concurrent_trades': 5}",0.0,0.0,0.0,0.0,0.0,0,0.0,ok
standard,"{'prob_threshold': 0.5, 'kelly_multiplier': 0.4, 'kelly_cap': 0.2, 'profit_threshold': 0.07, 'hard_stop_loss': 0.03, 'max_concurrent_trades': 10}",0.0,0.0,0.0,0.0,0.0,0,0.0,ok
standard,"{'prob_threshold': 0.5, 'kelly_multiplier': 0.4, 'kelly_cap': 0.2, 'profit_threshold': 0.07, 'hard_stop_loss': 0.035, 'max_concurrent_trades': 5}",0.0,0.0,0.0,0.0,0.0,0,0.0,ok
standard,"{'prob_threshold': 0.5, 'kelly_multiplier': 0.4, 'kelly_cap': 0.2, 'profit_threshold': 0.07, 'hard_stop_loss': 0.035, 'max_concurrent_trades': 10}",0.0,0.0,0.0,0.0,0.0,0,0.0,ok
standard,"{'prob_threshold': 0.5, 'kelly_multiplier': 0.4, 'kelly_cap': 0.3, 'profit_threshold': 0.05, 'hard_stop_loss': 0.025, 'max_concurrent_trades': 5}",0.3515,0.026,0.929,0.8521,76.92,13,1.6349,ok
standard,"{'prob_threshold': 0.5, 'kelly_multiplier': 0.4, 'kelly_cap': 0.3, 'profit_threshold': 0.05, 'hard_stop_loss': 0.025, 'max_concurrent_trades': 10}",0.3515,0.026,0.929,0.8521,76.92,13,1.6349,ok
standard,"{'prob_threshold': 0.5, 'kelly_multiplier': 0.4, 'kelly_cap': 0.3, 'profit_threshold': 0.05, 'hard_stop_loss': 0.03, 'max_concurrent_trades': 10}",0.266,0.0183,0.6283,0.8444,76.92,13,1.4564,ok
standard,"{'prob_threshold': 0.5, 'kelly_multiplier': 0.4, 'kelly_cap': 0.3, 'profit_threshold': 0.05, 'hard_stop_loss': 0.03, 'max_concurrent_trades': 5}",0.266,0.0183,0.6283,0.8444,76.92,13,1.4564,ok
standard,"{'prob_threshold': 0.5, 'kelly_multiplier': 0.4, 'kelly_cap': 0.3, 'profit_threshold': 0.05, 'hard_stop_loss': 0.035, 'max_concurrent_trades': 5}",0.6314,0.0445,1.0658,0.3303,84.62,13,2.5373,ok
standard,"{'prob_threshold': 0.5, 'kelly_multiplier': 0.4, 'kelly_cap': 0.3, 'profit_threshold': 0.06, 'hard_stop_loss': 0.025, 'max_concurrent_trades': 5}",0.3448,0.016,0.6794,0.5266,80.0,5,2.2902,ok
standard,"{'prob_threshold': 0.5, 'kelly_multiplier': 0.4, 'kelly_cap': 0.3, 'profit_threshold': 0.05, 'hard_stop_loss': 0.035, 'max_concurrent_trades': 10}",0.6314,0.0445,1.0658,0.3303,84.62,13,2.5373,ok
standard,"{'prob_threshold': 0.5, 'kelly_multiplier': 0.4, 'kelly_cap': 0.3, 'profit_threshold': 0.06, 'hard_stop_loss': 0.025, 'max_concurrent_trades': 10}",0.3448,0.016,0.6794,0.5266,80.0,5,2.2902,ok
standard,"{'prob_threshold': 0.5, 'kelly_multiplier': 0.4, 'kelly_cap': 0.3, 'profit_threshold': 0.06, 'hard_stop_loss': 0.03, 'max_concurrent_trades': 5}",0.3042,0.0133,0.5362,0.5019,80.0,5,2.0685,ok
standard,"{'prob_threshold': 0.5, 'kelly_multiplier': 0.4, 'kelly_cap': 0.3, 'profit_threshold': 0.06, 'hard_stop_loss': 0.03, 'max_concurrent_trades': 10}",0.3042,0.0133,0.5362,0.5019,80.0,5,2.0685,ok
standard,"{'prob_threshold': 0.5, 'kelly_multiplier': 0.4, 'kelly_cap': 0.3, 'profit_threshold': 0.06, 'hard_stop_loss': 0.035, 'max_concurrent_trades': 5}",0.8551,1.7103,1.0122,0.0,100.0,5,0.0,ok
standard,"{'prob_threshold': 0.5, 'kelly_multiplier': 0.4, 'kelly_cap': 0.3, 'profit_threshold': 0.06, 'hard_stop_loss': 0.035, 'max_concurrent_trades': 10}",0.8551,1.7103,1.0122,0.0,100.0,5,0.0,ok
standard,"{'prob_threshold': 0.5, 'kelly_multiplier': 0.4, 'kelly_cap': 0.3, 'profit_threshold': 0.07, 'hard_stop_loss': 0.025, 'max_concurrent_trades': 5}",0.0,0.0,0.0,0.0,0.0,0,0.0,ok
standard,"{'prob_threshold': 0.5, 'kelly_multiplier': 0.4, 'kelly_cap': 0.3, 'profit_threshold': 0.07, 'hard_stop_loss': 0.025, 'max_concurrent_trades': 10}",0.0,0.0,0.0,0.0,0.0,0,0.0,ok
standard,"{'prob_threshold': 0.5, 'kelly_multiplier': 0.4, 'kelly_cap': 0.3, 'profit_threshold': 0.07, 'hard_stop_loss': 0.035, 'max_concurrent_trades': 5}",0.0,0.0,0.0,0.0,0.0,0,0.0,ok
standard,"{'prob_threshold': 0.5, 'kelly_multiplier': 0.4, 'kelly_cap': 0.3, 'profit_threshold': 0.07, 'hard_stop_loss': 0.03, 'max_concurrent_trades': 5}",0.0,0.0,0.0,0.0,0.0,0,0.0,ok
standard,"{'prob_threshold': 0.5, 'kelly_multiplier': 0.4, 'kelly_cap': 0.3, 'profit_threshold': 0.07, 'hard_stop_loss': 0.03, 'max_concurrent_trades': 10}",0.0,0.0,0.0,0.0,0.0,0,0.0,ok
standard,"{'prob_threshold': 0.5, 'kelly_multiplier': 0.4, 'kelly_cap': 0.3, 'profit_threshold': 0.07, 'hard_stop_loss': 0.035, 'max_concurrent_trades': 10}",0.0,0.0,0.0,0.0,0.0,0,0.0,ok
standard,"{'prob_threshold': 0.5, 'kelly_multiplier': 0.6, 'kelly_cap': 0.2, 'profit_threshold': 0.05, 'hard_stop_loss': 0.025, 'max_concurrent_trades': 5}",0.3257,0.0236,0.9245,0.9036,76.92,13,1.5705,ok
standard,"{'prob_threshold': 0.5, 'kelly_multiplier': 0.6, 'kelly_cap': 0.2, 'profit_threshold': 0.05, 'hard_stop_loss': 0.025, 'max_concurrent_trades': 10}",0.3257,0.0236,0.9245,0.9036,76.92,13,1.5705,ok
standard,"{'prob_threshold': 0.5, 'kelly_multiplier': 0.6, 'kelly_cap': 0.2, 'profit_threshold': 0.05, 'hard_stop_loss': 0.03, 'max_concurrent_trades': 5}",0.2484,0.0169,0.7417,1.0236,76.92,13,1.4121,ok
standard,"{'prob_threshold': 0.5, 'kelly_multiplier': 0.6, 'kelly_cap': 0.2, 'profit_threshold': 0.05, 'hard_stop_loss': 0.03, 'max_concurrent_trades': 10}",0.2484,0.0169,0.7417,1.0236,76.92,13,1.4121,ok
standard,"{'prob_threshold': 0.5, 'kelly_multiplier': 0.6, 'kelly_cap': 0.2, 'profit_threshold': 0.05, 'hard_stop_loss': 0.035, 'max_concurrent_trades': 5}",0.6091,0.0419,1.5052,0.4954,84.62,13,2.4459,ok
standard,"{'prob_threshold': 0.5, 'kelly_multiplier': 0.6, 'kelly_cap': 0.2, 'profit_threshold': 0.05, 'hard_stop_loss': 0.035, 'max_concurrent_trades': 10}",0.6091,0.0419,1.5052,0.4954,84.62,13,2.4459,ok
standard,"{'prob_threshold': 0.5, 'kelly_multiplier': 0.6, 'kelly_cap': 0.2, 'profit_threshold': 0.06, 'hard_stop_loss': 0.025, 'max_concurrent_trades': 10}",0.3384,0.0156,0.6762,0.54,80.0,5,2.2522,ok
standard,"{'prob_threshold': 0.5, 'kelly_multiplier': 0.6, 'kelly_cap': 0.2, 'profit_threshold': 0.06, 'hard_stop_loss': 0.025, 'max_concurrent_trades': 5}",0.3384,0.0156,0.6762,0.54,80.0,5,2.2522,ok
standard,"{'prob_threshold': 0.5, 'kelly_multiplier': 0.6, 'kelly_cap': 0.2, 'profit_threshold': 0.06, 'hard_stop_loss': 0.03, 'max_concurrent_trades': 5}",0.2959,0.0128,0.6155,0.6,80.0,5,2.0258,ok
standard,"{'prob_threshold': 0.5, 'kelly_multiplier': 0.6, 'kelly_cap': 0.2, 'profit_threshold': 0.06, 'hard_stop_loss': 0.035, 'max_concurrent_trades': 5}",0.8573,1.7145,1.4208,0.0,100.0,5,0.0,ok
standard,"{'prob_threshold': 0.5, 'kelly_multiplier': 0.6, 'kelly_cap': 0.2, 'profit_threshold': 0.06, 'hard_stop_loss': 0.03, 'max_concurrent_trades': 10}",0.2959,0.0128,0.6155,0.6,80.0,5,2.0258,ok
standard,"{'prob_threshold': 0.5, 'kelly_multiplier': 0.6, 'kelly_cap': 0.2, 'profit_threshold': 0.06, 'hard_stop_loss': 0.035, 'max_concurrent_trades': 10}",0.8573,1.7145,1.4208,0.0,100.0,5,0.0,ok
standard,"{'prob_threshold': 0.5, 'kelly_multiplier': 0.6, 'kelly_cap': 0.2, 'profit_threshold': 0.07, 'hard_stop_loss': 0.025, 'max_concurrent_trades': 5}",0.0,0.0,0.0,0.0,0.0,0,0.0,ok
standard,"{'prob_threshold': 0.5, 'kelly_multiplier': 0.6, 'kelly_cap': 0.2, 'profit_threshold': 0.07, 'hard_stop_loss': 0.025, 'max_concurrent_trades': 10}",0.0,0.0,0.0,0.0,0.0,0,0.0,ok
standard,"{'prob_threshold': 0.5, 'kelly_multiplier': 0.6, 'kelly_cap': 0.2, 'profit_threshold': 0.07, 'hard_stop_loss': 0.03, 'max_concurrent_trades': 5}",0.0,0.0,0.0,0.0,0.0,0,0.0,ok
standard,"{'prob_threshold': 0.5, 'kelly_multiplier': 0.6, 'kelly_cap': 0.2, 'profit_threshold': 0.07, 'hard_stop_loss': 0.03, 'max_concurrent_trades': 10}",0.0,0.0,0.0,0.0,0.0,0,0.0,ok
standard,"{'prob_threshold': 0.5, 'kelly_multiplier': 0.6, 'kelly_cap': 0.2, 'profit_threshold': 0.07, 'hard_stop_loss': 0.035, 'max_concurrent_trades': 5}",0.0,0.0,0.0,0.0,0.0,0,0.0,ok
standard,"{'prob_threshold': 0.5, 'kelly_multiplier': 0.6, 'kelly_cap': 0.2, 'profit_threshold': 0.07, 'hard_stop_loss': 0.035, 'max_concurrent_trades': 10}",0.0,0.0,0.0,0.0,0.0,0,0.0,ok
standard,"{'prob_threshold': 0.5, 'kelly_multiplier': 0.6, 'kelly_cap': 0.3, 'profit_threshold': 0.05, 'hard_stop_loss': 0.03, 'max_concurrent_trades': 5}",0.2656,0.0183,0.9385,1.2666,76.92,13,1.4546,ok
standard,"{'prob_threshold': 0.5, 'kelly_multiplier': 0.6, 'kelly_cap': 0.3, 'profit_threshold': 0.05, 'hard_stop_loss': 0.025, 'max_concurrent_trades': 5}",0.3511,0.026,1.3902,1.2781,76.92,13,1.6333,ok
standard,"{'prob_threshold': 0.5, 'kelly_multiplier': 0.6, 'kelly_cap': 0.3, 'profit_threshold': 0.05, 'hard_stop_loss': 0.025, 'max_concurrent_trades': 10}",0.3511,0.026,1.3902,1.2781,76.92,13,1.6333,ok
standard,"{'prob_threshold': 0.5, 'kelly_multiplier': 0.6, 'kelly_cap': 0.3, 'profit_threshold': 0.05, 'hard_stop_loss': 0.03, 'max_concurrent_trades': 10}",0.2656,0.0183,0.9385,1.2666,76.92,13,1.4546,ok
standard,"{'prob_threshold': 0.5, 'kelly_multiplier': 0.6, 'kelly_cap': 0.3, 'profit_threshold': 0.05, 'hard_stop_loss': 0.035, 'max_concurrent_trades': 5}",0.6316,0.0445,1.6012,0.4954,84.62,13,2.5378,ok
standard,"{'prob_threshold': 0.5, 'kelly_multiplier': 0.6, 'kelly_cap': 0.3, 'profit_threshold': 0.05, 'hard_stop_loss': 0.035, 'max_concurrent_trades': 10}",0.6316,0.0445,1.6012,0.4954,84.62,13,2.5378,ok
standard,"{'prob_threshold': 0.5, 'kelly_multiplier': 0.6, 'kelly_cap': 0.3, 'profit_threshold': 0.06, 'hard_stop_loss': 0.025, 'max_concurrent_trades': 5}",0.3448,0.016,1.0178,0.7899,80.0,5,2.2885,ok
standard,"{'prob_threshold': 0.5, 'kelly_multiplier': 0.6, 'kelly_cap': 0.3, 'profit_threshold': 0.06, 'hard_stop_loss': 0.025, 'max_concurrent_trades': 10}",0.3448,0.016,1.0178,0.7899,80.0,5,2.2885,ok
standard,"{'prob_threshold': 0.5, 'kelly_multiplier': 0.6, 'kelly_cap': 0.3, 'profit_threshold': 0.06, 'hard_stop_loss': 0.03, 'max_concurrent_trades': 5}",0.3041,0.0133,0.803,0.7528,80.0,5,2.0668,ok
standard,"{'prob_threshold': 0.5, 'kelly_multiplier': 0.6, 'kelly_cap': 0.3, 'profit_threshold': 0.06, 'hard_stop_loss': 0.03, 'max_concurrent_trades': 10}",0.3041,0.0133,0.803,0.7528,80.0,5,2.0668,ok
standard,"{'prob_threshold': 0.5, 'kelly_multiplier': 0.6, 'kelly_cap': 0.3, 'profit_threshold': 0.06, 'hard_stop_loss': 0.035, 'max_concurrent_trades': 5}",0.8551,1.7102,1.521,0.0,100.0,5,0.0,ok
standard,"{'prob_threshold': 0.5, 'kelly_multiplier': 0.6, 'kelly_cap': 0.3, 'profit_threshold': 0.06, 'hard_stop_loss': 0.035, 'max_concurrent_trades': 10}",0.8551,1.7102,1.521,0.0,100.0,5,0.0,ok
standard,"{'prob_threshold': 0.5, 'kelly_multiplier': 0.6, 'kelly_cap': 0.3, 'profit_threshold': 0.07, 'hard_stop_loss': 0.025, 'max_concurrent_trades': 5}",0.0,0.0,0.0,0.0,0.0,0,0.0,ok
standard,"{'prob_threshold': 0.5, 'kelly_multiplier': 0.6, 'kelly_cap': 0.3, 'profit_threshold': 0.07, 'hard_stop_loss': 0.03, 'max_concurrent_trades': 10}",0.0,0.0,0.0,0.0,0.0,0,0.0,ok
standard,"{'prob_threshold': 0.5, 'kelly_multiplier': 0.6, 'kelly_cap': 0.3, 'profit_threshold': 0.07, 'hard_stop_loss': 0.025, 'max_concurrent_trades': 10}",0.0,0.0,0.0,0.0,0.0,0,0.0,ok
standard,"{'prob_threshold': 0.5, 'kelly_multiplier': 0.6, 'kelly_cap': 0.3, 'profit_threshold': 0.07, 'hard_stop_loss': 0.03, 'max_concurrent_trades': 5}",0.0,0.0,0.0,0.0,0.0,0,0.0,ok
standard,"{'prob_threshold': 0.5, 'kelly_multiplier': 0.6, 'kelly_cap': 0.3, 'profit_threshold': 0.07, 'hard_stop_loss': 0.035, 'max_concurrent_trades': 5}",0.0,0.0,0.0,0.0,0.0,0,0.0,ok
standard,"{'prob_threshold': 0.5, 'kelly_multiplier': 0.6, 'kelly_cap': 0.3, 'profit_threshold': 0.07, 'hard_stop_loss': 0.035, 'max_concurrent_trades': 10}",0.0,0.0,0.0,0.0,0.0,0,0.0,ok
standard,"{'prob_threshold': 0.5, 'kelly_multiplier': 0.8, 'kelly_cap': 0.2, 'profit_threshold': 0.05, 'hard_stop_loss': 0.025, 'max_concurrent_trades': 5}",0.3254,0.0235,1.2302,1.2048,76.92,13,1.5692,ok
standard,"{'prob_threshold': 0.5, 'kelly_multiplier': 0.8, 'kelly_cap': 0.2, 'profit_threshold': 0.05, 'hard_stop_loss': 0.025, 'max_concurrent_trades': 10}",0.3254,0.0235,1.2302,1.2048,76.92,13,1.5692,ok
standard,"{'prob_threshold': 0.5, 'kelly_multiplier': 0.8, 'kelly_cap': 0.2, 'profit_threshold': 0.05, 'hard_stop_loss': 0.03, 'max_concurrent_trades': 5}",0.2481,0.0169,0.9852,1.3648,76.92,13,1.4105,ok
standard,"{'prob_threshold': 0.5, 'kelly_multiplier': 0.8, 'kelly_cap': 0.2, 'profit_threshold': 0.05, 'hard_stop_loss': 0.03, 'max_concurrent_trades': 10}",0.2481,0.0169,0.9852,1.3648,76.92,13,1.4105,ok
standard,"{'prob_threshold': 0.5, 'kelly_multiplier': 0.8, 'kelly_cap': 0.2, 'profit_threshold': 0.06, 'hard_stop_loss': 0.025, 'max_concurrent_trades': 5}",0.3384,0.0156,0.9008,0.72,80.0,5,2.2511,ok
standard,"{'prob_threshold': 0.5, 'kelly_multiplier': 0.8, 'kelly_cap': 0.2, 'profit_threshold': 0.05, 'hard_stop_loss': 0.035, 'max_concurrent_trades': 5}",0.6092,0.0419,2.0097,0.6605,84.62,13,2.4462,ok
standard,"{'prob_threshold': 0.5, 'kelly_multiplier': 0.8, 'kelly_cap': 0.2, 'profit_threshold': 0.05, 'hard_stop_loss': 0.035, 'max_concurrent_trades': 10}",0.6092,0.0419,2.0097,0.6605,84.62,13,2.4462,ok
standard,"{'prob_threshold': 0.5, 'kelly_multiplier': 0.8, 'kelly_cap': 0.2, 'profit_threshold': 0.06, 'hard_stop_loss': 0.025, 'max_concurrent_trades': 10}",0.3384,0.0156,0.9008,0.72,80.0,5,2.2511,ok
standard,"{'prob_threshold': 0.5, 'kelly_multiplier': 0.8, 'kelly_cap': 0.2, 'profit_threshold': 0.06, 'hard_stop_loss': 0.03, 'max_concurrent_trades': 5}",0.2959,0.0128,0.8195,0.8,80.0,5,2.0243,ok
standard,"{'prob_threshold': 0.5, 'kelly_multiplier': 0.8, 'kelly_cap': 0.2, 'profit_threshold': 0.06, 'hard_stop_loss': 0.03, 'max_concurrent_trades': 10}",0.2959,0.0128,0.8195,0.8,80.0,5,2.0243,ok
standard,"{'prob_threshold': 0.5, 'kelly_multiplier': 0.8, 'kelly_cap': 0.2, 'profit_threshold': 0.06, 'hard_stop_loss': 0.035, 'max_concurrent_trades': 5}",0.8573,1.7145,1.8976,0.0,100.0,5,0.0,ok
standard,"{'prob_threshold': 0.5, 'kelly_multiplier': 0.8, 'kelly_cap': 0.2, 'profit_threshold': 0.06, 'hard_stop_loss': 0.035, 'max_concurrent_trades': 10}",0.8573,1.7145,1.8976,0.0,100.0,5,0.0,ok
standard,"{'prob_threshold': 0.5, 'kelly_multiplier': 0.8, 'kelly_cap': 0.2, 'profit_threshold': 0.07, 'hard_stop_loss': 0.025, 'max_concurrent_trades': 5}",0.0,0.0,0.0,0.0,0.0,0,0.0,ok
standard,"{'prob_threshold': 0.5, 'kelly_multiplier': 0.8, 'kelly_cap': 0.2, 'profit_threshold': 0.07, 'hard_stop_loss': 0.025, 'max_concurrent_trades': 10}",0.0,0.0,0.0,0.0,0.0,0,0.0,ok
standard,"{'prob_threshold': 0.5, 'kelly_multiplier': 0.8, 'kelly_cap': 0.2, 'profit_threshold': 0.07, 'hard_stop_loss': 0.03, 'max_concurrent_trades': 5}",0.0,0.0,0.0,0.0,0.0,0,0.0,ok
standard,"{'prob_threshold': 0.5, 'kelly_multiplier': 0.8, 'kelly_cap': 0.2, 'profit_threshold': 0.07, 'hard_stop_loss': 0.03, 'max_concurrent_trades': 10}",0.0,0.0,0.0,0.0,0.0,0,0.0,ok
standard,"{'prob_threshold': 0.5, 'kelly_multiplier': 0.8, 'kelly_cap': 0.2, 'profit_threshold': 0.07, 'hard_stop_loss': 0.035, 'max_concurrent_trades': 5}",0.0,0.0,0.0,0.0,0.0,0,0.0,ok
standard,"{'prob_threshold': 0.5, 'kelly_multiplier': 0.8, 'kelly_cap': 0.3, 'profit_threshold': 0.05, 'hard_stop_loss': 0.025, 'max_concurrent_trades': 10}",0.3508,0.0259,1.8492,1.7042,76.92,13,1.6317,ok
standard,"{'prob_threshold': 0.5, 'kelly_multiplier': 0.8, 'kelly_cap': 0.2, 'profit_threshold': 0.07, 'hard_stop_loss': 0.035, 'max_concurrent_trades': 10}",0.0,0.0,0.0,0.0,0.0,0,0.0,ok
standard,"{'prob_threshold': 0.5, 'kelly_multiplier': 0.8, 'kelly_cap': 0.3, 'profit_threshold': 0.05, 'hard_stop_loss': 0.025, 'max_concurrent_trades': 5}",0.3508,0.0259,1.8492,1.7042,76.92,13,1.6317,ok
standard,"{'prob_threshold': 0.5, 'kelly_multiplier': 0.8, 'kelly_cap': 0.3, 'profit_threshold': 0.05, 'hard_stop_loss': 0.03, 'max_concurrent_trades': 5}",0.2652,0.0182,1.2461,1.6889,76.92,13,1.4527,ok
standard,"{'prob_threshold': 0.5, 'kelly_multiplier': 0.8, 'kelly_cap': 0.3, 'profit_threshold': 0.05, 'hard_stop_loss': 0.03, 'max_concurrent_trades': 10}",0.2652,0.0182,1.2461,1.6889,76.92,13,1.4527,ok
standard,"{'prob_threshold': 0.5, 'kelly_multiplier': 0.8, 'kelly_cap': 0.3, 'profit_threshold': 0.05, 'hard_stop_loss': 0.035, 'max_concurrent_trades': 5}",0.6317,0.0446,2.1383,0.6605,84.62,13,2.5383,ok
standard,"{'prob_threshold': 0.5, 'kelly_multiplier': 0.8, 'kelly_cap': 0.3, 'profit_threshold': 0.05, 'hard_stop_loss': 0.035, 'max_concurrent_trades': 10}",0.6317,0.0446,2.1383,0.6605,84.62,13,2.5383,ok
standard,"{'prob_threshold': 0.5, 'kelly_multiplier': 0.8, 'kelly_cap': 0.3, 'profit_threshold': 0.06, 'hard_stop_loss': 0.025, 'max_concurrent_trades': 5}",0.3448,0.016,1.3553,1.0532,80.0,5,2.2869,ok
standard,"{'prob_threshold': 0.5, 'kelly_multiplier': 0.8, 'kelly_cap': 0.3, 'profit_threshold': 0.06, 'hard_stop_loss': 0.025, 'max_concurrent_trades': 10}",0.3448,0.016,1.3553,1.0532,80.0,5,2.2869,ok
standard,"{'prob_threshold': 0.5, 'kelly_multiplier': 0.8, 'kelly_cap': 0.3, 'profit_threshold': 0.06, 'hard_stop_loss': 0.035, 'max_concurrent_trades': 5}",0.8551,1.7102,2.0317,0.0,100.0,5,0.0,ok
standard,"{'prob_threshold': 0.5, 'kelly_multiplier': 0.8, 'kelly_cap': 0.3, 'profit_threshold': 0.06, 'hard_stop_loss': 0.03, 'max_concurrent_trades': 5}",0.3041,0.0133,1.0689,1.0037,80.0,5,2.065,ok
standard,"{'prob_threshold': 0.5, 'kelly_multiplier': 0.8, 'kelly_cap': 0.3, 'profit_threshold': 0.06, 'hard_stop_loss': 0.03, 'max_concurrent_trades': 10}",0.3041,0.0133,1.0689,1.0037,80.0,5,2.065,ok
standard,"{'prob_threshold': 0.5, 'kelly_multiplier': 0.8, 'kelly_cap': 0.3, 'profit_threshold': 0.06, 'hard_stop_loss': 0.035, 'max_concurrent_trades': 10}",0.8551,1.7102,2.0317,0.0,100.0,5,0.0,ok
standard,"{'prob_threshold': 0.5, 'kelly_multiplier': 0.8, 'kelly_cap': 0.3, 'profit_threshold': 0.07, 'hard_stop_loss': 0.025, 'max_concurrent_trades': 5}",0.0,0.0,0.0,0.0,0.0,0,0.0,ok
standard,"{'prob_threshold': 0.5, 'kelly_multiplier': 0.8, 'kelly_cap': 0.3, 'profit_threshold': 0.07, 'hard_stop_loss': 0.025, 'max_concurrent_trades': 10}",0.0,0.0,0.0,0.0,0.0,0,0.0,ok
standard,"{'prob_threshold': 0.5, 'kelly_multiplier': 0.8, 'kelly_cap': 0.3, 'profit_threshold': 0.07, 'hard_stop_loss': 0.03, 'max_concurrent_trades': 5}",0.0,0.0,0.0,0.0,0.0,0,0.0,ok
standard,"{'prob_threshold': 0.5, 'kelly_multiplier': 0.8, 'kelly_cap': 0.3, 'profit_threshold': 0.07, 'hard_stop_loss': 0.03, 'max_concurrent_trades': 10}",0.0,0.0,0.0,0.0,0.0,0,0.0,ok
standard,"{'prob_threshold': 0.5, 'kelly_multiplier': 0.8, 'kelly_cap': 0.3, 'profit_threshold': 0.07, 'hard_stop_loss': 0.035, 'max_concurrent_trades': 5}",0.0,0.0,0.0,0.0,0.0,0,0.0,ok
standard,"{'prob_threshold': 0.5, 'kelly_multiplier': 0.8, 'kelly_cap': 0.3, 'profit_threshold': 0.07, 'hard_stop_loss': 0.035, 'max_concurrent_trades': 10}",0.0,0.0,0.0,0.0,0.0,0,0.0,ok
quantile_spread,"{'prob_threshold': 0.3, 'kelly_multiplier': 0.4, 'kelly_cap': 0.2, 'profit_threshold': 0.05, 'hard_stop_loss': 0.025, 'max_quantile_spread': 0.1, 'max_concurrent_trades': 5}",0.0,0.0,0.0,0.0,0.0,0,0.0,ok
quantile_spread,"{'prob_threshold': 0.3, 'kelly_multiplier': 0.4, 'kelly_cap': 0.2, 'profit_threshold': 0.05, 'hard_stop_loss': 0.025, 'max_quantile_spread': 0.1, 'max_concurrent_trades': 10}",0.0,0.0,0.0,0.0,0.0,0,0.0,ok
quantile_spread,"{'prob_threshold': 0.3, 'kelly_multiplier': 0.4, 'kelly_cap': 0.2, 'profit_threshold': 0.05, 'hard_stop_loss': 0.025, 'max_quantile_spread': 0.15, 'max_concurrent_trades': 5}",-0.3554,-0.0593,-0.814,1.2429,40.54,37,0.6657,ok
quantile_spread,"{'prob_threshold': 0.3, 'kelly_multiplier': 0.4, 'kelly_cap': 0.2, 'profit_threshold': 0.05, 'hard_stop_loss': 0.03, 'max_quantile_spread': 0.1, 'max_concurrent_trades': 10}",0.0,0.0,0.0,0.0,0.0,0,0.0,ok
quantile_spread,"{'prob_threshold': 0.3, 'kelly_multiplier': 0.4, 'kelly_cap': 0.2, 'profit_threshold': 0.05, 'hard_stop_loss': 0.03, 'max_quantile_spread': 0.1, 'max_concurrent_trades': 5}",0.0,0.0,0.0,0.0,0.0,0,0.0,ok
quantile_spread,"{'prob_threshold': 0.3, 'kelly_multiplier': 0.4, 'kelly_cap': 0.2, 'profit_threshold': 0.05, 'hard_stop_loss': 0.03, 'max_quantile_spread': 0.15, 'max_concurrent_trades': 5}",-0.0207,-0.0022,-0.0488,0.7211,56.25,16,0.9677,ok
quantile_spread,"{'prob_threshold': 0.3, 'kelly_multiplier': 0.4, 'kelly_cap': 0.2, 'profit_threshold': 0.05, 'hard_stop_loss': 0.03, 'max_quantile_spread': 0.15, 'max_concurrent_trades': 10}",-0.1237,-0.0133,-0.2681,0.8185,52.38,21,0.8576,ok
quantile_spread,"{'prob_threshold': 0.3, 'kelly_multiplier': 0.4, 'kelly_cap': 0.2, 'profit_threshold': 0.05, 'hard_stop_loss': 0.025, 'max_quantile_spread': 0.15, 'max_concurrent_trades': 10}",-0.3281,-0.0582,-0.7951,1.2241,42.55,47,0.7287,ok
quantile_spread,"{'prob_threshold': 0.3, 'kelly_multiplier': 0.4, 'kelly_cap': 0.2, 'profit_threshold': 0.05, 'hard_stop_loss': 0.035, 'max_quantile_spread': 0.1, 'max_concurrent_trades': 5}",0.0,0.0,0.0,0.0,0.0,0,0.0,ok
quantile_spread,"{'prob_threshold': 0.3, 'kelly_multiplier': 0.4, 'kelly_cap': 0.2, 'profit_threshold': 0.05, 'hard_stop_loss': 0.035, 'max_quantile_spread': 0.1, 'max_concurrent_trades': 10}",0.0,0.0,0.0,0.0,0.0,0,0.0,ok
quantile_spread,"{'prob_threshold': 0.3, 'kelly_multiplier': 0.4, 'kelly_cap': 0.2, 'profit_threshold': 0.05, 'hard_stop_loss': 0.035, 'max_quantile_spread': 0.15, 'max_concurrent_trades': 5}",0.3619,0.0292,0.5946,0.3302,78.57,14,1.7219,ok
quantile_spread,"{'prob_threshold': 0.3, 'kelly_multiplier': 0.4, 'kelly_cap': 0.2, 'profit_threshold': 0.05, 'hard_stop_loss': 0.035, 'max_quantile_spread': 0.15, 'max_concurrent_trades': 10}",0.3162,0.0282,0.5021,0.3923,70.59,17,1.5298,ok
quantile_spread,"{'prob_threshold': 0.3, 'kelly_multiplier': 0.4, 'kelly_cap': 0.2, 'profit_threshold': 0.06, 'hard_stop_loss': 0.025, 'max_quantile_spread': 0.1, 'max_concurrent_trades': 10}",0.0,0.0,0.0,0.0,0.0,0,0.0,ok
quantile_spread,"{'prob_threshold': 0.3, 'kelly_multiplier': 0.4, 'kelly_cap': 0.2, 'profit_threshold': 0.06, 'hard_stop_loss': 0.025, 'max_quantile_spread': 0.1, 'max_concurrent_trades': 5}",0.0,0.0,0.0,0.0,0.0,0,0.0,ok
quantile_spread,"{'prob_threshold': 0.3, 'kelly_multiplier': 0.4, 'kelly_cap': 0.2, 'profit_threshold': 0.06, 'hard_stop_loss': 0.025, 'max_quantile_spread': 0.15, 'max_concurrent_trades': 5}",-0.1889,-0.0213,-0.3263,0.9068,50.0,20,0.7391,ok
quantile_spread,"{'prob_threshold': 0.3, 'kelly_multiplier': 0.4, 'kelly_cap': 0.2, 'profit_threshold': 0.06, 'hard_stop_loss': 0.03, 'max_quantile_spread': 0.1, 'max_concurrent_trades': 5}",0.0,0.0,0.0,0.0,0.0,0,0.0,ok
quantile_spread,"{'prob_threshold': 0.3, 'kelly_multiplier': 0.4, 'kelly_cap': 0.2, 'profit_threshold': 0.06, 'hard_stop_loss': 0.025, 'max_quantile_spread': 0.15, 'max_concurrent_trades': 10}",-0.0821,-0.0095,-0.1468,0.7283,52.0,25,0.9008,ok
quantile_spread,"{'prob_threshold': 0.3, 'kelly_multiplier': 0.4, 'kelly_cap': 0.2, 'profit_threshold': 0.06, 'hard_stop_loss': 0.03, 'max_quantile_spread': 0.1, 'max_concurrent_trades': 10}",0.0,0.0,0.0,0.0,0.0,0,0.0,ok
quantile_spread,"{'prob_threshold': 0.3, 'kelly_multiplier': 0.4, 'kelly_cap': 0.2, 'profit_threshold': 0.06, 'hard_stop_loss': 0.03, 'max_quantile_spread': 0.15, 'max_concurrent_trades': 5}",-0.1831,-0.014,-0.2674,0.6158,54.55,11,0.7024,ok
quantile_spread,"{'prob_threshold': 0.3, 'kelly_multiplier': 0.4, 'kelly_cap': 0.2, 'profit_threshold': 0.06, 'hard_stop_loss': 0.03, 'max_quantile_spread': 0.15, 'max_concurrent_trades': 10}",-0.2408,-0.0201,-0.3618,0.7099,53.33,15,0.6817,ok
quantile_spread,"{'prob_threshold': 0.3, 'kelly_multiplier': 0.4, 'kelly_cap': 0.2, 'profit_threshold': 0.06, 'hard_stop_loss': 0.035, 'max_quantile_spread': 0.1, 'max_concurrent_trades': 5}",0.0,0.0,0.0,0.0,0.0,0,0.0,ok
quantile_spread,"{'prob_threshold': 0.3, 'kelly_multiplier': 0.4, 'kelly_cap': 0.2, 'profit_threshold': 0.06, 'hard_stop_loss': 0.035, 'max_quantile_spread': 0.1, 'max_concurrent_trades': 10}",0.0,0.0,0.0,0.0,0.0,0,0.0,ok
quantile_spread,"{'prob_threshold': 0.3, 'kelly_multiplier': 0.4, 'kelly_cap': 0.2, 'profit_threshold': 0.06, 'hard_stop_loss': 0.035, 'max_quantile_spread': 0.15, 'max_concurrent_trades': 5}",0.3127,0.0199,0.265,0.2221,77.78,9,1.8944,ok
quantile_spread,"{'prob_threshold': 0.3, 'kelly_multiplier': 0.4, 'kelly_cap': 0.2, 'profit_threshold': 0.06, 'hard_stop_loss': 0.035, 'max_quantile_spread': 0.15, 'max_concurrent_trades': 10}",0.2895,0.0171,0.2277,0.2221,72.73,11,1.6446,ok
quantile_spread,"{'prob_threshold': 0.3, 'kelly_multiplier': 0.4, 'kelly_cap': 0.2, 'profit_threshold': 0.07, 'hard_stop_loss': 0.025, 'max_quantile_spread': 0.1, 'max_concurrent_trades': 5}",0.0,0.0,0.0,0.0,0.0,0,0.0,ok
quantile_spread,"{'prob_threshold': 0.3, 'kelly_multiplier': 0.4, 'kelly_cap': 0.2, 'profit_threshold': 0.07, 'hard_stop_loss': 0.025, 'max_quantile_spread': 0.15, 'max_concurrent_trades': 5}",-0.2354,-0.0178,-0.2285,0.4604,55.56,9,0.6154,ok
quantile_spread,"{'prob_threshold': 0.3, 'kelly_multiplier': 0.4, 'kelly_cap': 0.2, 'profit_threshold': 0.07, 'hard_stop_loss': 0.025, 'max_quantile_spread': 0.1, 'max_concurrent_trades': 10}",0.0,0.0,0.0,0.0,0.0,0,0.0,ok
quantile_spread,"{'prob_threshold': 0.3, 'kelly_multiplier': 0.4, 'kelly_cap': 0.2, 'profit_threshold': 0.07, 'hard_stop_loss': 0.025, 'max_quantile_spread': 0.15, 'max_concurrent_trades': 10}",-0.3805,-0.0306,-0.3953,0.6269,50.0,10,0.4802,ok
quantile_spread,"{'prob_threshold': 0.3, 'kelly_multiplier': 0.4, 'kelly_cap': 0.2, 'profit_threshold': 0.07, 'hard_stop_loss': 0.03, 'max_quantile_spread': 0.1, 'max_concurrent_trades': 10}",0.0,0.0,0.0,0.0,0.0,0,0.0,ok
quantile_spread,"{'prob_threshold': 0.3, 'kelly_multiplier': 0.4, 'kelly_cap': 0.2, 'profit_threshold': 0.07, 'hard_stop_loss': 0.03, 'max_quantile_spread': 0.1, 'max_concurrent_trades': 5}",0.0,0.0,0.0,0.0,0.0,0,0.0,ok
quantile_spread,"{'prob_threshold': 0.3, 'kelly_multiplier': 0.4, 'kelly_cap': 0.2, 'profit_threshold': 0.07, 'hard_stop_loss': 0.03, 'max_quantile_spread': 0.15, 'max_concurrent_trades': 5}",-0.6476,-0.0427,-0.3669,0.424,37.5,8,0.2119,ok
quantile_spread,"{'prob_threshold': 0.3, 'kelly_multiplier': 0.4, 'kelly_cap': 0.2, 'profit_threshold': 0.07, 'hard_stop_loss': 0.03, 'max_quantile_spread': 0.15, 'max_concurrent_trades': 10}",-0.6476,-0.0427,-0.3669,0.424,37.5,8,0.2119,ok
quantile_spread,"{'prob_threshold': 0.3, 'kelly_multiplier': 0.4, 'kelly_cap': 0.2, 'profit_threshold': 0.07, 'hard_stop_loss': 0.035, 'max_quantile_spread': 0.1, 'max_concurrent_trades': 5}",0.0,0.0,0.0,0.0,0.0,0,0.0,ok
quantile_spread,"{'prob_threshold': 0.3, 'kelly_multiplier': 0.4, 'kelly_cap': 0.2, 'profit_threshold': 0.07, 'hard_stop_loss': 0.035, 'max_quantile_spread': 0.1, 'max_concurrent_trades': 10}",0.0,0.0,0.0,0.0,0.0,0,0.0,ok
quantile_spread,"{'prob_threshold': 0.3, 'kelly_multiplier': 0.4, 'kelly_cap': 0.2, 'profit_threshold': 0.07, 'hard_stop_loss': 0.035, 'max_quantile_spread': 0.15, 'max_concurrent_trades': 10}",-0.5815,-0.023,-0.1449,0.1449,0.0,2,0.0,ok
quantile_spread,"{'prob_threshold': 0.3, 'kelly_multiplier': 0.4, 'kelly_cap': 0.2, 'profit_threshold': 0.07, 'hard_stop_loss': 0.035, 'max_quantile_spread': 0.15, 'max_concurrent_trades': 5}",-0.5815,-0.023,-0.1449,0.1449,0.0,2,0.0,ok
quantile_spread,"{'prob_threshold': 0.3, 'kelly_multiplier': 0.4, 'kelly_cap': 0.3, 'profit_threshold': 0.05, 'hard_stop_loss': 0.025, 'max_quantile_spread': 0.1, 'max_concurrent_trades': 5}",0.0,0.0,0.0,0.0,0.0,0,0.0,ok
quantile_spread,"{'prob_threshold': 0.3, 'kelly_multiplier': 0.4, 'kelly_cap': 0.3, 'profit_threshold': 0.05, 'hard_stop_loss': 0.025, 'max_quantile_spread': 0.15, 'max_concurrent_trades': 5}",-0.3499,-0.0559,-0.958,1.5027,40.54,37,0.6596,ok
quantile_spread,"{'prob_threshold': 0.3, 'kelly_multiplier': 0.4, 'kelly_cap': 0.3, 'profit_threshold': 0.05, 'hard_stop_loss': 0.025, 'max_quantile_spread': 0.1, 'max_concurrent_trades': 10}",0.0,0.0,0.0,0.0,0.0,0,0.0,ok
quantile_spread,"{'prob_threshold': 0.3, 'kelly_multiplier': 0.4, 'kelly_cap': 0.3, 'profit_threshold': 0.05, 'hard_stop_loss': 0.025, 'max_quantile_spread': 0.15, 'max_concurrent_trades': 10}",-0.2496,-0.0438,-0.7373,1.2832,42.55,47,0.7773,ok
quantile_spread,"{'prob_threshold': 0.3, 'kelly_multiplier': 0.4, 'kelly_cap': 0.3, 'profit_threshold': 0.05, 'hard_stop_loss': 0.03, 'max_quantile_spread': 0.1, 'max_concurrent_trades': 5}",0.0,0.0,0.0,0.0,0.0,0,0.0,ok
quantile_spread,"{'prob_threshold': 0.3, 'kelly_multiplier': 0.4, 'kelly_cap': 0.3, 'profit_threshold': 0.05, 'hard_stop_loss': 0.03, 'max_quantile_spread': 0.1, 'max_concurrent_trades': 10}",0.0,0.0,0.0,0.0,0.0,0,0.0,ok
quantile_spread,"{'prob_threshold': 0.3, 'kelly_multiplier': 0.4, 'kelly_cap': 0.3, 'profit_threshold': 0.05, 'hard_stop_loss': 0.03, 'max_quantile_spread': 0.15, 'max_concurrent_trades': 5}",-0.0485,-0.0048,-0.1196,0.8831,56.25,16,0.9291,ok
quantile_spread,"{'prob_threshold': 0.3, 'kelly_multiplier': 0.4, 'kelly_cap': 0.3, 'profit_threshold': 0.05, 'hard_stop_loss': 0.03, 'max_quantile_spread': 0.15, 'max_concurrent_trades': 10}",-0.125,-0.013,-0.2999,0.8831,52.38,21,0.8543,ok
quantile_spread,"{'prob_threshold': 0.3, 'kelly_multiplier': 0.4, 'kelly_cap': 0.3, 'profit_threshold': 0.05, 'hard_stop_loss': 0.035, 'max_quantile_spread': 0.1, 'max_concurrent_trades': 5}",0.0,0.0,0.0,0.0,0.0,0,0.0,ok
quantile_spread,"{'prob_threshold': 0.3, 'kelly_multiplier': 0.4, 'kelly_cap': 0.3, 'profit_threshold': 0.05, 'hard_stop_loss': 0.035, 'max_quantile_spread': 0.1, 'max_concurrent_trades': 10}",0.0,0.0,0.0,0.0,0.0,0,0.0,ok
quantile_spread,"{'prob_threshold': 0.3, 'kelly_multiplier': 0.4, 'kelly_cap': 0.3, 'profit_threshold': 0.05, 'hard_stop_loss': 0.035, 'max_quantile_spread': 0.15, 'max_concurrent_trades': 5}",0.3766,0.0307,0.6257,0.3303,78.57,14,1.7596,ok
quantile_spread,"{'prob_threshold': 0.3, 'kelly_multiplier': 0.4, 'kelly_cap': 0.3, 'profit_threshold': 0.06, 'hard_stop_loss': 0.025, 'max_quantile_spread': 0.1, 'max_concurrent_trades': 5}",0.0,0.0,0.0,0.0,0.0,0,0.0,ok
quantile_spread,"{'prob_threshold': 0.3, 'kelly_multiplier': 0.4, 'kelly_cap': 0.3, 'profit_threshold': 0.05, 'hard_stop_loss': 0.035, 'max_quantile_spread': 0.15, 'max_concurrent_trades': 10}",0.3321,0.0299,0.5332,0.3923,70.59,17,1.5626,ok
quantile_spread,"{'prob_threshold': 0.3, 'kelly_multiplier': 0.4, 'kelly_cap': 0.3, 'profit_threshold': 0.06, 'hard_stop_loss': 0.025, 'max_quantile_spread': 0.1, 'max_concurrent_trades': 10}",0.0,0.0,0.0,0.0,0.0,0,0.0,ok
quantile_spread,"{'prob_threshold': 0.3, 'kelly_multiplier': 0.4, 'kelly_cap': 0.3, 'profit_threshold': 0.06, 'hard_stop_loss': 0.025, 'max_quantile_spread': 0.15, 'max_concurrent_trades': 10}",-0.1144,-0.0124,-0.2309,0.8119,52.0,25,0.8597,ok
quantile_spread,"{'prob_threshold': 0.3, 'kelly_multiplier': 0.4, 'kelly_cap': 0.3, 'profit_threshold': 0.06, 'hard_stop_loss': 0.025, 'max_quantile_spread': 0.15, 'max_concurrent_trades': 5}",-0.2408,-0.0252,-0.4663,1.0459,50.0,20,0.6707,ok
quantile_spread,"{'prob_threshold': 0.3, 'kelly_multiplier': 0.4, 'kelly_cap': 0.3, 'profit_threshold': 0.06, 'hard_stop_loss': 0.03, 'max_quantile_spread': 0.1, 'max_concurrent_trades': 5}",0.0,0.0,0.0,0.0,0.0,0,0.0,ok
quantile_spread,"{'prob_threshold': 0.3, 'kelly_multiplier': 0.4, 'kelly_cap': 0.3, 'profit_threshold': 0.06, 'hard_stop_loss': 0.03, 'max_quantile_spread': 0.1, 'max_concurrent_trades': 10}",0.0,0.0,0.0,0.0,0.0,0,0.0,ok
quantile_spread,"{'prob_threshold': 0.3, 'kelly_multiplier': 0.4, 'kelly_cap': 0.3, 'profit_threshold': 0.06, 'hard_stop_loss': 0.03, 'max_quantile_spread': 0.15, 'max_concurrent_trades': 5}",-0.2191,-0.0161,-0.3544,0.7024,54.55,11,0.6457,ok
quantile_spread,"{'prob_threshold': 0.3, 'kelly_multiplier': 0.4, 'kelly_cap': 0.3, 'profit_threshold': 0.06, 'hard_stop_loss': 0.03, 'max_quantile_spread': 0.15, 'max_concurrent_trades': 10}",-0.2484,-0.0202,-0.4164,0.7643,53.33,15,0.6636,ok
quantile_spread,"{'prob_threshold': 0.3, 'kelly_multiplier': 0.4, 'kelly_cap': 0.3, 'profit_threshold': 0.06, 'hard_stop_loss': 0.035, 'max_quantile_spread': 0.1, 'max_concurrent_trades': 10}",0.0,0.0,0.0,0.0,0.0,0,0.0,ok
quantile_spread,"{'prob_threshold': 0.3, 'kelly_multiplier': 0.4, 'kelly_cap': 0.3, 'profit_threshold': 0.06, 'hard_stop_loss': 0.035, 'max_quantile_spread': 0.1, 'max_concurrent_trades': 5}",0.0,0.0,0.0,0.0,0.0,0,0.0,ok
quantile_spread,"{'prob_threshold': 0.3, 'kelly_multiplier': 0.4, 'kelly_cap': 0.3, 'profit_threshold': 0.06, 'hard_stop_loss': 0.035, 'max_quantile_spread': 0.15, 'max_concurrent_trades': 5}",0.3275,0.0212,0.283,0.2221,77.78,9,1.9551,ok
quantile_spread,"{'prob_threshold': 0.3, 'kelly_multiplier': 0.4, 'kelly_cap': 0.3, 'profit_threshold': 0.07, 'hard_stop_loss': 0.025, 'max_quantile_spread': 0.1, 'max_concurrent_trades': 5}",0.0,0.0,0.0,0.0,0.0,0,0.0,ok
quantile_spread,"{'prob_threshold': 0.3, 'kelly_multiplier': 0.4, 'kelly_cap': 0.3, 'profit_threshold': 0.06, 'hard_stop_loss': 0.035, 'max_quantile_spread': 0.15, 'max_concurrent_trades': 10}",0.3066,0.0185,0.2458,0.2221,72.73,11,1.6956,ok
quantile_spread,"{'prob_threshold': 0.3, 'kelly_multiplier': 0.4, 'kelly_cap': 0.3, 'profit_threshold': 0.07, 'hard_stop_loss': 0.025, 'max_quantile_spread': 0.1, 'max_concurrent_trades': 10}",0.0,0.0,0.0,0.0,0.0,0,0.0,ok
quantile_spread,"{'prob_threshold': 0.3, 'kelly_multiplier': 0.4, 'kelly_cap': 0.3, 'profit_threshold': 0.07, 'hard_stop_loss': 0.025, 'max_quantile_spread': 0.15, 'max_concurrent_trades': 5}",-0.2354,-0.0178,-0.2285,0.4604,55.56,9,0.6154,ok
quantile_spread,"{'prob_threshold': 0.3, 'kelly_multiplier': 0.4, 'kelly_cap': 0.3, 'profit_threshold': 0.07, 'hard_stop_loss': 0.025, 'max_quantile_spread': 0.15, 'max_concurrent_trades': 10}",-0.3805,-0.0306,-0.3953,0.6269,50.0,10,0.4802,ok
quantile_spread,"{'prob_threshold': 0.3, 'kelly_multiplier': 0.4, 'kelly_cap': 0.3, 'profit_threshold': 0.07, 'hard_stop_loss': 0.03, 'max_quantile_spread': 0.1, 'max_concurrent_trades': 5}",0.0,0.0,0.0,0.0,0.0,0,0.0,ok
quantile_spread,"{'prob_threshold': 0.3, 'kelly_multiplier': 0.4, 'kelly_cap': 0.3, 'profit_threshold': 0.07, 'hard_stop_loss': 0.03, 'max_quantile_spread': 0.1, 'max_concurrent_trades': 10}",0.0,0.0,0.0,0.0,0.0,0,0.0,ok
quantile_spread,"{'prob_threshold': 0.3, 'kelly_multiplier': 0.4, 'kelly_cap': 0.3, 'profit_threshold': 0.07, 'hard_stop_loss': 0.03, 'max_quantile_spread': 0.15, 'max_concurrent_trades': 5}",-0.6476,-0.0427,-0.3669,0.424,37.5,8,0.2119,ok
quantile_spread,"{'prob_threshold': 0.3, 'kelly_multiplier': 0.4, 'kelly_cap': 0.3, 'profit_threshold': 0.07, 'hard_stop_loss': 0.03, 'max_quantile_spread': 0.15, 'max_concurrent_trades': 10}",-0.6476,-0.0427,-0.3669,0.424,37.5,8,0.2119,ok
quantile_spread,"{'prob_threshold': 0.3, 'kelly_multiplier': 0.4, 'kelly_cap': 0.3, 'profit_threshold': 0.07, 'hard_stop_loss': 0.035, 'max_quantile_spread': 0.1, 'max_concurrent_trades': 5}",0.0,0.0,0.0,0.0,0.0,0,0.0,ok
quantile_spread,"{'prob_threshold': 0.3, 'kelly_multiplier': 0.4, 'kelly_cap': 0.3, 'profit_threshold': 0.07, 'hard_stop_loss': 0.035, 'max_quantile_spread': 0.15, 'max_concurrent_trades': 5}",-0.5815,-0.023,-0.1449,0.1449,0.0,2,0.0,ok
quantile_spread,"{'prob_threshold': 0.3, 'kelly_multiplier': 0.4, 'kelly_cap': 0.3, 'profit_threshold': 0.07, 'hard_stop_loss': 0.035, 'max_quantile_spread': 0.1, 'max_concurrent_trades': 10}",0.0,0.0,0.0,0.0,0.0,0,0.0,ok
quantile_spread,"{'prob_threshold': 0.3, 'kelly_multiplier': 0.4, 'kelly_cap': 0.3, 'profit_threshold': 0.07, 'hard_stop_loss': 0.035, 'max_quantile_spread': 0.15, 'max_concurrent_trades': 10}",-0.5815,-0.023,-0.1449,0.1449,0.0,2,0.0,ok
quantile_spread,"{'prob_threshold': 0.3, 'kelly_multiplier': 0.6, 'kelly_cap': 0.2, 'profit_threshold': 0.05, 'hard_stop_loss': 0.025, 'max_quantile_spread': 0.1, 'max_concurrent_trades': 10}",0.0,0.0,0.0,0.0,0.0,0,0.0,ok
quantile_spread,"{'prob_threshold': 0.3, 'kelly_multiplier': 0.6, 'kelly_cap': 0.2, 'profit_threshold': 0.05, 'hard_stop_loss': 0.025, 'max_quantile_spread': 0.1, 'max_concurrent_trades': 5}",0.0,0.0,0.0,0.0,0.0,0,0.0,ok
quantile_spread,"{'prob_threshold': 0.3, 'kelly_multiplier': 0.6, 'kelly_cap': 0.2, 'profit_threshold': 0.05, 'hard_stop_loss': 0.025, 'max_quantile_spread': 0.15, 'max_concurrent_trades': 5}",-0.5162,-0.0948,-1.8658,2.3211,34.09,44,0.5561,ok
quantile_spread,"{'prob_threshold': 0.3, 'kelly_multiplier': 0.6, 'kelly_cap': 0.2, 'profit_threshold': 0.05, 'hard_stop_loss': 0.025, 'max_quantile_spread': 0.15, 'max_concurrent_trades': 10}",-0.4379,-0.0862,-1.6741,2.1303,37.04,54,0.6455,ok
quantile_spread,"{'prob_threshold': 0.3, 'kelly_multiplier': 0.6, 'kelly_cap': 0.2, 'profit_threshold': 0.05, 'hard_stop_loss': 0.03, 'max_quantile_spread': 0.1, 'max_concurrent_trades': 5}",0.0,0.0,0.0,0.0,0.0,0,0.0,ok
quantile_spread,"{'prob_threshold': 0.3, 'kelly_multiplier': 0.6, 'kelly_cap': 0.2, 'profit_threshold': 0.05, 'hard_stop_loss': 0.03, 'max_quantile_spread': 0.1, 'max_concurrent_trades': 10}",0.0,0.0,0.0,0.0,0.0,0,0.0,ok
quantile_spread,"{'prob_threshold': 0.3, 'kelly_multiplier': 0.6, 'kelly_cap': 0.2, 'profit_threshold': 0.05, 'hard_stop_loss': 0.03, 'max_quantile_spread': 0.15, 'max_concurrent_trades': 10}",-0.047,-0.0048,-0.1577,1.0817,52.38,21,0.9388,ok
quantile_spread,"{'prob_threshold': 0.3, 'kelly_multiplier': 0.6, 'kelly_cap': 0.2, 'profit_threshold': 0.05, 'hard_stop_loss': 0.03, 'max_quantile_spread': 0.15, 'max_concurrent_trades': 5}",-0.1404,-0.0141,-0.4443,1.2677,50.0,16,0.8046,ok
quantile_spread,"{'prob_threshold': 0.3, 'kelly_multiplier': 0.6, 'kelly_cap': 0.2, 'profit_threshold': 0.05, 'hard_stop_loss': 0.035, 'max_quantile_spread': 0.1, 'max_concurrent_trades': 5}",0.0,0.0,0.0,0.0,0.0,0,0.0,ok
quantile_spread,"{'prob_threshold': 0.3, 'kelly_multiplier': 0.6, 'kelly_cap': 0.2, 'profit_threshold': 0.05, 'hard_stop_loss': 0.035, 'max_quantile_spread': 0.15, 'max_concurrent_trades': 5}",0.3623,0.0292,0.8923,0.4954,78.57,14,1.7215,ok
quantile_spread,"{'prob_threshold': 0.3, 'kelly_multiplier': 0.6, 'kelly_cap': 0.2, 'profit_threshold': 0.05, 'hard_stop_loss': 0.035, 'max_quantile_spread': 0.1, 'max_concurrent_trades': 10}",0.0,0.0,0.0,0.0,0.0,0,0.0,ok
quantile_spread,"{'prob_threshold': 0.3, 'kelly_multiplier': 0.6, 'kelly_cap': 0.2, 'profit_threshold': 0.05, 'hard_stop_loss': 0.035, 'max_quantile_spread': 0.15, 'max_concurrent_trades': 10}",0.3166,0.0282,0.7535,0.5882,70.59,17,1.5295,ok
quantile_spread,"{'prob_threshold': 0.3, 'kelly_multiplier': 0.6, 'kelly_cap': 0.2, 'profit_threshold': 0.06, 'hard_stop_loss': 0.025, 'max_quantile_spread': 0.1, 'max_concurrent_trades': 5}",0.0,0.0,0.0,0.0,0.0,0,0.0,ok
quantile_spread,"{'prob_threshold': 0.3, 'kelly_multiplier': 0.6, 'kelly_cap': 0.2, 'profit_threshold': 0.06, 'hard_stop_loss': 0.025, 'max_quantile_spread': 0.1, 'max_concurrent_trades': 10}",0.0,0.0,0.0,0.0,0.0,0,0.0,ok
quantile_spread,"{'prob_threshold': 0.3, 'kelly_multiplier': 0.6, 'kelly_cap': 0.2, 'profit_threshold': 0.06, 'hard_stop_loss': 0.025, 'max_quantile_spread': 0.15, 'max_concurrent_trades': 5}",-0.3568,-0.0468,-0.9602,1.8164,40.74,27,0.5928,ok
quantile_spread,"{'prob_threshold': 0.3, 'kelly_multiplier': 0.6, 'kelly_cap': 0.2, 'profit_threshold': 0.06, 'hard_stop_loss': 0.03, 'max_quantile_spread': 0.1, 'max_concurrent_trades': 5}",0.0,0.0,0.0,0.0,0.0,0,0.0,ok
quantile_spread,"{'prob_threshold': 0.3, 'kelly_multiplier': 0.6, 'kelly_cap': 0.2, 'profit_threshold': 0.06, 'hard_stop_loss': 0.025, 'max_quantile_spread': 0.15, 'max_concurrent_trades': 10}",-0.1356,-0.019,-0.3954,1.2565,46.88,32,0.8415,ok
quantile_spread,"{'prob_threshold': 0.3, 'kelly_multiplier': 0.6, 'kelly_cap': 0.2, 'profit_threshold': 0.06, 'hard_stop_loss': 0.03, 'max_quantile_spread': 0.1, 'max_concurrent_trades': 10}",0.0,0.0,0.0,0.0,0.0,0,0.0,ok
quantile_spread,"{'prob_threshold': 0.3, 'kelly_multiplier': 0.6, 'kelly_cap': 0.2, 'profit_threshold': 0.06, 'hard_stop_loss': 0.03, 'max_quantile_spread': 0.15, 'max_concurrent_trades': 5}",-0.1826,-0.014,-0.4015,0.9232,54.55,11,0.7019,ok
quantile_spread,"{'prob_threshold': 0.3, 'kelly_multiplier': 0.6, 'kelly_cap': 0.2, 'profit_threshold': 0.06, 'hard_stop_loss': 0.03, 'max_quantile_spread': 0.15, 'max_concurrent_trades': 10}",-0.2403,-0.0201,-0.5429,1.0638,53.33,15,0.6812,ok
quantile_spread,"{'prob_threshold': 0.3, 'kelly_multiplier': 0.6, 'kelly_cap': 0.2, 'profit_threshold': 0.06, 'hard_stop_loss': 0.035, 'max_quantile_spread': 0.1, 'max_concurrent_trades': 5}",0.0,0.0,0.0,0.0,0.0,0,0.0,ok
quantile_spread,"{'prob_threshold': 0.3, 'kelly_multiplier': 0.6, 'kelly_cap': 0.2, 'profit_threshold': 0.06, 'hard_stop_loss': 0.035, 'max_quantile_spread': 0.1, 'max_concurrent_trades': 10}",0.0,0.0,0.0,0.0,0.0,0,0.0,ok
quantile_spread,"{'prob_threshold': 0.3, 'kelly_multiplier': 0.6, 'kelly_cap': 0.2, 'profit_threshold': 0.06, 'hard_stop_loss': 0.035, 'max_quantile_spread': 0.15, 'max_concurrent_trades': 10}",0.2636,0.019,0.3133,0.3931,69.23,13,1.5303,ok
quantile_spread,"{'prob_threshold': 0.3, 'kelly_multiplier': 0.6, 'kelly_cap': 0.2, 'profit_threshold': 0.06, 'hard_stop_loss': 0.035, 'max_quantile_spread': 0.15, 'max_concurrent_trades': 5}",0.3375,0.0215,0.4296,0.3331,80.0,10,1.9653,ok
quantile_spread,"{'prob_threshold': 0.3, 'kelly_multiplier': 0.6, 'kelly_cap': 0.2, 'profit_threshold': 0.07, 'hard_stop_loss': 0.025, 'max_quantile_spread': 0.1, 'max_concurrent_trades': 5}",0.0,0.0,0.0,0.0,0.0,0,0.0,ok
quantile_spread,"{'prob_threshold': 0.3, 'kelly_multiplier': 0.6, 'kelly_cap': 0.2, 'profit_threshold': 0.07, 'hard_stop_loss': 0.025, 'max_quantile_spread': 0.1, 'max_concurrent_trades': 10}",0.0,0.0,0.0,0.0,0.0,0,0.0,ok
quantile_spread,"{'prob_threshold': 0.3, 'kelly_multiplier': 0.6, 'kelly_cap': 0.2, 'profit_threshold': 0.07, 'hard_stop_loss': 0.025, 'max_quantile_spread': 0.15, 'max_concurrent_trades': 5}",-0.235,-0.0178,-0.3427,0.6902,55.56,9,0.6153,ok
quantile_spread,"{'prob_threshold': 0.3, 'kelly_multiplier': 0.6, 'kelly_cap': 0.2, 'profit_threshold': 0.07, 'hard_stop_loss': 0.025, 'max_quantile_spread': 0.15, 'max_concurrent_trades': 10}",-0.3801,-0.0305,-0.593,0.9396,50.0,10,0.4798,ok
quantile_spread,"{'prob_threshold': 0.3, 'kelly_multiplier': 0.6, 'kelly_cap': 0.2, 'profit_threshold': 0.07, 'hard_stop_loss': 0.03, 'max_quantile_spread': 0.1, 'max_concurrent_trades': 10}",0.0,0.0,0.0,0.0,0.0,0,0.0,ok
quantile_spread,"{'prob_threshold': 0.3, 'kelly_multiplier': 0.6, 'kelly_cap': 0.2, 'profit_threshold': 0.07, 'hard_stop_loss': 0.03, 'max_quantile_spread': 0.1, 'max_concurrent_trades': 5}",0.0,0.0,0.0,0.0,0.0,0,0.0,ok
quantile_spread,"{'prob_threshold': 0.3, 'kelly_multiplier': 0.6, 'kelly_cap': 0.2, 'profit_threshold': 0.07, 'hard_stop_loss': 0.03, 'max_quantile_spread': 0.15, 'max_concurrent_trades': 5}",-0.6475,-0.0427,-0.55,0.6357,37.5,8,0.2118,ok
quantile_spread,"{'prob_threshold': 0.3, 'kelly_multiplier': 0.6, 'kelly_cap': 0.2, 'profit_threshold': 0.07, 'hard_stop_loss': 0.03, 'max_quantile_spread': 0.15, 'max_concurrent_trades': 10}",-0.6475,-0.0427,-0.55,0.6357,37.5,8,0.2118,ok
quantile_spread,"{'prob_threshold': 0.3, 'kelly_multiplier': 0.6, 'kelly_cap': 0.2, 'profit_threshold': 0.07, 'hard_stop_loss': 0.035, 'max_quantile_spread': 0.1, 'max_concurrent_trades': 5}",0.0,0.0,0.0,0.0,0.0,0,0.0,ok
quantile_spread,"{'prob_threshold': 0.3, 'kelly_multiplier': 0.6, 'kelly_cap': 0.2, 'profit_threshold': 0.07, 'hard_stop_loss': 0.035, 'max_quantile_spread': 0.1, 'max_concurrent_trades': 10}",0.0,0.0,0.0,0.0,0.0,0,0.0,ok
quantile_spread,"{'prob_threshold': 0.3, 'kelly_multiplier': 0.6, 'kelly_cap': 0.2, 'profit_threshold': 0.07, 'hard_stop_loss': 0.035, 'max_quantile_spread': 0.15, 'max_concurrent_trades': 5}",-0.5815,-0.023,-0.2174,0.2174,0.0,2,0.0,ok
quantile_spread,"{'prob_threshold': 0.3, 'kelly_multiplier': 0.6, 'kelly_cap': 0.3, 'profit_threshold': 0.05, 'hard_stop_loss': 0.025, 'max_quantile_spread': 0.1, 'max_concurrent_trades': 5}",0.0,0.0,0.0,0.0,0.0,0,0.0,ok
quantile_spread,"{'prob_threshold': 0.3, 'kelly_multiplier': 0.6, 'kelly_cap': 0.2, 'profit_threshold': 0.07, 'hard_stop_loss': 0.035, 'max_quantile_spread': 0.15, 'max_concurrent_trades': 10}",-0.5815,-0.023,-0.2174,0.2174,0.0,2,0.0,ok
quantile_spread,"{'prob_threshold': 0.3, 'kelly_multiplier': 0.6, 'kelly_cap': 0.3, 'profit_threshold': 0.05, 'hard_stop_loss': 0.025, 'max_quantile_spread': 0.15, 'max_concurrent_trades': 5}",-0.4893,-0.0876,-2.0811,2.7083,34.09,44,0.5635,ok
quantile_spread,"{'prob_threshold': 0.3, 'kelly_multiplier': 0.6, 'kelly_cap': 0.3, 'profit_threshold': 0.05, 'hard_stop_loss': 0.025, 'max_quantile_spread': 0.1, 'max_concurrent_trades': 10}",0.0,0.0,0.0,0.0,0.0,0,0.0,ok
quantile_spread,"{'prob_threshold': 0.3, 'kelly_multiplier': 0.6, 'kelly_cap': 0.3, 'profit_threshold': 0.05, 'hard_stop_loss': 0.025, 'max_quantile_spread': 0.15, 'max_concurrent_trades': 10}",-0.3351,-0.0661,-1.5106,2.1414,37.04,54,0.7054,ok
quantile_spread,"{'prob_threshold': 0.3, 'kelly_multiplier': 0.6, 'kelly_cap': 0.3, 'profit_threshold': 0.05, 'hard_stop_loss': 0.03, 'max_quantile_spread': 0.1, 'max_concurrent_trades': 5}",0.0,0.0,0.0,0.0,0.0,0,0.0,ok
quantile_spread,"{'prob_threshold': 0.3, 'kelly_multiplier': 0.6, 'kelly_cap': 0.3, 'profit_threshold': 0.05, 'hard_stop_loss': 0.03, 'max_quantile_spread': 0.1, 'max_concurrent_trades': 10}",0.0,0.0,0.0,0.0,0.0,0,0.0,ok
quantile_spread,"{'prob_threshold': 0.3, 'kelly_multiplier': 0.6, 'kelly_cap': 0.3, 'profit_threshold': 0.05, 'hard_stop_loss': 0.03, 'max_quantile_spread': 0.15, 'max_concurrent_trades': 5}",-0.1806,-0.0172,-0.6225,1.4831,50.0,16,0.7546,ok
quantile_spread,"{'prob_threshold': 0.3, 'kelly_multiplier': 0.6, 'kelly_cap': 0.3, 'profit_threshold': 0.05, 'hard_stop_loss': 0.03, 'max_quantile_spread': 0.15, 'max_concurrent_trades': 10}",-0.0558,-0.0055,-0.2067,1.3247,52.38,21,0.9272,ok
quantile_spread,"{'prob_threshold': 0.3, 'kelly_multiplier': 0.6, 'kelly_cap': 0.3, 'profit_threshold': 0.05, 'hard_stop_loss': 0.035, 'max_quantile_spread': 0.1, 'max_concurrent_trades': 5}",0.0,0.0,0.0,0.0,0.0,0,0.0,ok
quantile_spread,"{'prob_threshold': 0.3, 'kelly_multiplier': 0.6, 'kelly_cap': 0.3, 'profit_threshold': 0.05, 'hard_stop_loss': 0.035, 'max_quantile_spread': 0.1, 'max_concurrent_trades': 10}",0.0,0.0,0.0,0.0,0.0,0,0.0,ok
quantile_spread,"{'prob_threshold': 0.3, 'kelly_multiplier': 0.6, 'kelly_cap': 0.3, 'profit_threshold': 0.05, 'hard_stop_loss': 0.035, 'max_quantile_spread': 0.15, 'max_concurrent_trades': 10}",0.3326,0.03,0.8002,0.5882,70.59,17,1.5623,ok
quantile_spread,"{'prob_threshold': 0.3, 'kelly_multiplier': 0.6, 'kelly_cap': 0.3, 'profit_threshold': 0.05, 'hard_stop_loss': 0.035, 'max_quantile_spread': 0.15, 'max_concurrent_trades': 5}",0.377,0.0307,0.9392,0.4954,78.57,14,1.7592,ok
quantile_spread,"{'prob_threshold': 0.3, 'kelly_multiplier': 0.6, 'kelly_cap': 0.3, 'profit_threshold': 0.06, 'hard_stop_loss': 0.025, 'max_quantile_spread': 0.1, 'max_concurrent_trades': 10}",0.0,0.0,0.0,0.0,0.0,0,0.0,ok
quantile_spread,"{'prob_threshold': 0.3, 'kelly_multiplier': 0.6, 'kelly_cap': 0.3, 'profit_threshold': 0.06, 'hard_stop_loss': 0.025, 'max_quantile_spread': 0.1, 'max_concurrent_trades': 5}",0.0,0.0,0.0,0.0,0.0,0,0.0,ok
quantile_spread,"{'prob_threshold': 0.3, 'kelly_multiplier': 0.6, 'kelly_cap': 0.3, 'profit_threshold': 0.06, 'hard_stop_loss': 0.025, 'max_quantile_spread': 0.15, 'max_concurrent_trades': 5}",-0.405,-0.05,-1.209,2.063,40.74,27,0.5356,ok
quantile_spread,"{'prob_threshold': 0.3, 'kelly_multiplier': 0.6, 'kelly_cap': 0.3, 'profit_threshold': 0.06, 'hard_stop_loss': 0.025, 'max_quantile_spread': 0.15, 'max_concurrent_trades': 10}",-0.1595,-0.0212,-0.5215,1.3815,46.88,32,0.8098,ok
quantile_spread,"{'prob_threshold': 0.3, 'kelly_multiplier': 0.6, 'kelly_cap': 0.3, 'profit_threshold': 0.06, 'hard_stop_loss': 0.03, 'max_quantile_spread': 0.1, 'max_concurrent_trades': 5}",0.0,0.0,0.0,0.0,0.0,0,0.0,ok
quantile_spread,"{'prob_threshold': 0.3, 'kelly_multiplier': 0.6, 'kelly_cap': 0.3, 'profit_threshold': 0.06, 'hard_stop_loss': 0.03, 'max_quantile_spread': 0.1, 'max_concurrent_trades': 10}",0.0,0.0,0.0,0.0,0.0,0,0.0,ok
quantile_spread,"{'prob_threshold': 0.3, 'kelly_multiplier': 0.6, 'kelly_cap': 0.3, 'profit_threshold': 0.06, 'hard_stop_loss': 0.03, 'max_quantile_spread': 0.15, 'max_concurrent_trades': 5}",-0.2187,-0.0161,-0.5321,1.0531,54.55,11,0.6449,ok
quantile_spread,"{'prob_threshold': 0.3, 'kelly_multiplier': 0.6, 'kelly_cap': 0.3, 'profit_threshold': 0.06, 'hard_stop_loss': 0.03, 'max_quantile_spread': 0.15, 'max_concurrent_trades': 10}",-0.2479,-0.0202,-0.625,1.1455,53.33,15,0.663,ok
quantile_spread,"{'prob_threshold': 0.3, 'kelly_multiplier': 0.6, 'kelly_cap': 0.3, 'profit_threshold': 0.06, 'hard_stop_loss': 0.035, 'max_quantile_spread': 0.1, 'max_concurrent_trades': 5}",0.0,0.0,0.0,0.0,0.0,0,0.0,ok
quantile_spread,"{'prob_threshold': 0.3, 'kelly_multiplier': 0.6, 'kelly_cap': 0.3, 'profit_threshold': 0.06, 'hard_stop_loss': 0.035, 'max_quantile_spread': 0.15, 'max_concurrent_trades': 5}",0.3517,0.0229,0.4566,0.3331,80.0,10,2.0259,ok
quantile_spread,"{'prob_threshold': 0.3, 'kelly_multiplier': 0.6, 'kelly_cap': 0.3, 'profit_threshold': 0.06, 'hard_stop_loss': 0.035, 'max_quantile_spread': 0.1, 'max_concurrent_trades': 10}",0.0,0.0,0.0,0.0,0.0,0,0.0,ok
quantile_spread,"{'prob_threshold': 0.3, 'kelly_multiplier': 0.6, 'kelly_cap': 0.3, 'profit_threshold': 0.07, 'hard_stop_loss': 0.025, 'max_quantile_spread': 0.1, 'max_concurrent_trades': 5}",0.0,0.0,0.0,0.0,0.0,0,0.0,ok
quantile_spread,"{'prob_threshold': 0.3, 'kelly_multiplier': 0.6, 'kelly_cap': 0.3, 'profit_threshold': 0.06, 'hard_stop_loss': 0.035, 'max_quantile_spread': 0.15, 'max_concurrent_trades': 10}",0.281,0.0206,0.3404,0.3931,69.23,13,1.5759,ok
quantile_spread,"{'prob_threshold': 0.3, 'kelly_multiplier': 0.6, 'kelly_cap': 0.3, 'profit_threshold': 0.07, 'hard_stop_loss': 0.025, 'max_quantile_spread': 0.1, 'max_concurrent_trades': 10}",0.0,0.0,0.0,0.0,0.0,0,0.0,ok
quantile_spread,"{'prob_threshold': 0.3, 'kelly_multiplier': 0.6, 'kelly_cap': 0.3, 'profit_threshold': 0.07, 'hard_stop_loss': 0.025, 'max_quantile_spread': 0.15, 'max_concurrent_trades': 5}",-0.235,-0.0178,-0.3427,0.6902,55.56,9,0.6153,ok
quantile_spread,"{'prob_threshold': 0.3, 'kelly_multiplier': 0.6, 'kelly_cap': 0.3, 'profit_threshold': 0.07, 'hard_stop_loss': 0.025, 'max_quantile_spread': 0.15, 'max_concurrent_trades': 10}",-0.3801,-0.0305,-0.593,0.9396,50.0,10,0.4798,ok
quantile_spread,"{'prob_threshold': 0.3, 'kelly_multiplier': 0.6, 'kelly_cap': 0.3, 'profit_threshold': 0.07, 'hard_stop_loss': 0.03, 'max_quantile_spread': 0.1, 'max_concurrent_trades': 5}",0.0,0.0,0.0,0.0,0.0,0,0.0,ok
quantile_spread,"{'prob_threshold': 0.3, 'kelly_multiplier': 0.6, 'kelly_cap': 0.3, 'profit_threshold': 0.07, 'hard_stop_loss': 0.03, 'max_quantile_spread': 0.1, 'max_concurrent_trades': 10}",0.0,0.0,0.0,0.0,0.0,0,0.0,ok
quantile_spread,"{'prob_threshold': 0.3, 'kelly_multiplier': 0.6, 'kelly_cap': 0.3, 'profit_threshold': 0.07, 'hard_stop_loss': 0.03, 'max_quantile_spread': 0.15, 'max_concurrent_trades': 5}",-0.6475,-0.0427,-0.55,0.6357,37.5,8,0.2118,ok
quantile_spread,"{'prob_threshold': 0.3, 'kelly_multiplier': 0.6, 'kelly_cap': 0.3, 'profit_threshold': 0.07, 'hard_stop_loss': 0.03, 'max_quantile_spread': 0.15, 'max_concurrent_trades': 10}",-0.6475,-0.0427,-0.55,0.6357,37.5,8,0.2118,ok
quantile_spread,"{'prob_threshold': 0.3, 'kelly_multiplier': 0.6, 'kelly_cap': 0.3, 'profit_threshold': 0.07, 'hard_stop_loss': 0.035, 'max_quantile_spread': 0.1, 'max_concurrent_trades': 10}",0.0,0.0,0.0,0.0,0.0,0,0.0,ok
quantile_spread,"{'prob_threshold': 0.3, 'kelly_multiplier': 0.6, 'kelly_cap': 0.3, 'profit_threshold': 0.07, 'hard_stop_loss': 0.035, 'max_quantile_spread': 0.1, 'max_concurrent_trades': 5}",0.0,0.0,0.0,0.0,0.0,0,0.0,ok
quantile_spread,"{'prob_threshold': 0.3, 'kelly_multiplier': 0.6, 'kelly_cap': 0.3, 'profit_threshold': 0.07, 'hard_stop_loss': 0.035, 'max_quantile_spread': 0.15, 'max_concurrent_trades': 10}",-0.5815,-0.023,-0.2174,0.2174,0.0,2,0.0,ok
quantile_spread,"{'prob_threshold': 0.3, 'kelly_multiplier': 0.6, 'kelly_cap': 0.3, 'profit_threshold': 0.07, 'hard_stop_loss': 0.035, 'max_quantile_spread': 0.15, 'max_concurrent_trades': 5}",-0.5815,-0.023,-0.2174,0.2174,0.0,2,0.0,ok
quantile_spread,"{'prob_threshold': 0.3, 'kelly_multiplier': 0.8, 'kelly_cap': 0.2, 'profit_threshold': 0.05, 'hard_stop_loss': 0.025, 'max_quantile_spread': 0.1, 'max_concurrent_trades': 5}",0.0,0.0,0.0,0.0,0.0,0,0.0,ok
quantile_spread,"{'prob_threshold': 0.3, 'kelly_multiplier': 0.8, 'kelly_cap': 0.2, 'profit_threshold': 0.05, 'hard_stop_loss': 0.025, 'max_quantile_spread': 0.1, 'max_concurrent_trades': 10}",0.0,0.0,0.0,0.0,0.0,0,0.0,ok
quantile_spread,"{'prob_threshold': 0.3, 'kelly_multiplier': 0.8, 'kelly_cap': 0.2, 'profit_threshold': 0.05, 'hard_stop_loss': 0.025, 'max_quantile_spread': 0.15, 'max_concurrent_trades': 5}",-0.5181,-0.0993,-2.4898,3.0763,33.33,45,0.554,ok
quantile_spread,"{'prob_threshold': 0.3, 'kelly_multiplier': 0.8, 'kelly_cap': 0.2, 'profit_threshold': 0.05, 'hard_stop_loss': 0.03, 'max_quantile_spread': 0.1, 'max_concurrent_trades': 5}",0.0,0.0,0.0,0.0,0.0,0,0.0,ok
quantile_spread,"{'prob_threshold': 0.3, 'kelly_multiplier': 0.8, 'kelly_cap': 0.2, 'profit_threshold': 0.05, 'hard_stop_loss': 0.025, 'max_quantile_spread': 0.15, 'max_concurrent_trades': 10}",-0.5776,-0.1147,-2.8463,3.4306,34.55,55,0.5505,ok
quantile_spread,"{'prob_threshold': 0.3, 'kelly_multiplier': 0.8, 'kelly_cap': 0.2, 'profit_threshold': 0.05, 'hard_stop_loss': 0.03, 'max_quantile_spread': 0.1, 'max_concurrent_trades': 10}",0.0,0.0,0.0,0.0,0.0,0,0.0,ok
quantile_spread,"{'prob_threshold': 0.3, 'kelly_multiplier': 0.8, 'kelly_cap': 0.2, 'profit_threshold': 0.05, 'hard_stop_loss': 0.03, 'max_quantile_spread': 0.15, 'max_concurrent_trades': 5}",-0.1529,-0.0153,-0.6421,1.7731,52.94,17,0.788,ok
quantile_spread,"{'prob_threshold': 0.3, 'kelly_multiplier': 0.8, 'kelly_cap': 0.2, 'profit_threshold': 0.05, 'hard_stop_loss': 0.03, 'max_quantile_spread': 0.15, 'max_concurrent_trades': 10}",-0.0493,-0.005,-0.2232,1.4422,54.55,22,0.935,ok
quantile_spread,"{'prob_threshold': 0.3, 'kelly_multiplier': 0.8, 'kelly_cap': 0.2, 'profit_threshold': 0.05, 'hard_stop_loss': 0.035, 'max_quantile_spread': 0.1, 'max_concurrent_trades': 5}",0.0,0.0,0.0,0.0,0.0,0,0.0,ok
quantile_spread,"{'prob_threshold': 0.3, 'kelly_multiplier': 0.8, 'kelly_cap': 0.2, 'profit_threshold': 0.05, 'hard_stop_loss': 0.035, 'max_quantile_spread': 0.15, 'max_concurrent_trades': 5}",0.3627,0.0293,1.1904,0.6605,78.57,14,1.721,ok
quantile_spread,"{'prob_threshold': 0.3, 'kelly_multiplier': 0.8, 'kelly_cap': 0.2, 'profit_threshold': 0.05, 'hard_stop_loss': 0.035, 'max_quantile_spread': 0.1, 'max_concurrent_trades': 10}",0.0,0.0,0.0,0.0,0.0,0,0.0,ok
quantile_spread,"{'prob_threshold': 0.3, 'kelly_multiplier': 0.8, 'kelly_cap': 0.2, 'profit_threshold': 0.05, 'hard_stop_loss': 0.035, 'max_quantile_spread': 0.15, 'max_concurrent_trades': 10}",0.317,0.0283,1.0049,0.7839,70.59,17,1.5292,ok
quantile_spread,"{'prob_threshold': 0.3, 'kelly_multiplier': 0.8, 'kelly_cap': 0.2, 'profit_threshold': 0.06, 'hard_stop_loss': 0.025, 'max_quantile_spread': 0.1, 'max_concurrent_trades': 5}",0.0,0.0,0.0,0.0,0.0,0,0.0,ok
quantile_spread,"{'prob_threshold': 0.3, 'kelly_multiplier': 0.8, 'kelly_cap': 0.2, 'profit_threshold': 0.06, 'hard_stop_loss': 0.025, 'max_quantile_spread': 0.1, 'max_concurrent_trades': 10}",0.0,0.0,0.0,0.0,0.0,0,0.0,ok
quantile_spread,"{'prob_threshold': 0.3, 'kelly_multiplier': 0.8, 'kelly_cap': 0.2, 'profit_threshold': 0.06, 'hard_stop_loss': 0.025, 'max_quantile_spread': 0.15, 'max_concurrent_trades': 5}",-0.3573,-0.0469,-1.289,2.4174,43.33,30,0.5958,ok
quantile_spread,"{'prob_threshold': 0.3, 'kelly_multiplier': 0.8, 'kelly_cap': 0.2, 'profit_threshold': 0.06, 'hard_stop_loss': 0.025, 'max_quantile_spread': 0.15, 'max_concurrent_trades': 10}",-0.1367,-0.0191,-0.5365,1.6736,48.57,35,0.841,ok
quantile_spread,"{'prob_threshold': 0.3, 'kelly_multiplier': 0.8, 'kelly_cap': 0.2, 'profit_threshold': 0.06, 'hard_stop_loss': 0.03, 'max_quantile_spread': 0.1, 'max_concurrent_trades': 10}",0.0,0.0,0.0,0.0,0.0,0,0.0,ok
quantile_spread,"{'prob_threshold': 0.3, 'kelly_multiplier': 0.8, 'kelly_cap': 0.2, 'profit_threshold': 0.06, 'hard_stop_loss': 0.03, 'max_quantile_spread': 0.1, 'max_concurrent_trades': 5}",0.0,0.0,0.0,0.0,0.0,0,0.0,ok
quantile_spread,"{'prob_threshold': 0.3, 'kelly_multiplier': 0.8, 'kelly_cap': 0.2, 'profit_threshold': 0.06, 'hard_stop_loss': 0.03, 'max_quantile_spread': 0.15, 'max_concurrent_trades': 10}",-0.2397,-0.02,-0.724,1.4172,53.33,15,0.6807,ok
quantile_spread,"{'prob_threshold': 0.3, 'kelly_multiplier': 0.8, 'kelly_cap': 0.2, 'profit_threshold': 0.06, 'hard_stop_loss': 0.03, 'max_quantile_spread': 0.15, 'max_concurrent_trades': 5}",-0.1821,-0.014,-0.5359,1.2304,54.55,11,0.7013,ok
quantile_spread,"{'prob_threshold': 0.3, 'kelly_multiplier': 0.8, 'kelly_cap': 0.2, 'profit_threshold': 0.06, 'hard_stop_loss': 0.035, 'max_quantile_spread': 0.1, 'max_concurrent_trades': 5}",0.0,0.0,0.0,0.0,0.0,0,0.0,ok
quantile_spread,"{'prob_threshold': 0.3, 'kelly_multiplier': 0.8, 'kelly_cap': 0.2, 'profit_threshold': 0.06, 'hard_stop_loss': 0.035, 'max_quantile_spread': 0.1, 'max_concurrent_trades': 10}",0.0,0.0,0.0,0.0,0.0,0,0.0,ok
quantile_spread,"{'prob_threshold': 0.3, 'kelly_multiplier': 0.8, 'kelly_cap': 0.2, 'profit_threshold': 0.06, 'hard_stop_loss': 0.035, 'max_quantile_spread': 0.15, 'max_concurrent_trades': 5}",0.3376,0.0215,0.5728,0.4441,80.0,10,1.9642,ok
quantile_spread,"{'prob_threshold': 0.3, 'kelly_multiplier': 0.8, 'kelly_cap': 0.2, 'profit_threshold': 0.06, 'hard_stop_loss': 0.035, 'max_quantile_spread': 0.15, 'max_concurrent_trades': 10}",0.2638,0.019,0.4177,0.524,69.23,13,1.5298,ok
quantile_spread,"{'prob_threshold': 0.3, 'kelly_multiplier': 0.8, 'kelly_cap': 0.2, 'profit_threshold': 0.07, 'hard_stop_loss': 0.025, 'max_quantile_spread': 0.1, 'max_concurrent_trades': 5}",0.0,0.0,0.0,0.0,0.0,0,0.0,ok
quantile_spread,"{'prob_threshold': 0.3, 'kelly_multiplier': 0.8, 'kelly_cap': 0.2, 'profit_threshold': 0.07, 'hard_stop_loss': 0.025, 'max_quantile_spread': 0.1, 'max_concurrent_trades': 10}",0.0,0.0,0.0,0.0,0.0,0,0.0,ok
quantile_spread,"{'prob_threshold': 0.3, 'kelly_multiplier': 0.8, 'kelly_cap': 0.2, 'profit_threshold': 0.07, 'hard_stop_loss': 0.025, 'max_quantile_spread': 0.15, 'max_concurrent_trades': 5}",-0.2345,-0.0178,-0.457,0.9198,55.56,9,0.6151,ok
quantile_spread,"{'prob_threshold': 0.3, 'kelly_multiplier': 0.8, 'kelly_cap': 0.2, 'profit_threshold': 0.07, 'hard_stop_loss': 0.025, 'max_quantile_spread': 0.15, 'max_concurrent_trades': 10}",-0.3797,-0.0305,-0.7906,1.2519,50.0,10,0.4795,ok
quantile_spread,"{'prob_threshold': 0.3, 'kelly_multiplier': 0.8, 'kelly_cap': 0.2, 'profit_threshold': 0.07, 'hard_stop_loss': 0.03, 'max_quantile_spread': 0.1, 'max_concurrent_trades': 5}",0.0,0.0,0.0,0.0,0.0,0,0.0,ok
quantile_spread,"{'prob_threshold': 0.3, 'kelly_multiplier': 0.8, 'kelly_cap': 0.2, 'profit_threshold': 0.07, 'hard_stop_loss': 0.03, 'max_quantile_spread': 0.15, 'max_concurrent_trades': 5}",-0.5122,-0.0305,-0.5352,0.6496,50.0,8,0.2872,ok
quantile_spread,"{'prob_threshold': 0.3, 'kelly_multiplier': 0.8, 'kelly_cap': 0.2, 'profit_threshold': 0.07, 'hard_stop_loss': 0.03, 'max_quantile_spread': 0.1, 'max_concurrent_trades': 10}",0.0,0.0,0.0,0.0,0.0,0,0.0,ok
quantile_spread,"{'prob_threshold': 0.3, 'kelly_multiplier': 0.8, 'kelly_cap': 0.2, 'profit_threshold': 0.07, 'hard_stop_loss': 0.035, 'max_quantile_spread': 0.1, 'max_concurrent_trades': 5}",0.0,0.0,0.0,0.0,0.0,0,0.0,ok
quantile_spread,"{'prob_threshold': 0.3, 'kelly_multiplier': 0.8, 'kelly_cap': 0.2, 'profit_threshold': 0.07, 'hard_stop_loss': 0.03, 'max_quantile_spread': 0.15, 'max_concurrent_trades': 10}",-0.6383,-0.0422,-0.7146,0.8288,44.44,9,0.2316,ok
quantile_spread,"{'prob_threshold': 0.3, 'kelly_multiplier': 0.8, 'kelly_cap': 0.2, 'profit_threshold': 0.07, 'hard_stop_loss': 0.035, 'max_quantile_spread': 0.1, 'max_concurrent_trades': 10}",0.0,0.0,0.0,0.0,0.0,0,0.0,ok
quantile_spread,"{'prob_threshold': 0.3, 'kelly_multiplier': 0.8, 'kelly_cap': 0.2, 'profit_threshold': 0.07, 'hard_stop_loss': 0.035, 'max_quantile_spread': 0.15, 'max_concurrent_trades': 5}",-0.5815,-0.023,-0.2898,0.2898,0.0,2,0.0,ok
quantile_spread,"{'prob_threshold': 0.3, 'kelly_multiplier': 0.8, 'kelly_cap': 0.2, 'profit_threshold': 0.07, 'hard_stop_loss': 0.035, 'max_quantile_spread': 0.15, 'max_concurrent_trades': 10}",-0.5815,-0.023,-0.2898,0.2898,0.0,2,0.0,ok
quantile_spread,"{'prob_threshold': 0.3, 'kelly_multiplier': 0.8, 'kelly_cap': 0.3, 'profit_threshold': 0.05, 'hard_stop_loss': 0.025, 'max_quantile_spread': 0.1, 'max_concurrent_trades': 5}",0.0,0.0,0.0,0.0,0.0,0,0.0,ok
quantile_spread,"{'prob_threshold': 0.3, 'kelly_multiplier': 0.8, 'kelly_cap': 0.3, 'profit_threshold': 0.05, 'hard_stop_loss': 0.025, 'max_quantile_spread': 0.1, 'max_concurrent_trades': 10}",0.0,0.0,0.0,0.0,0.0,0,0.0,ok
quantile_spread,"{'prob_threshold': 0.3, 'kelly_multiplier': 0.8, 'kelly_cap': 0.3, 'profit_threshold': 0.05, 'hard_stop_loss': 0.025, 'max_quantile_spread': 0.15, 'max_concurrent_trades': 10}",-0.5319,-0.1034,-3.0804,3.8915,34.55,55,0.5649,ok
quantile_spread,"{'prob_threshold': 0.3, 'kelly_multiplier': 0.8, 'kelly_cap': 0.3, 'profit_threshold': 0.05, 'hard_stop_loss': 0.025, 'max_quantile_spread': 0.15, 'max_concurrent_trades': 5}",-0.4906,-0.0916,-2.7774,3.591,33.33,45,0.5612,ok
quantile_spread,"{'prob_threshold': 0.3, 'kelly_multiplier': 0.8, 'kelly_cap': 0.3, 'profit_threshold': 0.05, 'hard_stop_loss': 0.03, 'max_quantile_spread': 0.1, 'max_concurrent_trades': 10}",0.0,0.0,0.0,0.0,0.0,0,0.0,ok
quantile_spread,"{'prob_threshold': 0.3, 'kelly_multiplier': 0.8, 'kelly_cap': 0.3, 'profit_threshold': 0.05, 'hard_stop_loss': 0.03, 'max_quantile_spread': 0.1, 'max_concurrent_trades': 5}",0.0,0.0,0.0,0.0,0.0,0,0.0,ok
quantile_spread,"{'prob_threshold': 0.3, 'kelly_multiplier': 0.8, 'kelly_cap': 0.3, 'profit_threshold': 0.05, 'hard_stop_loss': 0.03, 'max_quantile_spread': 0.15, 'max_concurrent_trades': 5}",-0.1925,-0.0183,-0.8804,2.06,52.94,17,0.7393,ok
quantile_spread,"{'prob_threshold': 0.3, 'kelly_multiplier': 0.8, 'kelly_cap': 0.3, 'profit_threshold': 0.05, 'hard_stop_loss': 0.03, 'max_quantile_spread': 0.15, 'max_concurrent_trades': 10}",-0.0224,-0.0022,-0.1284,1.7663,54.55,22,0.9645,ok
quantile_spread,"{'prob_threshold': 0.3, 'kelly_multiplier': 0.8, 'kelly_cap': 0.3, 'profit_threshold': 0.05, 'hard_stop_loss': 0.035, 'max_quantile_spread': 0.1, 'max_concurrent_trades': 5}",0.0,0.0,0.0,0.0,0.0,0,0.0,ok
quantile_spread,"{'prob_threshold': 0.3, 'kelly_multiplier': 0.8, 'kelly_cap': 0.3, 'profit_threshold': 0.05, 'hard_stop_loss': 0.035, 'max_quantile_spread': 0.1, 'max_concurrent_trades': 10}",0.0,0.0,0.0,0.0,0.0,0,0.0,ok
quantile_spread,"{'prob_threshold': 0.3, 'kelly_multiplier': 0.8, 'kelly_cap': 0.3, 'profit_threshold': 0.05, 'hard_stop_loss': 0.035, 'max_quantile_spread': 0.15, 'max_concurrent_trades': 5}",0.3774,0.0308,1.253,0.6605,78.57,14,1.7587,ok
quantile_spread,"{'prob_threshold': 0.3, 'kelly_multiplier': 0.8, 'kelly_cap': 0.3, 'profit_threshold': 0.06, 'hard_stop_loss': 0.025, 'max_quantile_spread': 0.1, 'max_concurrent_trades': 5}",0.0,0.0,0.0,0.0,0.0,0,0.0,ok
quantile_spread,"{'prob_threshold': 0.3, 'kelly_multiplier': 0.8, 'kelly_cap': 0.3, 'profit_threshold': 0.05, 'hard_stop_loss': 0.035, 'max_quantile_spread': 0.15, 'max_concurrent_trades': 10}",0.333,0.03,1.0675,0.7839,70.59,17,1.562,ok
quantile_spread,"{'prob_threshold': 0.3, 'kelly_multiplier': 0.8, 'kelly_cap': 0.3, 'profit_threshold': 0.06, 'hard_stop_loss': 0.025, 'max_quantile_spread': 0.1, 'max_concurrent_trades': 10}",0.0,0.0,0.0,0.0,0.0,0,0.0,ok
quantile_spread,"{'prob_threshold': 0.3, 'kelly_multiplier': 0.8, 'kelly_cap': 0.3, 'profit_threshold': 0.06, 'hard_stop_loss': 0.025, 'max_quantile_spread': 0.15, 'max_concurrent_trades': 5}",-0.4054,-0.05,-1.6201,2.7448,43.33,30,0.5389,ok
quantile_spread,"{'prob_threshold': 0.3, 'kelly_multiplier': 0.8, 'kelly_cap': 0.3, 'profit_threshold': 0.06, 'hard_stop_loss': 0.025, 'max_quantile_spread': 0.15, 'max_concurrent_trades': 10}",-0.0938,-0.0126,-0.4051,1.5437,48.57,35,0.8791,ok
quantile_spread,"{'prob_threshold': 0.3, 'kelly_multiplier': 0.8, 'kelly_cap': 0.3, 'profit_threshold': 0.06, 'hard_stop_loss': 0.03, 'max_quantile_spread': 0.1, 'max_concurrent_trades': 5}",0.0,0.0,0.0,0.0,0.0,0,0.0,ok
quantile_spread,"{'prob_threshold': 0.3, 'kelly_multiplier': 0.8, 'kelly_cap': 0.3, 'profit_threshold': 0.06, 'hard_stop_loss': 0.03, 'max_quantile_spread': 0.15, 'max_concurrent_trades': 5}",-0.2182,-0.0161,-0.7102,1.4034,54.55,11,0.6442,ok
quantile_spread,"{'prob_threshold': 0.3, 'kelly_multiplier': 0.8, 'kelly_cap': 0.3, 'profit_threshold': 0.06, 'hard_stop_loss': 0.03, 'max_quantile_spread': 0.1, 'max_concurrent_trades': 10}",0.0,0.0,0.0,0.0,0.0,0,0.0,ok
quantile_spread,"{'prob_threshold': 0.3, 'kelly_multiplier': 0.8, 'kelly_cap': 0.3, 'profit_threshold': 0.06, 'hard_stop_loss': 0.03, 'max_quantile_spread': 0.15, 'max_concurrent_trades': 10}",-0.2474,-0.0202,-0.8337,1.5261,53.33,15,0.6623,ok
quantile_spread,"{'prob_threshold': 0.3, 'kelly_multiplier': 0.8, 'kelly_cap': 0.3, 'profit_threshold': 0.06, 'hard_stop_loss': 0.035, 'max_quantile_spread': 0.1, 'max_concurrent_trades': 5}",0.0,0.0,0.0,0.0,0.0,0,0.0,ok
quantile_spread,"{'prob_threshold': 0.3, 'kelly_multiplier': 0.8, 'kelly_cap': 0.3, 'profit_threshold': 0.06, 'hard_stop_loss': 0.035, 'max_quantile_spread': 0.1, 'max_concurrent_trades': 10}",0.0,0.0,0.0,0.0,0.0,0,0.0,ok
quantile_spread,"{'prob_threshold': 0.3, 'kelly_multiplier': 0.8, 'kelly_cap': 0.3, 'profit_threshold': 0.06, 'hard_stop_loss': 0.035, 'max_quantile_spread': 0.15, 'max_concurrent_trades': 5}",0.3519,0.0229,0.609,0.4441,80.0,10,2.0246,ok
quantile_spread,"{'prob_threshold': 0.3, 'kelly_multiplier': 0.8, 'kelly_cap': 0.3, 'profit_threshold': 0.06, 'hard_stop_loss': 0.035, 'max_quantile_spread': 0.15, 'max_concurrent_trades': 10}",0.2812,0.0206,0.4538,0.5239,69.23,13,1.5754,ok
quantile_spread,"{'prob_threshold': 0.3, 'kelly_multiplier': 0.8, 'kelly_cap': 0.3, 'profit_threshold': 0.07, 'hard_stop_loss': 0.025, 'max_quantile_spread': 0.1, 'max_concurrent_trades': 10}",0.0,0.0,0.0,0.0,0.0,0,0.0,ok
quantile_spread,"{'prob_threshold': 0.3, 'kelly_multiplier': 0.8, 'kelly_cap': 0.3, 'profit_threshold': 0.07, 'hard_stop_loss': 0.025, 'max_quantile_spread': 0.1, 'max_concurrent_trades': 5}",0.0,0.0,0.0,0.0,0.0,0,0.0,ok
quantile_spread,"{'prob_threshold': 0.3, 'kelly_multiplier': 0.8, 'kelly_cap': 0.3, 'profit_threshold': 0.07, 'hard_stop_loss': 0.025, 'max_quantile_spread': 0.15, 'max_concurrent_trades': 10}",-0.3797,-0.0305,-0.7906,1.2519,50.0,10,0.4795,ok
quantile_spread,"{'prob_threshold': 0.3, 'kelly_multiplier': 0.8, 'kelly_cap': 0.3, 'profit_threshold': 0.07, 'hard_stop_loss': 0.025, 'max_quantile_spread': 0.15, 'max_concurrent_trades': 5}",-0.2345,-0.0178,-0.457,0.9198,55.56,9,0.6151,ok
quantile_spread,"{'prob_threshold': 0.3, 'kelly_multiplier': 0.8, 'kelly_cap': 0.3, 'profit_threshold': 0.07, 'hard_stop_loss': 0.03, 'max_quantile_spread': 0.1, 'max_concurrent_trades': 5}",0.0,0.0,0.0,0.0,0.0,0,0.0,ok
quantile_spread,"{'prob_threshold': 0.3, 'kelly_multiplier': 0.8, 'kelly_cap': 0.3, 'profit_threshold': 0.07, 'hard_stop_loss': 0.03, 'max_quantile_spread': 0.1, 'max_concurrent_trades': 10}",0.0,0.0,0.0,0.0,0.0,0,0.0,ok
quantile_spread,"{'prob_threshold': 0.3, 'kelly_multiplier': 0.8, 'kelly_cap': 0.3, 'profit_threshold': 0.07, 'hard_stop_loss': 0.03, 'max_quantile_spread': 0.15, 'max_concurrent_trades': 5}",-0.5122,-0.0305,-0.5352,0.6496,50.0,8,0.2872,ok
quantile_spread,"{'prob_threshold': 0.3, 'kelly_multiplier': 0.8, 'kelly_cap': 0.3, 'profit_threshold': 0.07, 'hard_stop_loss': 0.03, 'max_quantile_spread': 0.15, 'max_concurrent_trades': 10}",-0.6383,-0.0422,-0.7146,0.8288,44.44,9,0.2316,ok
quantile_spread,"{'prob_threshold': 0.3, 'kelly_multiplier': 0.8, 'kelly_cap': 0.3, 'profit_threshold': 0.07, 'hard_stop_loss': 0.035, 'max_quantile_spread': 0.1, 'max_concurrent_trades': 5}",0.0,0.0,0.0,0.0,0.0,0,0.0,ok
quantile_spread,"{'prob_threshold': 0.3, 'kelly_multiplier': 0.8, 'kelly_cap': 0.3, 'profit_threshold': 0.07, 'hard_stop_loss': 0.035, 'max_quantile_spread': 0.15, 'max_concurrent_trades': 5}",-0.5815,-0.023,-0.2898,0.2898,0.0,2,0.0,ok
quantile_spread,"{'prob_threshold': 0.3, 'kelly_multiplier': 0.8, 'kelly_cap': 0.3, 'profit_threshold': 0.07, 'hard_stop_loss': 0.035, 'max_quantile_spread': 0.1, 'max_concurrent_trades': 10}",0.0,0.0,0.0,0.0,0.0,0,0.0,ok
quantile_spread,"{'prob_threshold': 0.4, 'kelly_multiplier': 0.4, 'kelly_cap': 0.2, 'profit_threshold': 0.05, 'hard_stop_loss': 0.025, 'max_quantile_spread': 0.1, 'max_concurrent_trades': 5}",0.0,0.0,0.0,0.0,0.0,0,0.0,ok
quantile_spread,"{'prob_threshold': 0.3, 'kelly_multiplier': 0.8, 'kelly_cap': 0.3, 'profit_threshold': 0.07, 'hard_stop_loss': 0.035, 'max_quantile_spread': 0.15, 'max_concurrent_trades': 10}",-0.5815,-0.023,-0.2898,0.2898,0.0,2,0.0,ok
quantile_spread,"{'prob_threshold': 0.4, 'kelly_multiplier': 0.4, 'kelly_cap': 0.2, 'profit_threshold': 0.05, 'hard_stop_loss': 0.025, 'max_quantile_spread': 0.1, 'max_concurrent_trades': 10}",0.0,0.0,0.0,0.0,0.0,0,0.0,ok
quantile_spread,"{'prob_threshold': 0.4, 'kelly_multiplier': 0.4, 'kelly_cap': 0.2, 'profit_threshold': 0.05, 'hard_stop_loss': 0.025, 'max_quantile_spread': 0.15, 'max_concurrent_trades': 5}",0.073,0.007,0.1588,0.6024,64.29,14,1.1102,ok
quantile_spread,"{'prob_threshold': 0.4, 'kelly_multiplier': 0.4, 'kelly_cap': 0.2, 'profit_threshold': 0.05, 'hard_stop_loss': 0.025, 'max_quantile_spread': 0.15, 'max_concurrent_trades': 10}",-0.1278,-0.0125,-0.2923,0.9423,57.89,19,0.8568,ok
quantile_spread,"{'prob_threshold': 0.4, 'kelly_multiplier': 0.4, 'kelly_cap': 0.2, 'profit_threshold': 0.05, 'hard_stop_loss': 0.03, 'max_quantile_spread': 0.1, 'max_concurrent_trades': 5}",0.0,0.0,0.0,0.0,0.0,0,0.0,ok
quantile_spread,"{'prob_threshold': 0.4, 'kelly_multiplier': 0.4, 'kelly_cap': 0.2, 'profit_threshold': 0.05, 'hard_stop_loss': 0.03, 'max_quantile_spread': 0.1, 'max_concurrent_trades': 10}",0.0,0.0,0.0,0.0,0.0,0,0.0,ok
quantile_spread,"{'prob_threshold': 0.4, 'kelly_multiplier': 0.4, 'kelly_cap': 0.2, 'profit_threshold': 0.05, 'hard_stop_loss': 0.03, 'max_quantile_spread': 0.15, 'max_concurrent_trades': 5}",0.0096,0.0008,0.0161,0.6824,64.29,14,1.0111,ok
quantile_spread,"{'prob_threshold': 0.4, 'kelly_multiplier': 0.4, 'kelly_cap': 0.2, 'profit_threshold': 0.05, 'hard_stop_loss': 0.03, 'max_quantile_spread': 0.15, 'max_concurrent_trades': 10}",-0.0934,-0.0087,-0.2033,0.7798,57.89,19,0.8882,ok
quantile_spread,"{'prob_threshold': 0.4, 'kelly_multiplier': 0.4, 'kelly_cap': 0.2, 'profit_threshold': 0.05, 'hard_stop_loss': 0.035, 'max_quantile_spread': 0.1, 'max_concurrent_trades': 10}",0.0,0.0,0.0,0.0,0.0,0,0.0,ok
quantile_spread,"{'prob_threshold': 0.4, 'kelly_multiplier': 0.4, 'kelly_cap': 0.2, 'profit_threshold': 0.05, 'hard_stop_loss': 0.035, 'max_quantile_spread': 0.1, 'max_concurrent_trades': 5}",0.0,0.0,0.0,0.0,0.0,0,0.0,ok
quantile_spread,"{'prob_threshold': 0.4, 'kelly_multiplier': 0.4, 'kelly_cap': 0.2, 'profit_threshold': 0.05, 'hard_stop_loss': 0.035, 'max_quantile_spread': 0.15, 'max_concurrent_trades': 10}",0.3162,0.0282,0.5021,0.3923,70.59,17,1.5298,ok
quantile_spread,"{'prob_threshold': 0.4, 'kelly_multiplier': 0.4, 'kelly_cap': 0.2, 'profit_threshold': 0.05, 'hard_stop_loss': 0.035, 'max_quantile_spread': 0.15, 'max_concurrent_trades': 5}",0.3619,0.0292,0.5946,0.3302,78.57,14,1.7219,ok
quantile_spread,"{'prob_threshold': 0.4, 'kelly_multiplier': 0.4, 'kelly_cap': 0.2, 'profit_threshold': 0.06, 'hard_stop_loss': 0.025, 'max_quantile_spread': 0.1, 'max_concurrent_trades': 5}",0.0,0.0,0.0,0.0,0.0,0,0.0,ok
quantile_spread,"{'prob_threshold': 0.4, 'kelly_multiplier': 0.4, 'kelly_cap': 0.2, 'profit_threshold': 0.06, 'hard_stop_loss': 0.025, 'max_quantile_spread': 0.1, 'max_concurrent_trades': 10}",0.0,0.0,0.0,0.0,0.0,0,0.0,ok
quantile_spread,"{'prob_threshold': 0.4, 'kelly_multiplier': 0.4, 'kelly_cap': 0.2, 'profit_threshold': 0.06, 'hard_stop_loss': 0.025, 'max_quantile_spread': 0.15, 'max_concurrent_trades': 5}",-0.0917,-0.0044,-0.1295,0.3892,62.5,8,0.8482,ok
quantile_spread,"{'prob_threshold': 0.4, 'kelly_multiplier': 0.4, 'kelly_cap': 0.2, 'profit_threshold': 0.06, 'hard_stop_loss': 0.025, 'max_quantile_spread': 0.15, 'max_concurrent_trades': 10}",-0.0653,-0.0032,-0.0928,0.36,66.67,9,0.8912,ok
quantile_spread,"{'prob_threshold': 0.4, 'kelly_multiplier': 0.4, 'kelly_cap': 0.2, 'profit_threshold': 0.06, 'hard_stop_loss': 0.03, 'max_quantile_spread': 0.1, 'max_concurrent_trades': 5}",0.0,0.0,0.0,0.0,0.0,0,0.0,ok
quantile_spread,"{'prob_threshold': 0.4, 'kelly_multiplier': 0.4, 'kelly_cap': 0.2, 'profit_threshold': 0.06, 'hard_stop_loss': 0.03, 'max_quantile_spread': 0.1, 'max_concurrent_trades': 10}",0.0,0.0,0.0,0.0,0.0,0,0.0,ok
quantile_spread,"{'prob_threshold': 0.4, 'kelly_multiplier': 0.4, 'kelly_cap': 0.2, 'profit_threshold': 0.06, 'hard_stop_loss': 0.03, 'max_quantile_spread': 0.15, 'max_concurrent_trades': 5}",-0.1893,-0.0085,-0.2437,0.4244,62.5,8,0.6936,ok
quantile_spread,"{'prob_threshold': 0.4, 'kelly_multiplier': 0.4, 'kelly_cap': 0.2, 'profit_threshold': 0.06, 'hard_stop_loss': 0.035, 'max_quantile_spread': 0.1, 'max_concurrent_trades': 5}",0.0,0.0,0.0,0.0,0.0,0,0.0,ok
quantile_spread,"{'prob_threshold': 0.4, 'kelly_multiplier': 0.4, 'kelly_cap': 0.2, 'profit_threshold': 0.06, 'hard_stop_loss': 0.03, 'max_quantile_spread': 0.15, 'max_concurrent_trades': 10}",-0.1669,-0.0075,-0.2153,0.4,66.67,9,0.7293,ok
quantile_spread,"{'prob_threshold': 0.4, 'kelly_multiplier': 0.4, 'kelly_cap': 0.2, 'profit_threshold': 0.06, 'hard_stop_loss': 0.035, 'max_quantile_spread': 0.15, 'max_concurrent_trades': 5}",0.3198,0.013,0.2321,0.2221,75.0,8,1.829,ok
quantile_spread,"{'prob_threshold': 0.4, 'kelly_multiplier': 0.4, 'kelly_cap': 0.2, 'profit_threshold': 0.06, 'hard_stop_loss': 0.035, 'max_quantile_spread': 0.1, 'max_concurrent_trades': 10}",0.0,0.0,0.0,0.0,0.0,0,0.0,ok
quantile_spread,"{'prob_threshold': 0.4, 'kelly_multiplier': 0.4, 'kelly_cap': 0.2, 'profit_threshold': 0.06, 'hard_stop_loss': 0.035, 'max_quantile_spread': 0.15, 'max_concurrent_trades': 10}",0.3465,0.0141,0.252,0.2221,77.78,9,1.8998,ok
quantile_spread,"{'prob_threshold': 0.4, 'kelly_multiplier': 0.4, 'kelly_cap': 0.2, 'profit_threshold': 0.07, 'hard_stop_loss': 0.025, 'max_quantile_spread': 0.1, 'max_concurrent_trades': 5}",0.0,0.0,0.0,0.0,0.0,0,0.0,ok
quantile_spread,"{'prob_threshold': 0.4, 'kelly_multiplier': 0.4, 'kelly_cap': 0.2, 'profit_threshold': 0.07, 'hard_stop_loss': 0.025, 'max_quantile_spread': 0.1, 'max_concurrent_trades': 10}",0.0,0.0,0.0,0.0,0.0,0,0.0,ok
quantile_spread,"{'prob_threshold': 0.4, 'kelly_multiplier': 0.4, 'kelly_cap': 0.2, 'profit_threshold': 0.07, 'hard_stop_loss': 0.025, 'max_quantile_spread': 0.15, 'max_concurrent_trades': 5}",0.0,0.0,0.0,0.0,0.0,0,0.0,ok
quantile_spread,"{'prob_threshold': 0.4, 'kelly_multiplier': 0.4, 'kelly_cap': 0.2, 'profit_threshold': 0.07, 'hard_stop_loss': 0.025, 'max_quantile_spread': 0.15, 'max_concurrent_trades': 10}",0.0,0.0,0.0,0.0,0.0,0,0.0,ok
quantile_spread,"{'prob_threshold': 0.4, 'kelly_multiplier': 0.4, 'kelly_cap': 0.2, 'profit_threshold': 0.07, 'hard_stop_loss': 0.03, 'max_quantile_spread': 0.1, 'max_concurrent_trades': 5}",0.0,0.0,0.0,0.0,0.0,0,0.0,ok
quantile_spread,"{'prob_threshold': 0.4, 'kelly_multiplier': 0.4, 'kelly_cap': 0.2, 'profit_threshold': 0.07, 'hard_stop_loss': 0.03, 'max_quantile_spread': 0.1, 'max_concurrent_trades': 10}",0.0,0.0,0.0,0.0,0.0,0,0.0,ok
quantile_spread,"{'prob_threshold': 0.4, 'kelly_multiplier': 0.4, 'kelly_cap': 0.2, 'profit_threshold': 0.07, 'hard_stop_loss': 0.03, 'max_quantile_spread': 0.15, 'max_concurrent_trades': 10}",0.0,0.0,0.0,0.0,0.0,0,0.0,ok
quantile_spread,"{'prob_threshold': 0.4, 'kelly_multiplier': 0.4, 'kelly_cap': 0.2, 'profit_threshold': 0.07, 'hard_stop_loss': 0.03, 'max_quantile_spread': 0.15, 'max_concurrent_trades': 5}",0.0,0.0,0.0,0.0,0.0,0,0.0,ok
quantile_spread,"{'prob_threshold': 0.4, 'kelly_multiplier': 0.4, 'kelly_cap': 0.2, 'profit_threshold': 0.07, 'hard_stop_loss': 0.035, 'max_quantile_spread': 0.1, 'max_concurrent_trades': 10}",0.0,0.0,0.0,0.0,0.0,0,0.0,ok
quantile_spread,"{'prob_threshold': 0.4, 'kelly_multiplier': 0.4, 'kelly_cap': 0.2, 'profit_threshold': 0.07, 'hard_stop_loss': 0.035, 'max_quantile_spread': 0.1, 'max_concurrent_trades': 5}",0.0,0.0,0.0,0.0,0.0,0,0.0,ok
quantile_spread,"{'prob_threshold': 0.4, 'kelly_multiplier': 0.4, 'kelly_cap': 0.2, 'profit_threshold': 0.07, 'hard_stop_loss': 0.035, 'max_quantile_spread': 0.15, 'max_concurrent_trades': 5}",0.0,0.0,0.0,0.0,0.0,0,0.0,ok
quantile_spread,"{'prob_threshold': 0.4, 'kelly_multiplier': 0.4, 'kelly_cap': 0.2, 'profit_threshold': 0.07, 'hard_stop_loss': 0.035, 'max_quantile_spread': 0.15, 'max_concurrent_trades': 10}",0.0,0.0,0.0,0.0,0.0,0,0.0,ok
quantile_spread,"{'prob_threshold': 0.4, 'kelly_multiplier': 0.4, 'kelly_cap': 0.3, 'profit_threshold': 0.05, 'hard_stop_loss': 0.025, 'max_quantile_spread': 0.1, 'max_concurrent_trades': 5}",0.0,0.0,0.0,0.0,0.0,0,0.0,ok
quantile_spread,"{'prob_threshold': 0.4, 'kelly_multiplier': 0.4, 'kelly_cap': 0.3, 'profit_threshold': 0.05, 'hard_stop_loss': 0.025, 'max_quantile_spread': 0.1, 'max_concurrent_trades': 10}",0.0,0.0,0.0,0.0,0.0,0,0.0,ok
quantile_spread,"{'prob_threshold': 0.4, 'kelly_multiplier': 0.4, 'kelly_cap': 0.3, 'profit_threshold': 0.05, 'hard_stop_loss': 0.025, 'max_quantile_spread': 0.15, 'max_concurrent_trades': 5}",0.0562,0.0051,0.147,0.8521,64.29,14,1.0807,ok
quantile_spread,"{'prob_threshold': 0.4, 'kelly_multiplier': 0.4, 'kelly_cap': 0.3, 'profit_threshold': 0.05, 'hard_stop_loss': 0.025, 'max_quantile_spread': 0.15, 'max_concurrent_trades': 10}",-0.0827,-0.0078,-0.2324,0.9997,57.89,19,0.904,ok
quantile_spread,"{'prob_threshold': 0.4, 'kelly_multiplier': 0.4, 'kelly_cap': 0.3, 'profit_threshold': 0.05, 'hard_stop_loss': 0.03, 'max_quantile_spread': 0.1, 'max_concurrent_trades': 5}",0.0,0.0,0.0,0.0,0.0,0,0.0,ok
quantile_spread,"{'prob_threshold': 0.4, 'kelly_multiplier': 0.4, 'kelly_cap': 0.3, 'profit_threshold': 0.05, 'hard_stop_loss': 0.03, 'max_quantile_spread': 0.15, 'max_concurrent_trades': 5}",-0.0209,-0.0018,-0.0547,0.8444,64.29,14,0.9663,ok
quantile_spread,"{'prob_threshold': 0.4, 'kelly_multiplier': 0.4, 'kelly_cap': 0.3, 'profit_threshold': 0.05, 'hard_stop_loss': 0.03, 'max_quantile_spread': 0.1, 'max_concurrent_trades': 10}",0.0,0.0,0.0,0.0,0.0,0,0.0,ok
quantile_spread,"{'prob_threshold': 0.4, 'kelly_multiplier': 0.4, 'kelly_cap': 0.3, 'profit_threshold': 0.05, 'hard_stop_loss': 0.035, 'max_quantile_spread': 0.1, 'max_concurrent_trades': 5}",0.0,0.0,0.0,0.0,0.0,0,0.0,ok
quantile_spread,"{'prob_threshold': 0.4, 'kelly_multiplier': 0.4, 'kelly_cap': 0.3, 'profit_threshold': 0.05, 'hard_stop_loss': 0.03, 'max_quantile_spread': 0.15, 'max_concurrent_trades': 10}",-0.0976,-0.0088,-0.235,0.8444,57.89,19,0.8821,ok
quantile_spread,"{'prob_threshold': 0.4, 'kelly_multiplier': 0.4, 'kelly_cap': 0.3, 'profit_threshold': 0.05, 'hard_stop_loss': 0.035, 'max_quantile_spread': 0.1, 'max_concurrent_trades': 10}",0.0,0.0,0.0,0.0,0.0,0,0.0,ok
quantile_spread,"{'prob_threshold': 0.4, 'kelly_multiplier': 0.4, 'kelly_cap': 0.3, 'profit_threshold': 0.05, 'hard_stop_loss': 0.035, 'max_quantile_spread': 0.15, 'max_concurrent_trades': 5}",0.3766,0.0307,0.6257,0.3303,78.57,14,1.7596,ok
quantile_spread,"{'prob_threshold': 0.4, 'kelly_multiplier': 0.4, 'kelly_cap': 0.3, 'profit_threshold': 0.05, 'hard_stop_loss': 0.035, 'max_quantile_spread': 0.15, 'max_concurrent_trades': 10}",0.3321,0.0299,0.5332,0.3923,70.59,17,1.5626,ok
quantile_spread,"{'prob_threshold': 0.4, 'kelly_multiplier': 0.4, 'kelly_cap': 0.3, 'profit_threshold': 0.06, 'hard_stop_loss': 0.025, 'max_quantile_spread': 0.1, 'max_concurrent_trades': 5}",0.0,0.0,0.0,0.0,0.0,0,0.0,ok
quantile_spread,"{'prob_threshold': 0.4, 'kelly_multiplier': 0.4, 'kelly_cap': 0.3, 'profit_threshold': 0.06, 'hard_stop_loss': 0.025, 'max_quantile_spread': 0.1, 'max_concurrent_trades': 10}",0.0,0.0,0.0,0.0,0.0,0,0.0,ok
quantile_spread,"{'prob_threshold': 0.4, 'kelly_multiplier': 0.4, 'kelly_cap': 0.3, 'profit_threshold': 0.06, 'hard_stop_loss': 0.025, 'max_quantile_spread': 0.15, 'max_concurrent_trades': 5}",-0.1249,-0.0058,-0.2138,0.5266,62.5,8,0.7901,ok
quantile_spread,"{'prob_threshold': 0.4, 'kelly_multiplier': 0.4, 'kelly_cap': 0.3, 'profit_threshold': 0.06, 'hard_stop_loss': 0.025, 'max_quantile_spread': 0.15, 'max_concurrent_trades': 10}",-0.1029,-0.0048,-0.1769,0.5266,66.67,9,0.8264,ok
quantile_spread,"{'prob_threshold': 0.4, 'kelly_multiplier': 0.4, 'kelly_cap': 0.3, 'profit_threshold': 0.06, 'hard_stop_loss': 0.03, 'max_quantile_spread': 0.1, 'max_concurrent_trades': 10}",0.0,0.0,0.0,0.0,0.0,0,0.0,ok
quantile_spread,"{'prob_threshold': 0.4, 'kelly_multiplier': 0.4, 'kelly_cap': 0.3, 'profit_threshold': 0.06, 'hard_stop_loss': 0.03, 'max_quantile_spread': 0.1, 'max_concurrent_trades': 5}",0.0,0.0,0.0,0.0,0.0,0,0.0,ok
quantile_spread,"{'prob_threshold': 0.4, 'kelly_multiplier': 0.4, 'kelly_cap': 0.3, 'profit_threshold': 0.06, 'hard_stop_loss': 0.03, 'max_quantile_spread': 0.15, 'max_concurrent_trades': 10}",-0.1813,-0.0081,-0.2701,0.5019,66.67,9,0.6988,ok
quantile_spread,"{'prob_threshold': 0.4, 'kelly_multiplier': 0.4, 'kelly_cap': 0.3, 'profit_threshold': 0.06, 'hard_stop_loss': 0.03, 'max_quantile_spread': 0.15, 'max_concurrent_trades': 5}",-0.2007,-0.0089,-0.2984,0.5019,62.5,8,0.6672,ok
quantile_spread,"{'prob_threshold': 0.4, 'kelly_multiplier': 0.4, 'kelly_cap': 0.3, 'profit_threshold': 0.06, 'hard_stop_loss': 0.035, 'max_quantile_spread': 0.1, 'max_concurrent_trades': 5}",0.0,0.0,0.0,0.0,0.0,0,0.0,ok
quantile_spread,"{'prob_threshold': 0.4, 'kelly_multiplier': 0.4, 'kelly_cap': 0.3, 'profit_threshold': 0.06, 'hard_stop_loss': 0.035, 'max_quantile_spread': 0.1, 'max_concurrent_trades': 10}",0.0,0.0,0.0,0.0,0.0,0,0.0,ok
quantile_spread,"{'prob_threshold': 0.4, 'kelly_multiplier': 0.4, 'kelly_cap': 0.3, 'profit_threshold': 0.06, 'hard_stop_loss': 0.035, 'max_quantile_spread': 0.15, 'max_concurrent_trades': 5}",0.3371,0.014,0.2501,0.2221,75.0,8,1.8932,ok
quantile_spread,"{'prob_threshold': 0.4, 'kelly_multiplier': 0.4, 'kelly_cap': 0.3, 'profit_threshold': 0.06, 'hard_stop_loss': 0.035, 'max_quantile_spread': 0.15, 'max_concurrent_trades': 10}",0.3632,0.0151,0.27,0.2221,77.78,9,1.964,ok
quantile_spread,"{'prob_threshold': 0.4, 'kelly_multiplier': 0.4, 'kelly_cap': 0.3, 'profit_threshold': 0.07, 'hard_stop_loss': 0.025, 'max_quantile_spread': 0.1, 'max_concurrent_trades': 5}",0.0,0.0,0.0,0.0,0.0,0,0.0,ok
quantile_spread,"{'prob_threshold': 0.4, 'kelly_multiplier': 0.4, 'kelly_cap': 0.3, 'profit_threshold': 0.07, 'hard_stop_loss': 0.025, 'max_quantile_spread': 0.1, 'max_concurrent_trades': 10}",0.0,0.0,0.0,0.0,0.0,0,0.0,ok
quantile_spread,"{'prob_threshold': 0.4, 'kelly_multiplier': 0.4, 'kelly_cap': 0.3, 'profit_threshold': 0.07, 'hard_stop_loss': 0.025, 'max_quantile_spread': 0.15, 'max_concurrent_trades': 5}",0.0,0.0,0.0,0.0,0.0,0,0.0,ok
quantile_spread,"{'prob_threshold': 0.4, 'kelly_multiplier': 0.4, 'kelly_cap': 0.3, 'profit_threshold': 0.07, 'hard_stop_loss': 0.03, 'max_quantile_spread': 0.1, 'max_concurrent_trades': 5}",0.0,0.0,0.0,0.0,0.0,0,0.0,ok
quantile_spread,"{'prob_threshold': 0.4, 'kelly_multiplier': 0.4, 'kelly_cap': 0.3, 'profit_threshold': 0.07, 'hard_stop_loss': 0.025, 'max_quantile_spread': 0.15, 'max_concurrent_trades': 10}",0.0,0.0,0.0,0.0,0.0,0,0.0,ok
quantile_spread,"{'prob_threshold': 0.4, 'kelly_multiplier': 0.4, 'kelly_cap': 0.3, 'profit_threshold': 0.07, 'hard_stop_loss': 0.03, 'max_quantile_spread': 0.15, 'max_concurrent_trades': 5}",0.0,0.0,0.0,0.0,0.0,0,0.0,ok
quantile_spread,"{'prob_threshold': 0.4, 'kelly_multiplier': 0.4, 'kelly_cap': 0.3, 'profit_threshold': 0.07, 'hard_stop_loss': 0.03, 'max_quantile_spread': 0.1, 'max_concurrent_trades': 10}",0.0,0.0,0.0,0.0,0.0,0,0.0,ok
quantile_spread,"{'prob_threshold': 0.4, 'kelly_multiplier': 0.4, 'kelly_cap': 0.3, 'profit_threshold': 0.07, 'hard_stop_loss': 0.03, 'max_quantile_spread': 0.15, 'max_concurrent_trades': 10}",0.0,0.0,0.0,0.0,0.0,0,0.0,ok
quantile_spread,"{'prob_threshold': 0.4, 'kelly_multiplier': 0.4, 'kelly_cap': 0.3, 'profit_threshold': 0.07, 'hard_stop_loss': 0.035, 'max_quantile_spread': 0.1, 'max_concurrent_trades': 5}",0.0,0.0,0.0,0.0,0.0,0,0.0,ok
quantile_spread,"{'prob_threshold': 0.4, 'kelly_multiplier': 0.4, 'kelly_cap': 0.3, 'profit_threshold': 0.07, 'hard_stop_loss': 0.035, 'max_quantile_spread': 0.1, 'max_concurrent_trades': 10}",0.0,0.0,0.0,0.0,0.0,0,0.0,ok
quantile_spread,"{'prob_threshold': 0.4, 'kelly_multiplier': 0.4, 'kelly_cap': 0.3, 'profit_threshold': 0.07, 'hard_stop_loss': 0.035, 'max_quantile_spread': 0.15, 'max_concurrent_trades': 5}",0.0,0.0,0.0,0.0,0.0,0,0.0,ok
quantile_spread,"{'prob_threshold': 0.4, 'kelly_multiplier': 0.4, 'kelly_cap': 0.3, 'profit_threshold': 0.07, 'hard_stop_loss': 0.035, 'max_quantile_spread': 0.15, 'max_concurrent_trades': 10}",0.0,0.0,0.0,0.0,0.0,0,0.0,ok
quantile_spread,"{'prob_threshold': 0.4, 'kelly_multiplier': 0.6, 'kelly_cap': 0.2, 'profit_threshold': 0.05, 'hard_stop_loss': 0.025, 'max_quantile_spread': 0.1, 'max_concurrent_trades': 10}",0.0,0.0,0.0,0.0,0.0,0,0.0,ok
quantile_spread,"{'prob_threshold': 0.4, 'kelly_multiplier': 0.6, 'kelly_cap': 0.2, 'profit_threshold': 0.05, 'hard_stop_loss': 0.025, 'max_quantile_spread': 0.1, 'max_concurrent_trades': 5}",0.0,0.0,0.0,0.0,0.0,0,0.0,ok
quantile_spread,"{'prob_threshold': 0.4, 'kelly_multiplier': 0.6, 'kelly_cap': 0.2, 'profit_threshold': 0.05, 'hard_stop_loss': 0.025, 'max_quantile_spread': 0.15, 'max_concurrent_trades': 10}",-0.0794,-0.008,-0.2727,1.2466,57.89,19,0.9057,ok
quantile_spread,"{'prob_threshold': 0.4, 'kelly_multiplier': 0.6, 'kelly_cap': 0.2, 'profit_threshold': 0.05, 'hard_stop_loss': 0.025, 'max_quantile_spread': 0.15, 'max_concurrent_trades': 5}",0.0733,0.007,0.2359,0.9036,64.29,14,1.1092,ok
quantile_spread,"{'prob_threshold': 0.4, 'kelly_multiplier': 0.6, 'kelly_cap': 0.2, 'profit_threshold': 0.05, 'hard_stop_loss': 0.03, 'max_quantile_spread': 0.1, 'max_concurrent_trades': 5}",0.0,0.0,0.0,0.0,0.0,0,0.0,ok
quantile_spread,"{'prob_threshold': 0.4, 'kelly_multiplier': 0.6, 'kelly_cap': 0.2, 'profit_threshold': 0.05, 'hard_stop_loss': 0.03, 'max_quantile_spread': 0.1, 'max_concurrent_trades': 10}",0.0,0.0,0.0,0.0,0.0,0,0.0,ok
quantile_spread,"{'prob_threshold': 0.4, 'kelly_multiplier': 0.6, 'kelly_cap': 0.2, 'profit_threshold': 0.05, 'hard_stop_loss': 0.03, 'max_quantile_spread': 0.15, 'max_concurrent_trades': 5}",0.0099,0.0009,0.0216,1.0236,64.29,14,1.0099,ok
quantile_spread,"{'prob_threshold': 0.4, 'kelly_multiplier': 0.6, 'kelly_cap': 0.2, 'profit_threshold': 0.05, 'hard_stop_loss': 0.03, 'max_quantile_spread': 0.15, 'max_concurrent_trades': 10}",-0.0931,-0.0087,-0.3074,1.1705,57.89,19,0.8872,ok
quantile_spread,"{'prob_threshold': 0.4, 'kelly_multiplier': 0.6, 'kelly_cap': 0.2, 'profit_threshold': 0.05, 'hard_stop_loss': 0.035, 'max_quantile_spread': 0.1, 'max_concurrent_trades': 5}",0.0,0.0,0.0,0.0,0.0,0,0.0,ok
quantile_spread,"{'prob_threshold': 0.4, 'kelly_multiplier': 0.6, 'kelly_cap': 0.2, 'profit_threshold': 0.05, 'hard_stop_loss': 0.035, 'max_quantile_spread': 0.15, 'max_concurrent_trades': 5}",0.3623,0.0292,0.8923,0.4954,78.57,14,1.7215,ok
quantile_spread,"{'prob_threshold': 0.4, 'kelly_multiplier': 0.6, 'kelly_cap': 0.2, 'profit_threshold': 0.05, 'hard_stop_loss': 0.035, 'max_quantile_spread': 0.1, 'max_concurrent_trades': 10}",0.0,0.0,0.0,0.0,0.0,0,0.0,ok
quantile_spread,"{'prob_threshold': 0.4, 'kelly_multiplier': 0.6, 'kelly_cap': 0.2, 'profit_threshold': 0.06, 'hard_stop_loss': 0.025, 'max_quantile_spread': 0.1, 'max_concurrent_trades': 5}",0.0,0.0,0.0,0.0,0.0,0,0.0,ok
quantile_spread,"{'prob_threshold': 0.4, 'kelly_multiplier': 0.6, 'kelly_cap': 0.2, 'profit_threshold': 0.05, 'hard_stop_loss': 0.035, 'max_quantile_spread': 0.15, 'max_concurrent_trades': 10}",0.3166,0.0282,0.7535,0.5882,70.59,17,1.5295,ok
quantile_spread,"{'prob_threshold': 0.4, 'kelly_multiplier': 0.6, 'kelly_cap': 0.2, 'profit_threshold': 0.06, 'hard_stop_loss': 0.025, 'max_quantile_spread': 0.1, 'max_concurrent_trades': 10}",0.0,0.0,0.0,0.0,0.0,0,0.0,ok
quantile_spread,"{'prob_threshold': 0.4, 'kelly_multiplier': 0.6, 'kelly_cap': 0.2, 'profit_threshold': 0.06, 'hard_stop_loss': 0.025, 'max_quantile_spread': 0.15, 'max_concurrent_trades': 5}",-0.0915,-0.0044,-0.195,0.5846,62.5,8,0.8475,ok
quantile_spread,"{'prob_threshold': 0.4, 'kelly_multiplier': 0.6, 'kelly_cap': 0.2, 'profit_threshold': 0.06, 'hard_stop_loss': 0.025, 'max_quantile_spread': 0.15, 'max_concurrent_trades': 10}",-0.065,-0.0032,-0.1402,0.54,66.67,9,0.8904,ok
quantile_spread,"{'prob_threshold': 0.4, 'kelly_multiplier': 0.6, 'kelly_cap': 0.2, 'profit_threshold': 0.06, 'hard_stop_loss': 0.03, 'max_quantile_spread': 0.1, 'max_concurrent_trades': 5}",0.0,0.0,0.0,0.0,0.0,0,0.0,ok
quantile_spread,"{'prob_threshold': 0.4, 'kelly_multiplier': 0.6, 'kelly_cap': 0.2, 'profit_threshold': 0.06, 'hard_stop_loss': 0.03, 'max_quantile_spread': 0.1, 'max_concurrent_trades': 10}",0.0,0.0,0.0,0.0,0.0,0,0.0,ok
quantile_spread,"{'prob_threshold': 0.4, 'kelly_multiplier': 0.6, 'kelly_cap': 0.2, 'profit_threshold': 0.06, 'hard_stop_loss': 0.03, 'max_quantile_spread': 0.15, 'max_concurrent_trades': 5}",-0.1891,-0.0085,-0.3662,0.6371,62.5,8,0.6928,ok
quantile_spread,"{'prob_threshold': 0.4, 'kelly_multiplier': 0.6, 'kelly_cap': 0.2, 'profit_threshold': 0.06, 'hard_stop_loss': 0.03, 'max_quantile_spread': 0.15, 'max_concurrent_trades': 10}",-0.1667,-0.0075,-0.3238,0.6,66.67,9,0.7284,ok
quantile_spread,"{'prob_threshold': 0.4, 'kelly_multiplier': 0.6, 'kelly_cap': 0.2, 'profit_threshold': 0.06, 'hard_stop_loss': 0.035, 'max_quantile_spread': 0.1, 'max_concurrent_trades': 10}",0.0,0.0,0.0,0.0,0.0,0,0.0,ok
quantile_spread,"{'prob_threshold': 0.4, 'kelly_multiplier': 0.6, 'kelly_cap': 0.2, 'profit_threshold': 0.06, 'hard_stop_loss': 0.035, 'max_quantile_spread': 0.1, 'max_concurrent_trades': 5}",0.0,0.0,0.0,0.0,0.0,0,0.0,ok
quantile_spread,"{'prob_threshold': 0.4, 'kelly_multiplier': 0.6, 'kelly_cap': 0.2, 'profit_threshold': 0.06, 'hard_stop_loss': 0.035, 'max_quantile_spread': 0.15, 'max_concurrent_trades': 10}",0.3465,0.0141,0.3779,0.3331,77.78,9,1.8981,ok
quantile_spread,"{'prob_threshold': 0.4, 'kelly_multiplier': 0.6, 'kelly_cap': 0.2, 'profit_threshold': 0.06, 'hard_stop_loss': 0.035, 'max_quantile_spread': 0.15, 'max_concurrent_trades': 5}",0.3199,0.013,0.3481,0.3331,75.0,8,1.8275,ok
quantile_spread,"{'prob_threshold': 0.4, 'kelly_multiplier': 0.6, 'kelly_cap': 0.2, 'profit_threshold': 0.07, 'hard_stop_loss': 0.025, 'max_quantile_spread': 0.1, 'max_concurrent_trades': 5}",0.0,0.0,0.0,0.0,0.0,0,0.0,ok
quantile_spread,"{'prob_threshold': 0.4, 'kelly_multiplier': 0.6, 'kelly_cap': 0.2, 'profit_threshold': 0.07, 'hard_stop_loss': 0.025, 'max_quantile_spread': 0.1, 'max_concurrent_trades': 10}",0.0,0.0,0.0,0.0,0.0,0,0.0,ok
quantile_spread,"{'prob_threshold': 0.4, 'kelly_multiplier': 0.6, 'kelly_cap': 0.2, 'profit_threshold': 0.07, 'hard_stop_loss': 0.025, 'max_quantile_spread': 0.15, 'max_concurrent_trades': 5}",0.0,0.0,0.0,0.0,0.0,0,0.0,ok
quantile_spread,"{'prob_threshold': 0.4, 'kelly_multiplier': 0.6, 'kelly_cap': 0.2, 'profit_threshold': 0.07, 'hard_stop_loss': 0.025, 'max_quantile_spread': 0.15, 'max_concurrent_trades': 10}",0.0,0.0,0.0,0.0,0.0,0,0.0,ok
quantile_spread,"{'prob_threshold': 0.4, 'kelly_multiplier': 0.6, 'kelly_cap': 0.2, 'profit_threshold': 0.07, 'hard_stop_loss': 0.03, 'max_quantile_spread': 0.1, 'max_concurrent_trades': 5}",0.0,0.0,0.0,0.0,0.0,0,0.0,ok
quantile_spread,"{'prob_threshold': 0.4, 'kelly_multiplier': 0.6, 'kelly_cap': 0.2, 'profit_threshold': 0.07, 'hard_stop_loss': 0.03, 'max_quantile_spread': 0.1, 'max_concurrent_trades': 10}",0.0,0.0,0.0,0.0,0.0,0,0.0,ok
quantile_spread,"{'prob_threshold': 0.4, 'kelly_multiplier': 0.6, 'kelly_cap': 0.2, 'profit_threshold': 0.07, 'hard_stop_loss': 0.03, 'max_quantile_spread': 0.15, 'max_concurrent_trades': 5}",0.0,0.0,0.0,0.0,0.0,0,0.0,ok
quantile_spread,"{'prob_threshold': 0.4, 'kelly_multiplier': 0.6, 'kelly_cap': 0.2, 'profit_threshold': 0.07, 'hard_stop_loss': 0.035, 'max_quantile_spread': 0.1, 'max_concurrent_trades': 5}",0.0,0.0,0.0,0.0,0.0,0,0.0,ok
quantile_spread,"{'prob_threshold': 0.4, 'kelly_multiplier': 0.6, 'kelly_cap': 0.2, 'profit_threshold': 0.07, 'hard_stop_loss': 0.03, 'max_quantile_spread': 0.15, 'max_concurrent_trades': 10}",0.0,0.0,0.0,0.0,0.0,0,0.0,ok
quantile_spread,"{'prob_threshold': 0.4, 'kelly_multiplier': 0.6, 'kelly_cap': 0.2, 'profit_threshold': 0.07, 'hard_stop_loss': 0.035, 'max_quantile_spread': 0.15, 'max_concurrent_trades': 5}",0.0,0.0,0.0,0.0,0.0,0,0.0,ok
quantile_spread,"{'prob_threshold': 0.4, 'kelly_multiplier': 0.6, 'kelly_cap': 0.2, 'profit_threshold': 0.07, 'hard_stop_loss': 0.035, 'max_quantile_spread': 0.1, 'max_concurrent_trades': 10}",0.0,0.0,0.0,0.0,0.0,0,0.0,ok
quantile_spread,"{'prob_threshold': 0.4, 'kelly_multiplier': 0.6, 'kelly_cap': 0.2, 'profit_threshold': 0.07, 'hard_stop_loss': 0.035, 'max_quantile_spread': 0.15, 'max_concurrent_trades': 10}",0.0,0.0,0.0,0.0,0.0,0,0.0,ok
quantile_spread,"{'prob_threshold': 0.4, 'kelly_multiplier': 0.6, 'kelly_cap': 0.3, 'profit_threshold': 0.05, 'hard_stop_loss': 0.025, 'max_quantile_spread': 0.1, 'max_concurrent_trades': 5}",0.0,0.0,0.0,0.0,0.0,0,0.0,ok
quantile_spread,"{'prob_threshold': 0.4, 'kelly_multiplier': 0.6, 'kelly_cap': 0.3, 'profit_threshold': 0.05, 'hard_stop_loss': 0.025, 'max_quantile_spread': 0.1, 'max_concurrent_trades': 10}",0.0,0.0,0.0,0.0,0.0,0,0.0,ok
quantile_spread,"{'prob_threshold': 0.4, 'kelly_multiplier': 0.6, 'kelly_cap': 0.3, 'profit_threshold': 0.05, 'hard_stop_loss': 0.025, 'max_quantile_spread': 0.15, 'max_concurrent_trades': 5}",0.0565,0.0051,0.2163,1.2781,64.29,14,1.0792,ok
quantile_spread,"{'prob_threshold': 0.4, 'kelly_multiplier': 0.6, 'kelly_cap': 0.3, 'profit_threshold': 0.05, 'hard_stop_loss': 0.025, 'max_quantile_spread': 0.15, 'max_concurrent_trades': 10}",0.0111,0.001,0.0286,1.2781,58.82,17,1.009,ok
quantile_spread,"{'prob_threshold': 0.4, 'kelly_multiplier': 0.6, 'kelly_cap': 0.3, 'profit_threshold': 0.05, 'hard_stop_loss': 0.03, 'max_quantile_spread': 0.1, 'max_concurrent_trades': 5}",0.0,0.0,0.0,0.0,0.0,0,0.0,ok
quantile_spread,"{'prob_threshold': 0.4, 'kelly_multiplier': 0.6, 'kelly_cap': 0.3, 'profit_threshold': 0.05, 'hard_stop_loss': 0.03, 'max_quantile_spread': 0.1, 'max_concurrent_trades': 10}",0.0,0.0,0.0,0.0,0.0,0,0.0,ok
quantile_spread,"{'prob_threshold': 0.4, 'kelly_multiplier': 0.6, 'kelly_cap': 0.3, 'profit_threshold': 0.05, 'hard_stop_loss': 0.03, 'max_quantile_spread': 0.15, 'max_concurrent_trades': 10}",-0.0974,-0.0088,-0.3558,1.2666,57.89,19,0.8809,ok
quantile_spread,"{'prob_threshold': 0.4, 'kelly_multiplier': 0.6, 'kelly_cap': 0.3, 'profit_threshold': 0.05, 'hard_stop_loss': 0.03, 'max_quantile_spread': 0.15, 'max_concurrent_trades': 5}",-0.0208,-0.0017,-0.0856,1.2666,64.29,14,0.9648,ok
quantile_spread,"{'prob_threshold': 0.4, 'kelly_multiplier': 0.6, 'kelly_cap': 0.3, 'profit_threshold': 0.05, 'hard_stop_loss': 0.035, 'max_quantile_spread': 0.1, 'max_concurrent_trades': 10}",0.0,0.0,0.0,0.0,0.0,0,0.0,ok
quantile_spread,"{'prob_threshold': 0.4, 'kelly_multiplier': 0.6, 'kelly_cap': 0.3, 'profit_threshold': 0.05, 'hard_stop_loss': 0.035, 'max_quantile_spread': 0.1, 'max_concurrent_trades': 5}",0.0,0.0,0.0,0.0,0.0,0,0.0,ok
quantile_spread,"{'prob_threshold': 0.4, 'kelly_multiplier': 0.6, 'kelly_cap': 0.3, 'profit_threshold': 0.05, 'hard_stop_loss': 0.035, 'max_quantile_spread': 0.15, 'max_concurrent_trades': 5}",0.377,0.0307,0.9392,0.4954,78.57,14,1.7592,ok
quantile_spread,"{'prob_threshold': 0.4, 'kelly_multiplier': 0.6, 'kelly_cap': 0.3, 'profit_threshold': 0.05, 'hard_stop_loss': 0.035, 'max_quantile_spread': 0.15, 'max_concurrent_trades': 10}",0.3326,0.03,0.8002,0.5882,70.59,17,1.5623,ok
quantile_spread,"{'prob_threshold': 0.4, 'kelly_multiplier': 0.6, 'kelly_cap': 0.3, 'profit_threshold': 0.06, 'hard_stop_loss': 0.025, 'max_quantile_spread': 0.1, 'max_concurrent_trades': 5}",0.0,0.0,0.0,0.0,0.0,0,0.0,ok
quantile_spread,"{'prob_threshold': 0.4, 'kelly_multiplier': 0.6, 'kelly_cap': 0.3, 'profit_threshold': 0.06, 'hard_stop_loss': 0.025, 'max_quantile_spread': 0.1, 'max_concurrent_trades': 10}",0.0,0.0,0.0,0.0,0.0,0,0.0,ok
quantile_spread,"{'prob_threshold': 0.4, 'kelly_multiplier': 0.6, 'kelly_cap': 0.3, 'profit_threshold': 0.06, 'hard_stop_loss': 0.025, 'max_quantile_spread': 0.15, 'max_concurrent_trades': 5}",-0.1247,-0.0058,-0.3223,0.7899,62.5,8,0.789,ok
quantile_spread,"{'prob_threshold': 0.4, 'kelly_multiplier': 0.6, 'kelly_cap': 0.3, 'profit_threshold': 0.06, 'hard_stop_loss': 0.025, 'max_quantile_spread': 0.15, 'max_concurrent_trades': 10}",-0.1028,-0.0048,-0.2671,0.7899,66.67,9,0.8252,ok
quantile_spread,"{'prob_threshold': 0.4, 'kelly_multiplier': 0.6, 'kelly_cap': 0.3, 'profit_threshold': 0.06, 'hard_stop_loss': 0.03, 'max_quantile_spread': 0.1, 'max_concurrent_trades': 5}",0.0,0.0,0.0,0.0,0.0,0,0.0,ok
quantile_spread,"{'prob_threshold': 0.4, 'kelly_multiplier': 0.6, 'kelly_cap': 0.3, 'profit_threshold': 0.06, 'hard_stop_loss': 0.03, 'max_quantile_spread': 0.15, 'max_concurrent_trades': 5}",-0.2006,-0.0089,-0.4487,0.7528,62.5,8,0.6662,ok
quantile_spread,"{'prob_threshold': 0.4, 'kelly_multiplier': 0.6, 'kelly_cap': 0.3, 'profit_threshold': 0.06, 'hard_stop_loss': 0.03, 'max_quantile_spread': 0.1, 'max_concurrent_trades': 10}",0.0,0.0,0.0,0.0,0.0,0,0.0,ok
quantile_spread,"{'prob_threshold': 0.4, 'kelly_multiplier': 0.6, 'kelly_cap': 0.3, 'profit_threshold': 0.06, 'hard_stop_loss': 0.035, 'max_quantile_spread': 0.1, 'max_concurrent_trades': 5}",0.0,0.0,0.0,0.0,0.0,0,0.0,ok
quantile_spread,"{'prob_threshold': 0.4, 'kelly_multiplier': 0.6, 'kelly_cap': 0.3, 'profit_threshold': 0.06, 'hard_stop_loss': 0.03, 'max_quantile_spread': 0.15, 'max_concurrent_trades': 10}",-0.1812,-0.0081,-0.4064,0.7528,66.67,9,0.6977,ok
quantile_spread,"{'prob_threshold': 0.4, 'kelly_multiplier': 0.6, 'kelly_cap': 0.3, 'profit_threshold': 0.06, 'hard_stop_loss': 0.035, 'max_quantile_spread': 0.1, 'max_concurrent_trades': 10}",0.0,0.0,0.0,0.0,0.0,0,0.0,ok
quantile_spread,"{'prob_threshold': 0.4, 'kelly_multiplier': 0.6, 'kelly_cap': 0.3, 'profit_threshold': 0.06, 'hard_stop_loss': 0.035, 'max_quantile_spread': 0.15, 'max_concurrent_trades': 5}",0.3372,0.014,0.3751,0.3331,75.0,8,1.8916,ok
quantile_spread,"{'prob_threshold': 0.4, 'kelly_multiplier': 0.6, 'kelly_cap': 0.3, 'profit_threshold': 0.06, 'hard_stop_loss': 0.035, 'max_quantile_spread': 0.15, 'max_concurrent_trades': 10}",0.3632,0.0151,0.4049,0.3331,77.78,9,1.9622,ok
quantile_spread,"{'prob_threshold': 0.4, 'kelly_multiplier': 0.6, 'kelly_cap': 0.3, 'profit_threshold': 0.07, 'hard_stop_loss': 0.025, 'max_quantile_spread': 0.1, 'max_concurrent_trades': 5}",0.0,0.0,0.0,0.0,0.0,0,0.0,ok
quantile_spread,"{'prob_threshold': 0.4, 'kelly_multiplier': 0.6, 'kelly_cap': 0.3, 'profit_threshold': 0.07, 'hard_stop_loss': 0.025, 'max_quantile_spread': 0.1, 'max_concurrent_trades': 10}",0.0,0.0,0.0,0.0,0.0,0,0.0,ok
quantile_spread,"{'prob_threshold': 0.4, 'kelly_multiplier': 0.6, 'kelly_cap': 0.3, 'profit_threshold': 0.07, 'hard_stop_loss': 0.025, 'max_quantile_spread': 0.15, 'max_concurrent_trades': 5}",0.0,0.0,0.0,0.0,0.0,0,0.0,ok
quantile_spread,"{'prob_threshold': 0.4, 'kelly_multiplier': 0.6, 'kelly_cap': 0.3, 'profit_threshold': 0.07, 'hard_stop_loss': 0.025, 'max_quantile_spread': 0.15, 'max_concurrent_trades': 10}",0.0,0.0,0.0,0.0,0.0,0,0.0,ok
quantile_spread,"{'prob_threshold': 0.4, 'kelly_multiplier': 0.6, 'kelly_cap': 0.3, 'profit_threshold': 0.07, 'hard_stop_loss': 0.03, 'max_quantile_spread': 0.1, 'max_concurrent_trades': 10}",0.0,0.0,0.0,0.0,0.0,0,0.0,ok
quantile_spread,"{'prob_threshold': 0.4, 'kelly_multiplier': 0.6, 'kelly_cap': 0.3, 'profit_threshold': 0.07, 'hard_stop_loss': 0.03, 'max_quantile_spread': 0.1, 'max_concurrent_trades': 5}",0.0,0.0,0.0,0.0,0.0,0,0.0,ok
quantile_spread,"{'prob_threshold': 0.4, 'kelly_multiplier': 0.6, 'kelly_cap': 0.3, 'profit_threshold': 0.07, 'hard_stop_loss': 0.03, 'max_quantile_spread': 0.15, 'max_concurrent_trades': 10}",0.0,0.0,0.0,0.0,0.0,0,0.0,ok
quantile_spread,"{'prob_threshold': 0.4, 'kelly_multiplier': 0.6, 'kelly_cap': 0.3, 'profit_threshold': 0.07, 'hard_stop_loss': 0.03, 'max_quantile_spread': 0.15, 'max_concurrent_trades': 5}",0.0,0.0,0.0,0.0,0.0,0,0.0,ok
quantile_spread,"{'prob_threshold': 0.4, 'kelly_multiplier': 0.6, 'kelly_cap': 0.3, 'profit_threshold': 0.07, 'hard_stop_loss': 0.035, 'max_quantile_spread': 0.1, 'max_concurrent_trades': 5}",0.0,0.0,0.0,0.0,0.0,0,0.0,ok
quantile_spread,"{'prob_threshold': 0.4, 'kelly_multiplier': 0.6, 'kelly_cap': 0.3, 'profit_threshold': 0.07, 'hard_stop_loss': 0.035, 'max_quantile_spread': 0.1, 'max_concurrent_trades': 10}",0.0,0.0,0.0,0.0,0.0,0,0.0,ok
quantile_spread,"{'prob_threshold': 0.4, 'kelly_multiplier': 0.6, 'kelly_cap': 0.3, 'profit_threshold': 0.07, 'hard_stop_loss': 0.035, 'max_quantile_spread': 0.15, 'max_concurrent_trades': 5}",0.0,0.0,0.0,0.0,0.0,0,0.0,ok
quantile_spread,"{'prob_threshold': 0.4, 'kelly_multiplier': 0.8, 'kelly_cap': 0.2, 'profit_threshold': 0.05, 'hard_stop_loss': 0.025, 'max_quantile_spread': 0.1, 'max_concurrent_trades': 5}",0.0,0.0,0.0,0.0,0.0,0,0.0,ok
quantile_spread,"{'prob_threshold': 0.4, 'kelly_multiplier': 0.6, 'kelly_cap': 0.3, 'profit_threshold': 0.07, 'hard_stop_loss': 0.035, 'max_quantile_spread': 0.15, 'max_concurrent_trades': 10}",0.0,0.0,0.0,0.0,0.0,0,0.0,ok
quantile_spread,"{'prob_threshold': 0.4, 'kelly_multiplier': 0.8, 'kelly_cap': 0.2, 'profit_threshold': 0.05, 'hard_stop_loss': 0.025, 'max_quantile_spread': 0.1, 'max_concurrent_trades': 10}",0.0,0.0,0.0,0.0,0.0,0,0.0,ok
quantile_spread,"{'prob_threshold': 0.4, 'kelly_multiplier': 0.8, 'kelly_cap': 0.2, 'profit_threshold': 0.05, 'hard_stop_loss': 0.025, 'max_quantile_spread': 0.15, 'max_concurrent_trades': 5}",0.0737,0.007,0.3114,1.2048,64.29,14,1.1082,ok
quantile_spread,"{'prob_threshold': 0.4, 'kelly_multiplier': 0.8, 'kelly_cap': 0.2, 'profit_threshold': 0.05, 'hard_stop_loss': 0.025, 'max_quantile_spread': 0.15, 'max_concurrent_trades': 10}",0.0235,0.0022,0.0845,1.217,58.82,17,1.0253,ok
quantile_spread,"{'prob_threshold': 0.4, 'kelly_multiplier': 0.8, 'kelly_cap': 0.2, 'profit_threshold': 0.05, 'hard_stop_loss': 0.03, 'max_quantile_spread': 0.1, 'max_concurrent_trades': 5}",0.0,0.0,0.0,0.0,0.0,0,0.0,ok
quantile_spread,"{'prob_threshold': 0.4, 'kelly_multiplier': 0.8, 'kelly_cap': 0.2, 'profit_threshold': 0.05, 'hard_stop_loss': 0.03, 'max_quantile_spread': 0.15, 'max_concurrent_trades': 5}",0.0101,0.0009,0.0253,1.3648,64.29,14,1.0088,ok
quantile_spread,"{'prob_threshold': 0.4, 'kelly_multiplier': 0.8, 'kelly_cap': 0.2, 'profit_threshold': 0.05, 'hard_stop_loss': 0.03, 'max_quantile_spread': 0.1, 'max_concurrent_trades': 10}",0.0,0.0,0.0,0.0,0.0,0,0.0,ok
quantile_spread,"{'prob_threshold': 0.4, 'kelly_multiplier': 0.8, 'kelly_cap': 0.2, 'profit_threshold': 0.05, 'hard_stop_loss': 0.03, 'max_quantile_spread': 0.15, 'max_concurrent_trades': 10}",-0.0222,-0.0019,-0.1105,1.3648,61.11,18,0.9664,ok
quantile_spread,"{'prob_threshold': 0.4, 'kelly_multiplier': 0.8, 'kelly_cap': 0.2, 'profit_threshold': 0.05, 'hard_stop_loss': 0.035, 'max_quantile_spread': 0.1, 'max_concurrent_trades': 5}",0.0,0.0,0.0,0.0,0.0,0,0.0,ok
quantile_spread,"{'prob_threshold': 0.4, 'kelly_multiplier': 0.8, 'kelly_cap': 0.2, 'profit_threshold': 0.05, 'hard_stop_loss': 0.035, 'max_quantile_spread': 0.1, 'max_concurrent_trades': 10}",0.0,0.0,0.0,0.0,0.0,0,0.0,ok
quantile_spread,"{'prob_threshold': 0.4, 'kelly_multiplier': 0.8, 'kelly_cap': 0.2, 'profit_threshold': 0.05, 'hard_stop_loss': 0.035, 'max_quantile_spread': 0.15, 'max_concurrent_trades': 10}",0.317,0.0283,1.0049,0.7839,70.59,17,1.5292,ok
quantile_spread,"{'prob_threshold': 0.4, 'kelly_multiplier': 0.8, 'kelly_cap': 0.2, 'profit_threshold': 0.05, 'hard_stop_loss': 0.035, 'max_quantile_spread': 0.15, 'max_concurrent_trades': 5}",0.3627,0.0293,1.1904,0.6605,78.57,14,1.721,ok
quantile_spread,"{'prob_threshold': 0.4, 'kelly_multiplier': 0.8, 'kelly_cap': 0.2, 'profit_threshold': 0.06, 'hard_stop_loss': 0.025, 'max_quantile_spread': 0.1, 'max_concurrent_trades': 10}",0.0,0.0,0.0,0.0,0.0,0,0.0,ok
quantile_spread,"{'prob_threshold': 0.4, 'kelly_multiplier': 0.8, 'kelly_cap': 0.2, 'profit_threshold': 0.06, 'hard_stop_loss': 0.025, 'max_quantile_spread': 0.1, 'max_concurrent_trades': 5}",0.0,0.0,0.0,0.0,0.0,0,0.0,ok
quantile_spread,"{'prob_threshold': 0.4, 'kelly_multiplier': 0.8, 'kelly_cap': 0.2, 'profit_threshold': 0.06, 'hard_stop_loss': 0.025, 'max_quantile_spread': 0.15, 'max_concurrent_trades': 5}",-0.0912,-0.0044,-0.2612,0.7804,62.5,8,0.8468,ok
quantile_spread,"{'prob_threshold': 0.4, 'kelly_multiplier': 0.8, 'kelly_cap': 0.2, 'profit_threshold': 0.06, 'hard_stop_loss': 0.025, 'max_quantile_spread': 0.15, 'max_concurrent_trades': 10}",-0.0648,-0.0031,-0.1883,0.72,66.67,9,0.8896,ok
quantile_spread,"{'prob_threshold': 0.4, 'kelly_multiplier': 0.8, 'kelly_cap': 0.2, 'profit_threshold': 0.06, 'hard_stop_loss': 0.03, 'max_quantile_spread': 0.1, 'max_concurrent_trades': 5}",0.0,0.0,0.0,0.0,0.0,0,0.0,ok
quantile_spread,"{'prob_threshold': 0.4, 'kelly_multiplier': 0.8, 'kelly_cap': 0.2, 'profit_threshold': 0.06, 'hard_stop_loss': 0.03, 'max_quantile_spread': 0.1, 'max_concurrent_trades': 10}",0.0,0.0,0.0,0.0,0.0,0,0.0,ok
quantile_spread,"{'prob_threshold': 0.4, 'kelly_multiplier': 0.8, 'kelly_cap': 0.2, 'profit_threshold': 0.06, 'hard_stop_loss': 0.03, 'max_quantile_spread': 0.15, 'max_concurrent_trades': 5}",-0.189,-0.0085,-0.4892,0.8502,62.5,8,0.692,ok
quantile_spread,"{'prob_threshold': 0.4, 'kelly_multiplier': 0.8, 'kelly_cap': 0.2, 'profit_threshold': 0.06, 'hard_stop_loss': 0.03, 'max_quantile_spread': 0.15, 'max_concurrent_trades': 10}",-0.1666,-0.0075,-0.4328,0.8,66.67,9,0.7276,ok
quantile_spread,"{'prob_threshold': 0.4, 'kelly_multiplier': 0.8, 'kelly_cap': 0.2, 'profit_threshold': 0.06, 'hard_stop_loss': 0.035, 'max_quantile_spread': 0.1, 'max_concurrent_trades': 5}",0.0,0.0,0.0,0.0,0.0,0,0.0,ok
quantile_spread,"{'prob_threshold': 0.4, 'kelly_multiplier': 0.8, 'kelly_cap': 0.2, 'profit_threshold': 0.06, 'hard_stop_loss': 0.035, 'max_quantile_spread': 0.15, 'max_concurrent_trades': 5}",0.32,0.013,0.4639,0.4441,75.0,8,1.826,ok
quantile_spread,"{'prob_threshold': 0.4, 'kelly_multiplier': 0.8, 'kelly_cap': 0.2, 'profit_threshold': 0.06, 'hard_stop_loss': 0.035, 'max_quantile_spread': 0.1, 'max_concurrent_trades': 10}",0.0,0.0,0.0,0.0,0.0,0,0.0,ok
quantile_spread,"{'prob_threshold': 0.4, 'kelly_multiplier': 0.8, 'kelly_cap': 0.2, 'profit_threshold': 0.07, 'hard_stop_loss': 0.025, 'max_quantile_spread': 0.1, 'max_concurrent_trades': 5}",0.0,0.0,0.0,0.0,0.0,0,0.0,ok
quantile_spread,"{'prob_threshold': 0.4, 'kelly_multiplier': 0.8, 'kelly_cap': 0.2, 'profit_threshold': 0.06, 'hard_stop_loss': 0.035, 'max_quantile_spread': 0.15, 'max_concurrent_trades': 10}",0.3466,0.0141,0.5037,0.4441,77.78,9,1.8965,ok
quantile_spread,"{'prob_threshold': 0.4, 'kelly_multiplier': 0.8, 'kelly_cap': 0.2, 'profit_threshold': 0.07, 'hard_stop_loss': 0.025, 'max_quantile_spread': 0.1, 'max_concurrent_trades': 10}",0.0,0.0,0.0,0.0,0.0,0,0.0,ok
quantile_spread,"{'prob_threshold': 0.4, 'kelly_multiplier': 0.8, 'kelly_cap': 0.2, 'profit_threshold': 0.07, 'hard_stop_loss': 0.025, 'max_quantile_spread': 0.15, 'max_concurrent_trades': 5}",0.0,0.0,0.0,0.0,0.0,0,0.0,ok
quantile_spread,"{'prob_threshold': 0.4, 'kelly_multiplier': 0.8, 'kelly_cap': 0.2, 'profit_threshold': 0.07, 'hard_stop_loss': 0.025, 'max_quantile_spread': 0.15, 'max_concurrent_trades': 10}",0.0,0.0,0.0,0.0,0.0,0,0.0,ok
quantile_spread,"{'prob_threshold': 0.4, 'kelly_multiplier': 0.8, 'kelly_cap': 0.2, 'profit_threshold': 0.07, 'hard_stop_loss': 0.03, 'max_quantile_spread': 0.1, 'max_concurrent_trades': 5}",0.0,0.0,0.0,0.0,0.0,0,0.0,ok
quantile_spread,"{'prob_threshold': 0.4, 'kelly_multiplier': 0.8, 'kelly_cap': 0.2, 'profit_threshold': 0.07, 'hard_stop_loss': 0.03, 'max_quantile_spread': 0.1, 'max_concurrent_trades': 10}",0.0,0.0,0.0,0.0,0.0,0,0.0,ok
quantile_spread,"{'prob_threshold': 0.4, 'kelly_multiplier': 0.8, 'kelly_cap': 0.2, 'profit_threshold': 0.07, 'hard_stop_loss': 0.03, 'max_quantile_spread': 0.15, 'max_concurrent_trades': 5}",0.0,0.0,0.0,0.0,0.0,0,0.0,ok
quantile_spread,"{'prob_threshold': 0.4, 'kelly_multiplier': 0.8, 'kelly_cap': 0.2, 'profit_threshold': 0.07, 'hard_stop_loss': 0.03, 'max_quantile_spread': 0.15, 'max_concurrent_trades': 10}",0.0,0.0,0.0,0.0,0.0,0,0.0,ok
quantile_spread,"{'prob_threshold': 0.4, 'kelly_multiplier': 0.8, 'kelly_cap': 0.2, 'profit_threshold': 0.07, 'hard_stop_loss': 0.035, 'max_quantile_spread': 0.1, 'max_concurrent_trades': 10}",0.0,0.0,0.0,0.0,0.0,0,0.0,ok
quantile_spread,"{'prob_threshold': 0.4, 'kelly_multiplier': 0.8, 'kelly_cap': 0.2, 'profit_threshold': 0.07, 'hard_stop_loss': 0.035, 'max_quantile_spread': 0.1, 'max_concurrent_trades': 5}",0.0,0.0,0.0,0.0,0.0,0,0.0,ok
quantile_spread,"{'prob_threshold': 0.4, 'kelly_multiplier': 0.8, 'kelly_cap': 0.2, 'profit_threshold': 0.07, 'hard_stop_loss': 0.035, 'max_quantile_spread': 0.15, 'max_concurrent_trades': 10}",0.0,0.0,0.0,0.0,0.0,0,0.0,ok
quantile_spread,"{'prob_threshold': 0.4, 'kelly_multiplier': 0.8, 'kelly_cap': 0.2, 'profit_threshold': 0.07, 'hard_stop_loss': 0.035, 'max_quantile_spread': 0.15, 'max_concurrent_trades': 5}",0.0,0.0,0.0,0.0,0.0,0,0.0,ok
quantile_spread,"{'prob_threshold': 0.4, 'kelly_multiplier': 0.8, 'kelly_cap': 0.3, 'profit_threshold': 0.05, 'hard_stop_loss': 0.025, 'max_quantile_spread': 0.1, 'max_concurrent_trades': 5}",0.0,0.0,0.0,0.0,0.0,0,0.0,ok
quantile_spread,"{'prob_threshold': 0.4, 'kelly_multiplier': 0.8, 'kelly_cap': 0.3, 'profit_threshold': 0.05, 'hard_stop_loss': 0.025, 'max_quantile_spread': 0.1, 'max_concurrent_trades': 10}",0.0,0.0,0.0,0.0,0.0,0,0.0,ok
quantile_spread,"{'prob_threshold': 0.4, 'kelly_multiplier': 0.8, 'kelly_cap': 0.3, 'profit_threshold': 0.05, 'hard_stop_loss': 0.025, 'max_quantile_spread': 0.15, 'max_concurrent_trades': 5}",0.0568,0.0052,0.2829,1.7042,64.29,14,1.0777,ok
quantile_spread,"{'prob_threshold': 0.4, 'kelly_multiplier': 0.8, 'kelly_cap': 0.3, 'profit_threshold': 0.05, 'hard_stop_loss': 0.025, 'max_quantile_spread': 0.15, 'max_concurrent_trades': 10}",-0.0112,-0.001,-0.0875,1.7042,62.5,16,0.9782,ok
quantile_spread,"{'prob_threshold': 0.4, 'kelly_multiplier': 0.8, 'kelly_cap': 0.3, 'profit_threshold': 0.05, 'hard_stop_loss': 0.03, 'max_quantile_spread': 0.1, 'max_concurrent_trades': 5}",0.0,0.0,0.0,0.0,0.0,0,0.0,ok
quantile_spread,"{'prob_threshold': 0.4, 'kelly_multiplier': 0.8, 'kelly_cap': 0.3, 'profit_threshold': 0.05, 'hard_stop_loss': 0.03, 'max_quantile_spread': 0.1, 'max_concurrent_trades': 10}",0.0,0.0,0.0,0.0,0.0,0,0.0,ok
quantile_spread,"{'prob_threshold': 0.4, 'kelly_multiplier': 0.8, 'kelly_cap': 0.3, 'profit_threshold': 0.05, 'hard_stop_loss': 0.03, 'max_quantile_spread': 0.15, 'max_concurrent_trades': 5}",-0.0207,-0.0017,-0.119,1.6889,64.29,14,0.9633,ok
quantile_spread,"{'prob_threshold': 0.4, 'kelly_multiplier': 0.8, 'kelly_cap': 0.3, 'profit_threshold': 0.05, 'hard_stop_loss': 0.035, 'max_quantile_spread': 0.1, 'max_concurrent_trades': 5}",0.0,0.0,0.0,0.0,0.0,0,0.0,ok
quantile_spread,"{'prob_threshold': 0.4, 'kelly_multiplier': 0.8, 'kelly_cap': 0.3, 'profit_threshold': 0.05, 'hard_stop_loss': 0.03, 'max_quantile_spread': 0.15, 'max_concurrent_trades': 10}",-0.018,-0.0015,-0.1067,1.6889,58.82,17,0.9698,ok
quantile_spread,"{'prob_threshold': 0.4, 'kelly_multiplier': 0.8, 'kelly_cap': 0.3, 'profit_threshold': 0.05, 'hard_stop_loss': 0.035, 'max_quantile_spread': 0.15, 'max_concurrent_trades': 5}",0.3774,0.0308,1.253,0.6605,78.57,14,1.7587,ok
quantile_spread,"{'prob_threshold': 0.4, 'kelly_multiplier': 0.8, 'kelly_cap': 0.3, 'profit_threshold': 0.05, 'hard_stop_loss': 0.035, 'max_quantile_spread': 0.1, 'max_concurrent_trades': 10}",0.0,0.0,0.0,0.0,0.0,0,0.0,ok
quantile_spread,"{'prob_threshold': 0.4, 'kelly_multiplier': 0.8, 'kelly_cap': 0.3, 'profit_threshold': 0.05, 'hard_stop_loss': 0.035, 'max_quantile_spread': 0.15, 'max_concurrent_trades': 10}",0.333,0.03,1.0675,0.7839,70.59,17,1.562,ok
quantile_spread,"{'prob_threshold': 0.4, 'kelly_multiplier': 0.8, 'kelly_cap': 0.3, 'profit_threshold': 0.06, 'hard_stop_loss': 0.025, 'max_quantile_spread': 0.1, 'max_concurrent_trades': 5}",0.0,0.0,0.0,0.0,0.0,0,0.0,ok
quantile_spread,"{'prob_threshold': 0.4, 'kelly_multiplier': 0.8, 'kelly_cap': 0.3, 'profit_threshold': 0.06, 'hard_stop_loss': 0.025, 'max_quantile_spread': 0.1, 'max_concurrent_trades': 10}",0.0,0.0,0.0,0.0,0.0,0,0.0,ok
quantile_spread,"{'prob_threshold': 0.4, 'kelly_multiplier': 0.8, 'kelly_cap': 0.3, 'profit_threshold': 0.06, 'hard_stop_loss': 0.025, 'max_quantile_spread': 0.15, 'max_concurrent_trades': 5}",-0.1245,-0.0058,-0.4317,1.0532,62.5,8,0.7879,ok
quantile_spread,"{'prob_threshold': 0.4, 'kelly_multiplier': 0.8, 'kelly_cap': 0.3, 'profit_threshold': 0.06, 'hard_stop_loss': 0.025, 'max_quantile_spread': 0.15, 'max_concurrent_trades': 10}",-0.106,-0.005,-0.3695,1.0532,66.67,9,0.8185,ok
quantile_spread,"{'prob_threshold': 0.4, 'kelly_multiplier': 0.8, 'kelly_cap': 0.3, 'profit_threshold': 0.06, 'hard_stop_loss': 0.03, 'max_quantile_spread': 0.1, 'max_concurrent_trades': 5}",0.0,0.0,0.0,0.0,0.0,0,0.0,ok
quantile_spread,"{'prob_threshold': 0.4, 'kelly_multiplier': 0.8, 'kelly_cap': 0.3, 'profit_threshold': 0.06, 'hard_stop_loss': 0.03, 'max_quantile_spread': 0.1, 'max_concurrent_trades': 10}",0.0,0.0,0.0,0.0,0.0,0,0.0,ok
quantile_spread,"{'prob_threshold': 0.4, 'kelly_multiplier': 0.8, 'kelly_cap': 0.3, 'profit_threshold': 0.06, 'hard_stop_loss': 0.03, 'max_quantile_spread': 0.15, 'max_concurrent_trades': 10}",-0.1811,-0.0081,-0.5434,1.0037,66.67,9,0.6967,ok
quantile_spread,"{'prob_threshold': 0.4, 'kelly_multiplier': 0.8, 'kelly_cap': 0.3, 'profit_threshold': 0.06, 'hard_stop_loss': 0.03, 'max_quantile_spread': 0.15, 'max_concurrent_trades': 5}",-0.2004,-0.0089,-0.5997,1.0037,62.5,8,0.6652,ok
quantile_spread,"{'prob_threshold': 0.4, 'kelly_multiplier': 0.8, 'kelly_cap': 0.3, 'profit_threshold': 0.06, 'hard_stop_loss': 0.035, 'max_quantile_spread': 0.1, 'max_concurrent_trades': 10}",0.0,0.0,0.0,0.0,0.0,0,0.0,ok
quantile_spread,"{'prob_threshold': 0.4, 'kelly_multiplier': 0.8, 'kelly_cap': 0.3, 'profit_threshold': 0.06, 'hard_stop_loss': 0.035, 'max_quantile_spread': 0.1, 'max_concurrent_trades': 5}",0.0,0.0,0.0,0.0,0.0,0,0.0,ok
quantile_spread,"{'prob_threshold': 0.4, 'kelly_multiplier': 0.8, 'kelly_cap': 0.3, 'profit_threshold': 0.06, 'hard_stop_loss': 0.035, 'max_quantile_spread': 0.15, 'max_concurrent_trades': 5}",0.3372,0.014,0.5,0.4441,75.0,8,1.89,ok
quantile_spread,"{'prob_threshold': 0.4, 'kelly_multiplier': 0.8, 'kelly_cap': 0.3, 'profit_threshold': 0.06, 'hard_stop_loss': 0.035, 'max_quantile_spread': 0.15, 'max_concurrent_trades': 10}",0.3632,0.0151,0.5397,0.4441,77.78,9,1.9604,ok
quantile_spread,"{'prob_threshold': 0.4, 'kelly_multiplier': 0.8, 'kelly_cap': 0.3, 'profit_threshold': 0.07, 'hard_stop_loss': 0.025, 'max_quantile_spread': 0.1, 'max_concurrent_trades': 5}",0.0,0.0,0.0,0.0,0.0,0,0.0,ok
quantile_spread,"{'prob_threshold': 0.4, 'kelly_multiplier': 0.8, 'kelly_cap': 0.3, 'profit_threshold': 0.07, 'hard_stop_loss': 0.025, 'max_quantile_spread': 0.1, 'max_concurrent_trades': 10}",0.0,0.0,0.0,0.0,0.0,0,0.0,ok
quantile_spread,"{'prob_threshold': 0.4, 'kelly_multiplier': 0.8, 'kelly_cap': 0.3, 'profit_threshold': 0.07, 'hard_stop_loss': 0.025, 'max_quantile_spread': 0.15, 'max_concurrent_trades': 5}",0.0,0.0,0.0,0.0,0.0,0,0.0,ok
quantile_spread,"{'prob_threshold': 0.4, 'kelly_multiplier': 0.8, 'kelly_cap': 0.3, 'profit_threshold': 0.07, 'hard_stop_loss': 0.025, 'max_quantile_spread': 0.15, 'max_concurrent_trades': 10}",0.0,0.0,0.0,0.0,0.0,0,0.0,ok
quantile_spread,"{'prob_threshold': 0.4, 'kelly_multiplier': 0.8, 'kelly_cap': 0.3, 'profit_threshold': 0.07, 'hard_stop_loss': 0.03, 'max_quantile_spread': 0.1, 'max_concurrent_trades': 5}",0.0,0.0,0.0,0.0,0.0,0,0.0,ok
quantile_spread,"{'prob_threshold': 0.4, 'kelly_multiplier': 0.8, 'kelly_cap': 0.3, 'profit_threshold': 0.07, 'hard_stop_loss': 0.03, 'max_quantile_spread': 0.15, 'max_concurrent_trades': 5}",0.0,0.0,0.0,0.0,0.0,0,0.0,ok
quantile_spread,"{'prob_threshold': 0.4, 'kelly_multiplier': 0.8, 'kelly_cap': 0.3, 'profit_threshold': 0.07, 'hard_stop_loss': 0.03, 'max_quantile_spread': 0.1, 'max_concurrent_trades': 10}",0.0,0.0,0.0,0.0,0.0,0,0.0,ok
quantile_spread,"{'prob_threshold': 0.4, 'kelly_multiplier': 0.8, 'kelly_cap': 0.3, 'profit_threshold': 0.07, 'hard_stop_loss': 0.035, 'max_quantile_spread': 0.1, 'max_concurrent_trades': 5}",0.0,0.0,0.0,0.0,0.0,0,0.0,ok
quantile_spread,"{'prob_threshold': 0.4, 'kelly_multiplier': 0.8, 'kelly_cap': 0.3, 'profit_threshold': 0.07, 'hard_stop_loss': 0.03, 'max_quantile_spread': 0.15, 'max_concurrent_trades': 10}",0.0,0.0,0.0,0.0,0.0,0,0.0,ok
quantile_spread,"{'prob_threshold': 0.4, 'kelly_multiplier': 0.8, 'kelly_cap': 0.3, 'profit_threshold': 0.07, 'hard_stop_loss': 0.035, 'max_quantile_spread': 0.1, 'max_concurrent_trades': 10}",0.0,0.0,0.0,0.0,0.0,0,0.0,ok
quantile_spread,"{'prob_threshold': 0.4, 'kelly_multiplier': 0.8, 'kelly_cap': 0.3, 'profit_threshold': 0.07, 'hard_stop_loss': 0.035, 'max_quantile_spread': 0.15, 'max_concurrent_trades': 5}",0.0,0.0,0.0,0.0,0.0,0,0.0,ok
quantile_spread,"{'prob_threshold': 0.4, 'kelly_multiplier': 0.8, 'kelly_cap': 0.3, 'profit_threshold': 0.07, 'hard_stop_loss': 0.035, 'max_quantile_spread': 0.15, 'max_concurrent_trades': 10}",0.0,0.0,0.0,0.0,0.0,0,0.0,ok
quantile_spread,"{'prob_threshold': 0.5, 'kelly_multiplier': 0.4, 'kelly_cap': 0.2, 'profit_threshold': 0.05, 'hard_stop_loss': 0.025, 'max_quantile_spread': 0.1, 'max_concurrent_trades': 5}",0.0,0.0,0.0,0.0,0.0,0,0.0,ok
quantile_spread,"{'prob_threshold': 0.5, 'kelly_multiplier': 0.4, 'kelly_cap': 0.2, 'profit_threshold': 0.05, 'hard_stop_loss': 0.025, 'max_quantile_spread': 0.1, 'max_concurrent_trades': 10}",0.0,0.0,0.0,0.0,0.0,0,0.0,ok
quantile_spread,"{'prob_threshold': 0.5, 'kelly_multiplier': 0.4, 'kelly_cap': 0.2, 'profit_threshold': 0.05, 'hard_stop_loss': 0.025, 'max_quantile_spread': 0.15, 'max_concurrent_trades': 5}",-0.0613,-0.0039,-0.1039,0.6024,70.0,10,0.9039,ok
quantile_spread,"{'prob_threshold': 0.5, 'kelly_multiplier': 0.4, 'kelly_cap': 0.2, 'profit_threshold': 0.05, 'hard_stop_loss': 0.025, 'max_quantile_spread': 0.15, 'max_concurrent_trades': 10}",-0.0613,-0.0039,-0.1039,0.6024,70.0,10,0.9039,ok
quantile_spread,"{'prob_threshold': 0.5, 'kelly_multiplier': 0.4, 'kelly_cap': 0.2, 'profit_threshold': 0.05, 'hard_stop_loss': 0.03, 'max_quantile_spread': 0.1, 'max_concurrent_trades': 10}",0.0,0.0,0.0,0.0,0.0,0,0.0,ok
quantile_spread,"{'prob_threshold': 0.5, 'kelly_multiplier': 0.4, 'kelly_cap': 0.2, 'profit_threshold': 0.05, 'hard_stop_loss': 0.03, 'max_quantile_spread': 0.1, 'max_concurrent_trades': 5}",0.0,0.0,0.0,0.0,0.0,0,0.0,ok
quantile_spread,"{'prob_threshold': 0.5, 'kelly_multiplier': 0.4, 'kelly_cap': 0.2, 'profit_threshold': 0.05, 'hard_stop_loss': 0.03, 'max_quantile_spread': 0.15, 'max_concurrent_trades': 10}",-0.1248,-0.0075,-0.2243,0.6824,70.0,10,0.8131,ok
quantile_spread,"{'prob_threshold': 0.5, 'kelly_multiplier': 0.4, 'kelly_cap': 0.2, 'profit_threshold': 0.05, 'hard_stop_loss': 0.03, 'max_quantile_spread': 0.15, 'max_concurrent_trades': 5}",-0.1248,-0.0075,-0.2243,0.6824,70.0,10,0.8131,ok
quantile_spread,"{'prob_threshold': 0.5, 'kelly_multiplier': 0.4, 'kelly_cap': 0.2, 'profit_threshold': 0.05, 'hard_stop_loss': 0.035, 'max_quantile_spread': 0.1, 'max_concurrent_trades': 5}",0.0,0.0,0.0,0.0,0.0,0,0.0,ok
quantile_spread,"{'prob_threshold': 0.5, 'kelly_multiplier': 0.4, 'kelly_cap': 0.2, 'profit_threshold': 0.05, 'hard_stop_loss': 0.035, 'max_quantile_spread': 0.1, 'max_concurrent_trades': 10}",0.0,0.0,0.0,0.0,0.0,0,0.0,ok
quantile_spread,"{'prob_threshold': 0.5, 'kelly_multiplier': 0.4, 'kelly_cap': 0.2, 'profit_threshold': 0.05, 'hard_stop_loss': 0.035, 'max_quantile_spread': 0.15, 'max_concurrent_trades': 5}",0.2299,0.0133,0.316,0.3302,80.0,10,1.4558,ok
quantile_spread,"{'prob_threshold': 0.5, 'kelly_multiplier': 0.4, 'kelly_cap': 0.2, 'profit_threshold': 0.06, 'hard_stop_loss': 0.025, 'max_quantile_spread': 0.1, 'max_concurrent_trades': 5}",0.0,0.0,0.0,0.0,0.0,0,0.0,ok
quantile_spread,"{'prob_threshold': 0.5, 'kelly_multiplier': 0.4, 'kelly_cap': 0.2, 'profit_threshold': 0.05, 'hard_stop_loss': 0.035, 'max_quantile_spread': 0.15, 'max_concurrent_trades': 10}",0.2299,0.0133,0.316,0.3302,80.0,10,1.4558,ok
quantile_spread,"{'prob_threshold': 0.5, 'kelly_multiplier': 0.4, 'kelly_cap': 0.2, 'profit_threshold': 0.06, 'hard_stop_loss': 0.025, 'max_quantile_spread': 0.1, 'max_concurrent_trades': 10}",0.0,0.0,0.0,0.0,0.0,0,0.0,ok
quantile_spread,"{'prob_threshold': 0.5, 'kelly_multiplier': 0.4, 'kelly_cap': 0.2, 'profit_threshold': 0.06, 'hard_stop_loss': 0.025, 'max_quantile_spread': 0.15, 'max_concurrent_trades': 5}",-0.2182,-0.0065,-0.1886,0.36,66.67,3,0.4761,ok
quantile_spread,"{'prob_threshold': 0.5, 'kelly_multiplier': 0.4, 'kelly_cap': 0.2, 'profit_threshold': 0.06, 'hard_stop_loss': 0.025, 'max_quantile_spread': 0.15, 'max_concurrent_trades': 10}",-0.2182,-0.0065,-0.1886,0.36,66.67,3,0.4761,ok
quantile_spread,"{'prob_threshold': 0.5, 'kelly_multiplier': 0.4, 'kelly_cap': 0.2, 'profit_threshold': 0.06, 'hard_stop_loss': 0.03, 'max_quantile_spread': 0.1, 'max_concurrent_trades': 5}",0.0,0.0,0.0,0.0,0.0,0,0.0,ok
quantile_spread,"{'prob_threshold': 0.5, 'kelly_multiplier': 0.4, 'kelly_cap': 0.2, 'profit_threshold': 0.06, 'hard_stop_loss': 0.03, 'max_quantile_spread': 0.15, 'max_concurrent_trades': 5}",-0.2408,-0.0071,-0.2287,0.4,66.67,3,0.4283,ok
quantile_spread,"{'prob_threshold': 0.5, 'kelly_multiplier': 0.4, 'kelly_cap': 0.2, 'profit_threshold': 0.06, 'hard_stop_loss': 0.03, 'max_quantile_spread': 0.1, 'max_concurrent_trades': 10}",0.0,0.0,0.0,0.0,0.0,0,0.0,ok
quantile_spread,"{'prob_threshold': 0.5, 'kelly_multiplier': 0.4, 'kelly_cap': 0.2, 'profit_threshold': 0.06, 'hard_stop_loss': 0.03, 'max_quantile_spread': 0.15, 'max_concurrent_trades': 10}",-0.2408,-0.0071,-0.2287,0.4,66.67,3,0.4283,ok
quantile_spread,"{'prob_threshold': 0.5, 'kelly_multiplier': 0.4, 'kelly_cap': 0.2, 'profit_threshold': 0.06, 'hard_stop_loss': 0.035, 'max_quantile_spread': 0.1, 'max_concurrent_trades': 5}",0.0,0.0,0.0,0.0,0.0,0,0.0,ok
quantile_spread,"{'prob_threshold': 0.5, 'kelly_multiplier': 0.4, 'kelly_cap': 0.2, 'profit_threshold': 0.06, 'hard_stop_loss': 0.035, 'max_quantile_spread': 0.1, 'max_concurrent_trades': 10}",0.0,0.0,0.0,0.0,0.0,0,0.0,ok
quantile_spread,"{'prob_threshold': 0.5, 'kelly_multiplier': 0.4, 'kelly_cap': 0.2, 'profit_threshold': 0.06, 'hard_stop_loss': 0.035, 'max_quantile_spread': 0.15, 'max_concurrent_trades': 5}",0.7325,1.4651,0.3026,0.0,100.0,3,0.0,ok
quantile_spread,"{'prob_threshold': 0.5, 'kelly_multiplier': 0.4, 'kelly_cap': 0.2, 'profit_threshold': 0.06, 'hard_stop_loss': 0.035, 'max_quantile_spread': 0.15, 'max_concurrent_trades': 10}",0.7325,1.4651,0.3026,0.0,100.0,3,0.0,ok
quantile_spread,"{'prob_threshold': 0.5, 'kelly_multiplier': 0.4, 'kelly_cap': 0.2, 'profit_threshold': 0.07, 'hard_stop_loss': 0.025, 'max_quantile_spread': 0.1, 'max_concurrent_trades': 10}",0.0,0.0,0.0,0.0,0.0,0,0.0,ok
quantile_spread,"{'prob_threshold': 0.5, 'kelly_multiplier': 0.4, 'kelly_cap': 0.2, 'profit_threshold': 0.07, 'hard_stop_loss': 0.025, 'max_quantile_spread': 0.1, 'max_concurrent_trades': 5}",0.0,0.0,0.0,0.0,0.0,0,0.0,ok
quantile_spread,"{'prob_threshold': 0.5, 'kelly_multiplier': 0.4, 'kelly_cap': 0.2, 'profit_threshold': 0.07, 'hard_stop_loss': 0.025, 'max_quantile_spread': 0.15, 'max_concurrent_trades': 10}",0.0,0.0,0.0,0.0,0.0,0,0.0,ok
quantile_spread,"{'prob_threshold': 0.5, 'kelly_multiplier': 0.4, 'kelly_cap': 0.2, 'profit_threshold': 0.07, 'hard_stop_loss': 0.025, 'max_quantile_spread': 0.15, 'max_concurrent_trades': 5}",0.0,0.0,0.0,0.0,0.0,0,0.0,ok
quantile_spread,"{'prob_threshold': 0.5, 'kelly_multiplier': 0.4, 'kelly_cap': 0.2, 'profit_threshold': 0.07, 'hard_stop_loss': 0.03, 'max_quantile_spread': 0.1, 'max_concurrent_trades': 5}",0.0,0.0,0.0,0.0,0.0,0,0.0,ok
quantile_spread,"{'prob_threshold': 0.5, 'kelly_multiplier': 0.4, 'kelly_cap': 0.2, 'profit_threshold': 0.07, 'hard_stop_loss': 0.03, 'max_quantile_spread': 0.1, 'max_concurrent_trades': 10}",0.0,0.0,0.0,0.0,0.0,0,0.0,ok
quantile_spread,"{'prob_threshold': 0.5, 'kelly_multiplier': 0.4, 'kelly_cap': 0.2, 'profit_threshold': 0.07, 'hard_stop_loss': 0.03, 'max_quantile_spread': 0.15, 'max_concurrent_trades': 5}",0.0,0.0,0.0,0.0,0.0,0,0.0,ok
quantile_spread,"{'prob_threshold': 0.5, 'kelly_multiplier': 0.4, 'kelly_cap': 0.2, 'profit_threshold': 0.07, 'hard_stop_loss': 0.03, 'max_quantile_spread': 0.15, 'max_concurrent_trades': 10}",0.0,0.0,0.0,0.0,0.0,0,0.0,ok
quantile_spread,"{'prob_threshold': 0.5, 'kelly_multiplier': 0.4, 'kelly_cap': 0.2, 'profit_threshold': 0.07, 'hard_stop_loss': 0.035, 'max_quantile_spread': 0.1, 'max_concurrent_trades': 5}",0.0,0.0,0.0,0.0,0.0,0,0.0,ok
quantile_spread,"{'prob_threshold': 0.5, 'kelly_multiplier': 0.4, 'kelly_cap': 0.2, 'profit_threshold': 0.07, 'hard_stop_loss': 0.035, 'max_quantile_spread': 0.15, 'max_concurrent_trades': 5}",0.0,0.0,0.0,0.0,0.0,0,0.0,ok
quantile_spread,"{'prob_threshold': 0.5, 'kelly_multiplier': 0.4, 'kelly_cap': 0.2, 'profit_threshold': 0.07, 'hard_stop_loss': 0.035, 'max_quantile_spread': 0.1, 'max_concurrent_trades': 10}",0.0,0.0,0.0,0.0,0.0,0,0.0,ok
quantile_spread,"{'prob_threshold': 0.5, 'kelly_multiplier': 0.4, 'kelly_cap': 0.3, 'profit_threshold': 0.05, 'hard_stop_loss': 0.025, 'max_quantile_spread': 0.1, 'max_concurrent_trades': 5}",0.0,0.0,0.0,0.0,0.0,0,0.0,ok
quantile_spread,"{'prob_threshold': 0.5, 'kelly_multiplier': 0.4, 'kelly_cap': 0.2, 'profit_threshold': 0.07, 'hard_stop_loss': 0.035, 'max_quantile_spread': 0.15, 'max_concurrent_trades': 10}",0.0,0.0,0.0,0.0,0.0,0,0.0,ok
quantile_spread,"{'prob_threshold': 0.5, 'kelly_multiplier': 0.4, 'kelly_cap': 0.3, 'profit_threshold': 0.05, 'hard_stop_loss': 0.025, 'max_quantile_spread': 0.1, 'max_concurrent_trades': 10}",0.0,0.0,0.0,0.0,0.0,0,0.0,ok
quantile_spread,"{'prob_threshold': 0.5, 'kelly_multiplier': 0.4, 'kelly_cap': 0.3, 'profit_threshold': 0.05, 'hard_stop_loss': 0.025, 'max_quantile_spread': 0.15, 'max_concurrent_trades': 5}",-0.0476,-0.003,-0.1136,0.8521,70.0,10,0.9224,ok
quantile_spread,"{'prob_threshold': 0.5, 'kelly_multiplier': 0.4, 'kelly_cap': 0.3, 'profit_threshold': 0.05, 'hard_stop_loss': 0.025, 'max_quantile_spread': 0.15, 'max_concurrent_trades': 10}",-0.0476,-0.003,-0.1136,0.8521,70.0,10,0.9224,ok
quantile_spread,"{'prob_threshold': 0.5, 'kelly_multiplier': 0.4, 'kelly_cap': 0.3, 'profit_threshold': 0.05, 'hard_stop_loss': 0.03, 'max_quantile_spread': 0.1, 'max_concurrent_trades': 5}",0.0,0.0,0.0,0.0,0.0,0,0.0,ok
quantile_spread,"{'prob_threshold': 0.5, 'kelly_multiplier': 0.4, 'kelly_cap': 0.3, 'profit_threshold': 0.05, 'hard_stop_loss': 0.03, 'max_quantile_spread': 0.1, 'max_concurrent_trades': 10}",0.0,0.0,0.0,0.0,0.0,0,0.0,ok
quantile_spread,"{'prob_threshold': 0.5, 'kelly_multiplier': 0.4, 'kelly_cap': 0.3, 'profit_threshold': 0.05, 'hard_stop_loss': 0.03, 'max_quantile_spread': 0.15, 'max_concurrent_trades': 5}",-0.1217,-0.0073,-0.2566,0.8444,70.0,10,0.8136,ok
quantile_spread,"{'prob_threshold': 0.5, 'kelly_multiplier': 0.4, 'kelly_cap': 0.3, 'profit_threshold': 0.05, 'hard_stop_loss': 0.03, 'max_quantile_spread': 0.15, 'max_concurrent_trades': 10}",-0.1217,-0.0073,-0.2566,0.8444,70.0,10,0.8136,ok
quantile_spread,"{'prob_threshold': 0.5, 'kelly_multiplier': 0.4, 'kelly_cap': 0.3, 'profit_threshold': 0.05, 'hard_stop_loss': 0.035, 'max_quantile_spread': 0.1, 'max_concurrent_trades': 10}",0.0,0.0,0.0,0.0,0.0,0,0.0,ok
quantile_spread,"{'prob_threshold': 0.5, 'kelly_multiplier': 0.4, 'kelly_cap': 0.3, 'profit_threshold': 0.05, 'hard_stop_loss': 0.035, 'max_quantile_spread': 0.1, 'max_concurrent_trades': 5}",0.0,0.0,0.0,0.0,0.0,0,0.0,ok
quantile_spread,"{'prob_threshold': 0.5, 'kelly_multiplier': 0.4, 'kelly_cap': 0.3, 'profit_threshold': 0.05, 'hard_stop_loss': 0.035, 'max_quantile_spread': 0.15, 'max_concurrent_trades': 10}",0.2486,0.0146,0.347,0.3303,80.0,10,1.5005,ok
quantile_spread,"{'prob_threshold': 0.5, 'kelly_multiplier': 0.4, 'kelly_cap': 0.3, 'profit_threshold': 0.05, 'hard_stop_loss': 0.035, 'max_quantile_spread': 0.15, 'max_concurrent_trades': 5}",0.2486,0.0146,0.347,0.3303,80.0,10,1.5005,ok
quantile_spread,"{'prob_threshold': 0.5, 'kelly_multiplier': 0.4, 'kelly_cap': 0.3, 'profit_threshold': 0.06, 'hard_stop_loss': 0.025, 'max_quantile_spread': 0.1, 'max_concurrent_trades': 5}",0.0,0.0,0.0,0.0,0.0,0,0.0,ok
quantile_spread,"{'prob_threshold': 0.5, 'kelly_multiplier': 0.4, 'kelly_cap': 0.3, 'profit_threshold': 0.06, 'hard_stop_loss': 0.025, 'max_quantile_spread': 0.1, 'max_concurrent_trades': 10}",0.0,0.0,0.0,0.0,0.0,0,0.0,ok
quantile_spread,"{'prob_threshold': 0.5, 'kelly_multiplier': 0.4, 'kelly_cap': 0.3, 'profit_threshold': 0.06, 'hard_stop_loss': 0.025, 'max_quantile_spread': 0.15, 'max_concurrent_trades': 5}",-0.2151,-0.0064,-0.2728,0.5266,66.67,3,0.4819,ok
quantile_spread,"{'prob_threshold': 0.5, 'kelly_multiplier': 0.4, 'kelly_cap': 0.3, 'profit_threshold': 0.06, 'hard_stop_loss': 0.025, 'max_quantile_spread': 0.15, 'max_concurrent_trades': 10}",-0.2151,-0.0064,-0.2728,0.5266,66.67,3,0.4819,ok
quantile_spread,"{'prob_threshold': 0.5, 'kelly_multiplier': 0.4, 'kelly_cap': 0.3, 'profit_threshold': 0.06, 'hard_stop_loss': 0.03, 'max_quantile_spread': 0.1, 'max_concurrent_trades': 5}",0.0,0.0,0.0,0.0,0.0,0,0.0,ok
quantile_spread,"{'prob_threshold': 0.5, 'kelly_multiplier': 0.4, 'kelly_cap': 0.3, 'profit_threshold': 0.06, 'hard_stop_loss': 0.03, 'max_quantile_spread': 0.1, 'max_concurrent_trades': 10}",0.0,0.0,0.0,0.0,0.0,0,0.0,ok
quantile_spread,"{'prob_threshold': 0.5, 'kelly_multiplier': 0.4, 'kelly_cap': 0.3, 'profit_threshold': 0.06, 'hard_stop_loss': 0.03, 'max_quantile_spread': 0.15, 'max_concurrent_trades': 5}",-0.2372,-0.007,-0.2834,0.5019,66.67,3,0.4352,ok
quantile_spread,"{'prob_threshold': 0.5, 'kelly_multiplier': 0.4, 'kelly_cap': 0.3, 'profit_threshold': 0.06, 'hard_stop_loss': 0.035, 'max_quantile_spread': 0.1, 'max_concurrent_trades': 5}",0.0,0.0,0.0,0.0,0.0,0,0.0,ok
quantile_spread,"{'prob_threshold': 0.5, 'kelly_multiplier': 0.4, 'kelly_cap': 0.3, 'profit_threshold': 0.06, 'hard_stop_loss': 0.03, 'max_quantile_spread': 0.15, 'max_concurrent_trades': 10}",-0.2372,-0.007,-0.2834,0.5019,66.67,3,0.4352,ok
quantile_spread,"{'prob_threshold': 0.5, 'kelly_multiplier': 0.4, 'kelly_cap': 0.3, 'profit_threshold': 0.06, 'hard_stop_loss': 0.035, 'max_quantile_spread': 0.15, 'max_concurrent_trades': 5}",0.7332,1.4664,0.3207,0.0,100.0,3,0.0,ok
quantile_spread,"{'prob_threshold': 0.5, 'kelly_multiplier': 0.4, 'kelly_cap': 0.3, 'profit_threshold': 0.06, 'hard_stop_loss': 0.035, 'max_quantile_spread': 0.1, 'max_concurrent_trades': 10}",0.0,0.0,0.0,0.0,0.0,0,0.0,ok
quantile_spread,"{'prob_threshold': 0.5, 'kelly_multiplier': 0.4, 'kelly_cap': 0.3, 'profit_threshold': 0.06, 'hard_stop_loss': 0.035, 'max_quantile_spread': 0.15, 'max_concurrent_trades': 10}",0.7332,1.4664,0.3207,0.0,100.0,3,0.0,ok
quantile_spread,"{'prob_threshold': 0.5, 'kelly_multiplier': 0.4, 'kelly_cap': 0.3, 'profit_threshold': 0.07, 'hard_stop_loss': 0.025, 'max_quantile_spread': 0.1, 'max_concurrent_trades': 5}",0.0,0.0,0.0,0.0,0.0,0,0.0,ok
quantile_spread,"{'prob_threshold': 0.5, 'kelly_multiplier': 0.4, 'kelly_cap': 0.3, 'profit_threshold': 0.07, 'hard_stop_loss': 0.025, 'max_quantile_spread': 0.1, 'max_concurrent_trades': 10}",0.0,0.0,0.0,0.0,0.0,0,0.0,ok
quantile_spread,"{'prob_threshold': 0.5, 'kelly_multiplier': 0.4, 'kelly_cap': 0.3, 'profit_threshold': 0.07, 'hard_stop_loss': 0.025, 'max_quantile_spread': 0.15, 'max_concurrent_trades': 5}",0.0,0.0,0.0,0.0,0.0,0,0.0,ok
quantile_spread,"{'prob_threshold': 0.5, 'kelly_multiplier': 0.4, 'kelly_cap': 0.3, 'profit_threshold': 0.07, 'hard_stop_loss': 0.025, 'max_quantile_spread': 0.15, 'max_concurrent_trades': 10}",0.0,0.0,0.0,0.0,0.0,0,0.0,ok
quantile_spread,"{'prob_threshold': 0.5, 'kelly_multiplier': 0.4, 'kelly_cap': 0.3, 'profit_threshold': 0.07, 'hard_stop_loss': 0.03, 'max_quantile_spread': 0.1, 'max_concurrent_trades': 5}",0.0,0.0,0.0,0.0,0.0,0,0.0,ok
quantile_spread,"{'prob_threshold': 0.5, 'kelly_multiplier': 0.4, 'kelly_cap': 0.3, 'profit_threshold': 0.07, 'hard_stop_loss': 0.03, 'max_quantile_spread': 0.1, 'max_concurrent_trades': 10}",0.0,0.0,0.0,0.0,0.0,0,0.0,ok
quantile_spread,"{'prob_threshold': 0.5, 'kelly_multiplier': 0.4, 'kelly_cap': 0.3, 'profit_threshold': 0.07, 'hard_stop_loss': 0.03, 'max_quantile_spread': 0.15, 'max_concurrent_trades': 10}",0.0,0.0,0.0,0.0,0.0,0,0.0,ok
quantile_spread,"{'prob_threshold': 0.5, 'kelly_multiplier': 0.4, 'kelly_cap': 0.3, 'profit_threshold': 0.07, 'hard_stop_loss': 0.03, 'max_quantile_spread': 0.15, 'max_concurrent_trades': 5}",0.0,0.0,0.0,0.0,0.0,0,0.0,ok
quantile_spread,"{'prob_threshold': 0.5, 'kelly_multiplier': 0.4, 'kelly_cap': 0.3, 'profit_threshold': 0.07, 'hard_stop_loss': 0.035, 'max_quantile_spread': 0.1, 'max_concurrent_trades': 10}",0.0,0.0,0.0,0.0,0.0,0,0.0,ok
quantile_spread,"{'prob_threshold': 0.5, 'kelly_multiplier': 0.4, 'kelly_cap': 0.3, 'profit_threshold': 0.07, 'hard_stop_loss': 0.035, 'max_quantile_spread': 0.1, 'max_concurrent_trades': 5}",0.0,0.0,0.0,0.0,0.0,0,0.0,ok
quantile_spread,"{'prob_threshold': 0.5, 'kelly_multiplier': 0.4, 'kelly_cap': 0.3, 'profit_threshold': 0.07, 'hard_stop_loss': 0.035, 'max_quantile_spread': 0.15, 'max_concurrent_trades': 5}",0.0,0.0,0.0,0.0,0.0,0,0.0,ok
quantile_spread,"{'prob_threshold': 0.5, 'kelly_multiplier': 0.4, 'kelly_cap': 0.3, 'profit_threshold': 0.07, 'hard_stop_loss': 0.035, 'max_quantile_spread': 0.15, 'max_concurrent_trades': 10}",0.0,0.0,0.0,0.0,0.0,0,0.0,ok
quantile_spread,"{'prob_threshold': 0.5, 'kelly_multiplier': 0.6, 'kelly_cap': 0.2, 'profit_threshold': 0.05, 'hard_stop_loss': 0.025, 'max_quantile_spread': 0.1, 'max_concurrent_trades': 5}",0.0,0.0,0.0,0.0,0.0,0,0.0,ok
quantile_spread,"{'prob_threshold': 0.5, 'kelly_multiplier': 0.6, 'kelly_cap': 0.2, 'profit_threshold': 0.05, 'hard_stop_loss': 0.025, 'max_quantile_spread': 0.1, 'max_concurrent_trades': 10}",0.0,0.0,0.0,0.0,0.0,0,0.0,ok
quantile_spread,"{'prob_threshold': 0.5, 'kelly_multiplier': 0.6, 'kelly_cap': 0.2, 'profit_threshold': 0.05, 'hard_stop_loss': 0.025, 'max_quantile_spread': 0.15, 'max_concurrent_trades': 5}",-0.0616,-0.0039,-0.1587,0.9036,70.0,10,0.9021,ok
quantile_spread,"{'prob_threshold': 0.5, 'kelly_multiplier': 0.6, 'kelly_cap': 0.2, 'profit_threshold': 0.05, 'hard_stop_loss': 0.025, 'max_quantile_spread': 0.15, 'max_concurrent_trades': 10}",-0.0616,-0.0039,-0.1587,0.9036,70.0,10,0.9021,ok
quantile_spread,"{'prob_threshold': 0.5, 'kelly_multiplier': 0.6, 'kelly_cap': 0.2, 'profit_threshold': 0.05, 'hard_stop_loss': 0.03, 'max_quantile_spread': 0.1, 'max_concurrent_trades': 5}",0.0,0.0,0.0,0.0,0.0,0,0.0,ok
quantile_spread,"{'prob_threshold': 0.5, 'kelly_multiplier': 0.6, 'kelly_cap': 0.2, 'profit_threshold': 0.05, 'hard_stop_loss': 0.03, 'max_quantile_spread': 0.15, 'max_concurrent_trades': 5}",-0.1252,-0.0075,-0.3397,1.0236,70.0,10,0.8113,ok
quantile_spread,"{'prob_threshold': 0.5, 'kelly_multiplier': 0.6, 'kelly_cap': 0.2, 'profit_threshold': 0.05, 'hard_stop_loss': 0.03, 'max_quantile_spread': 0.1, 'max_concurrent_trades': 10}",0.0,0.0,0.0,0.0,0.0,0,0.0,ok
quantile_spread,"{'prob_threshold': 0.5, 'kelly_multiplier': 0.6, 'kelly_cap': 0.2, 'profit_threshold': 0.05, 'hard_stop_loss': 0.035, 'max_quantile_spread': 0.1, 'max_concurrent_trades': 5}",0.0,0.0,0.0,0.0,0.0,0,0.0,ok
quantile_spread,"{'prob_threshold': 0.5, 'kelly_multiplier': 0.6, 'kelly_cap': 0.2, 'profit_threshold': 0.05, 'hard_stop_loss': 0.03, 'max_quantile_spread': 0.15, 'max_concurrent_trades': 10}",-0.1252,-0.0075,-0.3397,1.0236,70.0,10,0.8113,ok
quantile_spread,"{'prob_threshold': 0.5, 'kelly_multiplier': 0.6, 'kelly_cap': 0.2, 'profit_threshold': 0.05, 'hard_stop_loss': 0.035, 'max_quantile_spread': 0.1, 'max_concurrent_trades': 10}",0.0,0.0,0.0,0.0,0.0,0,0.0,ok
quantile_spread,"{'prob_threshold': 0.5, 'kelly_multiplier': 0.6, 'kelly_cap': 0.2, 'profit_threshold': 0.05, 'hard_stop_loss': 0.035, 'max_quantile_spread': 0.15, 'max_concurrent_trades': 5}",0.23,0.0133,0.473,0.4954,80.0,10,1.4543,ok
quantile_spread,"{'prob_threshold': 0.5, 'kelly_multiplier': 0.6, 'kelly_cap': 0.2, 'profit_threshold': 0.05, 'hard_stop_loss': 0.035, 'max_quantile_spread': 0.15, 'max_concurrent_trades': 10}",0.23,0.0133,0.473,0.4954,80.0,10,1.4543,ok
quantile_spread,"{'prob_threshold': 0.5, 'kelly_multiplier': 0.6, 'kelly_cap': 0.2, 'profit_threshold': 0.06, 'hard_stop_loss': 0.025, 'max_quantile_spread': 0.1, 'max_concurrent_trades': 5}",0.0,0.0,0.0,0.0,0.0,0,0.0,ok
quantile_spread,"{'prob_threshold': 0.5, 'kelly_multiplier': 0.6, 'kelly_cap': 0.2, 'profit_threshold': 0.06, 'hard_stop_loss': 0.025, 'max_quantile_spread': 0.1, 'max_concurrent_trades': 10}",0.0,0.0,0.0,0.0,0.0,0,0.0,ok
quantile_spread,"{'prob_threshold': 0.5, 'kelly_multiplier': 0.6, 'kelly_cap': 0.2, 'profit_threshold': 0.06, 'hard_stop_loss': 0.025, 'max_quantile_spread': 0.15, 'max_concurrent_trades': 10}",-0.2182,-0.0065,-0.2834,0.54,66.67,3,0.4752,ok
quantile_spread,"{'prob_threshold': 0.5, 'kelly_multiplier': 0.6, 'kelly_cap': 0.2, 'profit_threshold': 0.06, 'hard_stop_loss': 0.025, 'max_quantile_spread': 0.15, 'max_concurrent_trades': 5}",-0.2182,-0.0065,-0.2834,0.54,66.67,3,0.4752,ok
quantile_spread,"{'prob_threshold': 0.5, 'kelly_multiplier': 0.6, 'kelly_cap': 0.2, 'profit_threshold': 0.06, 'hard_stop_loss': 0.03, 'max_quantile_spread': 0.1, 'max_concurrent_trades': 10}",0.0,0.0,0.0,0.0,0.0,0,0.0,ok
quantile_spread,"{'prob_threshold': 0.5, 'kelly_multiplier': 0.6, 'kelly_cap': 0.2, 'profit_threshold': 0.06, 'hard_stop_loss': 0.03, 'max_quantile_spread': 0.1, 'max_concurrent_trades': 5}",0.0,0.0,0.0,0.0,0.0,0,0.0,ok
quantile_spread,"{'prob_threshold': 0.5, 'kelly_multiplier': 0.6, 'kelly_cap': 0.2, 'profit_threshold': 0.06, 'hard_stop_loss': 0.03, 'max_quantile_spread': 0.15, 'max_concurrent_trades': 5}",-0.2408,-0.0071,-0.3435,0.6,66.67,3,0.4274,ok
quantile_spread,"{'prob_threshold': 0.5, 'kelly_multiplier': 0.6, 'kelly_cap': 0.2, 'profit_threshold': 0.06, 'hard_stop_loss': 0.03, 'max_quantile_spread': 0.15, 'max_concurrent_trades': 10}",-0.2408,-0.0071,-0.3435,0.6,66.67,3,0.4274,ok
quantile_spread,"{'prob_threshold': 0.5, 'kelly_multiplier': 0.6, 'kelly_cap': 0.2, 'profit_threshold': 0.06, 'hard_stop_loss': 0.035, 'max_quantile_spread': 0.1, 'max_concurrent_trades': 5}",0.0,0.0,0.0,0.0,0.0,0,0.0,ok
quantile_spread,"{'prob_threshold': 0.5, 'kelly_multiplier': 0.6, 'kelly_cap': 0.2, 'profit_threshold': 0.06, 'hard_stop_loss': 0.035, 'max_quantile_spread': 0.1, 'max_concurrent_trades': 10}",0.0,0.0,0.0,0.0,0.0,0,0.0,ok
quantile_spread,"{'prob_threshold': 0.5, 'kelly_multiplier': 0.6, 'kelly_cap': 0.2, 'profit_threshold': 0.06, 'hard_stop_loss': 0.035, 'max_quantile_spread': 0.15, 'max_concurrent_trades': 5}",0.7325,1.4651,0.4541,0.0,100.0,3,0.0,ok
quantile_spread,"{'prob_threshold': 0.5, 'kelly_multiplier': 0.6, 'kelly_cap': 0.2, 'profit_threshold': 0.06, 'hard_stop_loss': 0.035, 'max_quantile_spread': 0.15, 'max_concurrent_trades': 10}",0.7325,1.4651,0.4541,0.0,100.0,3,0.0,ok
quantile_spread,"{'prob_threshold': 0.5, 'kelly_multiplier': 0.6, 'kelly_cap': 0.2, 'profit_threshold': 0.07, 'hard_stop_loss': 0.025, 'max_quantile_spread': 0.1, 'max_concurrent_trades': 5}",0.0,0.0,0.0,0.0,0.0,0,0.0,ok
quantile_spread,"{'prob_threshold': 0.5, 'kelly_multiplier': 0.6, 'kelly_cap': 0.2, 'profit_threshold': 0.07, 'hard_stop_loss': 0.025, 'max_quantile_spread': 0.1, 'max_concurrent_trades': 10}",0.0,0.0,0.0,0.0,0.0,0,0.0,ok
quantile_spread,"{'prob_threshold': 0.5, 'kelly_multiplier': 0.6, 'kelly_cap': 0.2, 'profit_threshold': 0.07, 'hard_stop_loss': 0.025, 'max_quantile_spread': 0.15, 'max_concurrent_trades': 5}",0.0,0.0,0.0,0.0,0.0,0,0.0,ok
quantile_spread,"{'prob_threshold': 0.5, 'kelly_multiplier': 0.6, 'kelly_cap': 0.2, 'profit_threshold': 0.07, 'hard_stop_loss': 0.03, 'max_quantile_spread': 0.1, 'max_concurrent_trades': 5}",0.0,0.0,0.0,0.0,0.0,0,0.0,ok
quantile_spread,"{'prob_threshold': 0.5, 'kelly_multiplier': 0.6, 'kelly_cap': 0.2, 'profit_threshold': 0.07, 'hard_stop_loss': 0.025, 'max_quantile_spread': 0.15, 'max_concurrent_trades': 10}",0.0,0.0,0.0,0.0,0.0,0,0.0,ok
quantile_spread,"{'prob_threshold': 0.5, 'kelly_multiplier': 0.6, 'kelly_cap': 0.2, 'profit_threshold': 0.07, 'hard_stop_loss': 0.03, 'max_quantile_spread': 0.15, 'max_concurrent_trades': 5}",0.0,0.0,0.0,0.0,0.0,0,0.0,ok
quantile_spread,"{'prob_threshold': 0.5, 'kelly_multiplier': 0.6, 'kelly_cap': 0.2, 'profit_threshold': 0.07, 'hard_stop_loss': 0.03, 'max_quantile_spread': 0.1, 'max_concurrent_trades': 10}",0.0,0.0,0.0,0.0,0.0,0,0.0,ok
quantile_spread,"{'prob_threshold': 0.5, 'kelly_multiplier': 0.6, 'kelly_cap': 0.2, 'profit_threshold': 0.07, 'hard_stop_loss': 0.03, 'max_quantile_spread': 0.15, 'max_concurrent_trades': 10}",0.0,0.0,0.0,0.0,0.0,0,0.0,ok
quantile_spread,"{'prob_threshold': 0.5, 'kelly_multiplier': 0.6, 'kelly_cap': 0.2, 'profit_threshold': 0.07, 'hard_stop_loss': 0.035, 'max_quantile_spread': 0.1, 'max_concurrent_trades': 5}",0.0,0.0,0.0,0.0,0.0,0,0.0,ok
quantile_spread,"{'prob_threshold': 0.5, 'kelly_multiplier': 0.6, 'kelly_cap': 0.2, 'profit_threshold': 0.07, 'hard_stop_loss': 0.035, 'max_quantile_spread': 0.1, 'max_concurrent_trades': 10}",0.0,0.0,0.0,0.0,0.0,0,0.0,ok
quantile_spread,"{'prob_threshold': 0.5, 'kelly_multiplier': 0.6, 'kelly_cap': 0.2, 'profit_threshold': 0.07, 'hard_stop_loss': 0.035, 'max_quantile_spread': 0.15, 'max_concurrent_trades': 5}",0.0,0.0,0.0,0.0,0.0,0,0.0,ok
quantile_spread,"{'prob_threshold': 0.5, 'kelly_multiplier': 0.6, 'kelly_cap': 0.2, 'profit_threshold': 0.07, 'hard_stop_loss': 0.035, 'max_quantile_spread': 0.15, 'max_concurrent_trades': 10}",0.0,0.0,0.0,0.0,0.0,0,0.0,ok
quantile_spread,"{'prob_threshold': 0.5, 'kelly_multiplier': 0.6, 'kelly_cap': 0.3, 'profit_threshold': 0.05, 'hard_stop_loss': 0.025, 'max_quantile_spread': 0.1, 'max_concurrent_trades': 10}",0.0,0.0,0.0,0.0,0.0,0,0.0,ok
quantile_spread,"{'prob_threshold': 0.5, 'kelly_multiplier': 0.6, 'kelly_cap': 0.3, 'profit_threshold': 0.05, 'hard_stop_loss': 0.025, 'max_quantile_spread': 0.1, 'max_concurrent_trades': 5}",0.0,0.0,0.0,0.0,0.0,0,0.0,ok
quantile_spread,"{'prob_threshold': 0.5, 'kelly_multiplier': 0.6, 'kelly_cap': 0.3, 'profit_threshold': 0.05, 'hard_stop_loss': 0.025, 'max_quantile_spread': 0.15, 'max_concurrent_trades': 10}",-0.0482,-0.0031,-0.176,1.2781,70.0,10,0.9198,ok
quantile_spread,"{'prob_threshold': 0.5, 'kelly_multiplier': 0.6, 'kelly_cap': 0.3, 'profit_threshold': 0.05, 'hard_stop_loss': 0.025, 'max_quantile_spread': 0.15, 'max_concurrent_trades': 5}",-0.0482,-0.0031,-0.176,1.2781,70.0,10,0.9198,ok
quantile_spread,"{'prob_threshold': 0.5, 'kelly_multiplier': 0.6, 'kelly_cap': 0.3, 'profit_threshold': 0.05, 'hard_stop_loss': 0.03, 'max_quantile_spread': 0.1, 'max_concurrent_trades': 5}",0.0,0.0,0.0,0.0,0.0,0,0.0,ok
quantile_spread,"{'prob_threshold': 0.5, 'kelly_multiplier': 0.6, 'kelly_cap': 0.3, 'profit_threshold': 0.05, 'hard_stop_loss': 0.03, 'max_quantile_spread': 0.1, 'max_concurrent_trades': 10}",0.0,0.0,0.0,0.0,0.0,0,0.0,ok
quantile_spread,"{'prob_threshold': 0.5, 'kelly_multiplier': 0.6, 'kelly_cap': 0.3, 'profit_threshold': 0.05, 'hard_stop_loss': 0.03, 'max_quantile_spread': 0.15, 'max_concurrent_trades': 5}",-0.1222,-0.0073,-0.3895,1.2666,70.0,10,0.8114,ok
quantile_spread,"{'prob_threshold': 0.5, 'kelly_multiplier': 0.6, 'kelly_cap': 0.3, 'profit_threshold': 0.05, 'hard_stop_loss': 0.03, 'max_quantile_spread': 0.15, 'max_concurrent_trades': 10}",-0.1222,-0.0073,-0.3895,1.2666,70.0,10,0.8114,ok
quantile_spread,"{'prob_threshold': 0.5, 'kelly_multiplier': 0.6, 'kelly_cap': 0.3, 'profit_threshold': 0.05, 'hard_stop_loss': 0.035, 'max_quantile_spread': 0.1, 'max_concurrent_trades': 5}",0.0,0.0,0.0,0.0,0.0,0,0.0,ok
quantile_spread,"{'prob_threshold': 0.5, 'kelly_multiplier': 0.6, 'kelly_cap': 0.3, 'profit_threshold': 0.05, 'hard_stop_loss': 0.035, 'max_quantile_spread': 0.1, 'max_concurrent_trades': 10}",0.0,0.0,0.0,0.0,0.0,0,0.0,ok
quantile_spread,"{'prob_threshold': 0.5, 'kelly_multiplier': 0.6, 'kelly_cap': 0.3, 'profit_threshold': 0.05, 'hard_stop_loss': 0.035, 'max_quantile_spread': 0.15, 'max_concurrent_trades': 5}",0.2487,0.0146,0.5196,0.4954,80.0,10,1.499,ok
quantile_spread,"{'prob_threshold': 0.5, 'kelly_multiplier': 0.6, 'kelly_cap': 0.3, 'profit_threshold': 0.06, 'hard_stop_loss': 0.025, 'max_quantile_spread': 0.1, 'max_concurrent_trades': 5}",0.0,0.0,0.0,0.0,0.0,0,0.0,ok
quantile_spread,"{'prob_threshold': 0.5, 'kelly_multiplier': 0.6, 'kelly_cap': 0.3, 'profit_threshold': 0.05, 'hard_stop_loss': 0.035, 'max_quantile_spread': 0.15, 'max_concurrent_trades': 10}",0.2487,0.0146,0.5196,0.4954,80.0,10,1.499,ok
quantile_spread,"{'prob_threshold': 0.5, 'kelly_multiplier': 0.6, 'kelly_cap': 0.3, 'profit_threshold': 0.06, 'hard_stop_loss': 0.025, 'max_quantile_spread': 0.15, 'max_concurrent_trades': 5}",-0.2151,-0.0064,-0.4102,0.7899,66.67,3,0.4806,ok
quantile_spread,"{'prob_threshold': 0.5, 'kelly_multiplier': 0.6, 'kelly_cap': 0.3, 'profit_threshold': 0.06, 'hard_stop_loss': 0.025, 'max_quantile_spread': 0.1, 'max_concurrent_trades': 10}",0.0,0.0,0.0,0.0,0.0,0,0.0,ok
quantile_spread,"{'prob_threshold': 0.5, 'kelly_multiplier': 0.6, 'kelly_cap': 0.3, 'profit_threshold': 0.06, 'hard_stop_loss': 0.025, 'max_quantile_spread': 0.15, 'max_concurrent_trades': 10}",-0.2151,-0.0064,-0.4102,0.7899,66.67,3,0.4806,ok
quantile_spread,"{'prob_threshold': 0.5, 'kelly_multiplier': 0.6, 'kelly_cap': 0.3, 'profit_threshold': 0.06, 'hard_stop_loss': 0.03, 'max_quantile_spread': 0.1, 'max_concurrent_trades': 5}",0.0,0.0,0.0,0.0,0.0,0,0.0,ok
quantile_spread,"{'prob_threshold': 0.5, 'kelly_multiplier': 0.6, 'kelly_cap': 0.3, 'profit_threshold': 0.06, 'hard_stop_loss': 0.03, 'max_quantile_spread': 0.1, 'max_concurrent_trades': 10}",0.0,0.0,0.0,0.0,0.0,0,0.0,ok
quantile_spread,"{'prob_threshold': 0.5, 'kelly_multiplier': 0.6, 'kelly_cap': 0.3, 'profit_threshold': 0.06, 'hard_stop_loss': 0.03, 'max_quantile_spread': 0.15, 'max_concurrent_trades': 5}",-0.2373,-0.007,-0.426,0.7528,66.67,3,0.4341,ok
quantile_spread,"{'prob_threshold': 0.5, 'kelly_multiplier': 0.6, 'kelly_cap': 0.3, 'profit_threshold': 0.06, 'hard_stop_loss': 0.03, 'max_quantile_spread': 0.15, 'max_concurrent_trades': 10}",-0.2373,-0.007,-0.426,0.7528,66.67,3,0.4341,ok
quantile_spread,"{'prob_threshold': 0.5, 'kelly_multiplier': 0.6, 'kelly_cap': 0.3, 'profit_threshold': 0.06, 'hard_stop_loss': 0.035, 'max_quantile_spread': 0.1, 'max_concurrent_trades': 5}",0.0,0.0,0.0,0.0,0.0,0,0.0,ok
quantile_spread,"{'prob_threshold': 0.5, 'kelly_multiplier': 0.6, 'kelly_cap': 0.3, 'profit_threshold': 0.06, 'hard_stop_loss': 0.035, 'max_quantile_spread': 0.1, 'max_concurrent_trades': 10}",0.0,0.0,0.0,0.0,0.0,0,0.0,ok
quantile_spread,"{'prob_threshold': 0.5, 'kelly_multiplier': 0.6, 'kelly_cap': 0.3, 'profit_threshold': 0.06, 'hard_stop_loss': 0.035, 'max_quantile_spread': 0.15, 'max_concurrent_trades': 10}",0.7332,1.4664,0.4812,0.0,100.0,3,0.0,ok
quantile_spread,"{'prob_threshold': 0.5, 'kelly_multiplier': 0.6, 'kelly_cap': 0.3, 'profit_threshold': 0.06, 'hard_stop_loss': 0.035, 'max_quantile_spread': 0.15, 'max_concurrent_trades': 5}",0.7332,1.4664,0.4812,0.0,100.0,3,0.0,ok
quantile_spread,"{'prob_threshold': 0.5, 'kelly_multiplier': 0.6, 'kelly_cap': 0.3, 'profit_threshold': 0.07, 'hard_stop_loss': 0.025, 'max_quantile_spread': 0.1, 'max_concurrent_trades': 10}",0.0,0.0,0.0,0.0,0.0,0,0.0,ok
quantile_spread,"{'prob_threshold': 0.5, 'kelly_multiplier': 0.6, 'kelly_cap': 0.3, 'profit_threshold': 0.07, 'hard_stop_loss': 0.025, 'max_quantile_spread': 0.1, 'max_concurrent_trades': 5}",0.0,0.0,0.0,0.0,0.0,0,0.0,ok
quantile_spread,"{'prob_threshold': 0.5, 'kelly_multiplier': 0.6, 'kelly_cap': 0.3, 'profit_threshold': 0.07, 'hard_stop_loss': 0.025, 'max_quantile_spread': 0.15, 'max_concurrent_trades': 5}",0.0,0.0,0.0,0.0,0.0,0,0.0,ok
quantile_spread,"{'prob_threshold': 0.5, 'kelly_multiplier': 0.6, 'kelly_cap': 0.3, 'profit_threshold': 0.07, 'hard_stop_loss': 0.025, 'max_quantile_spread': 0.15, 'max_concurrent_trades': 10}",0.0,0.0,0.0,0.0,0.0,0,0.0,ok
quantile_spread,"{'prob_threshold': 0.5, 'kelly_multiplier': 0.6, 'kelly_cap': 0.3, 'profit_threshold': 0.07, 'hard_stop_loss': 0.03, 'max_quantile_spread': 0.1, 'max_concurrent_trades': 5}",0.0,0.0,0.0,0.0,0.0,0,0.0,ok
quantile_spread,"{'prob_threshold': 0.5, 'kelly_multiplier': 0.6, 'kelly_cap': 0.3, 'profit_threshold': 0.07, 'hard_stop_loss': 0.03, 'max_quantile_spread': 0.1, 'max_concurrent_trades': 10}",0.0,0.0,0.0,0.0,0.0,0,0.0,ok
quantile_spread,"{'prob_threshold': 0.5, 'kelly_multiplier': 0.6, 'kelly_cap': 0.3, 'profit_threshold': 0.07, 'hard_stop_loss': 0.03, 'max_quantile_spread': 0.15, 'max_concurrent_trades': 5}",0.0,0.0,0.0,0.0,0.0,0,0.0,ok
quantile_spread,"{'prob_threshold': 0.5, 'kelly_multiplier': 0.6, 'kelly_cap': 0.3, 'profit_threshold': 0.07, 'hard_stop_loss': 0.03, 'max_quantile_spread': 0.15, 'max_concurrent_trades': 10}",0.0,0.0,0.0,0.0,0.0,0,0.0,ok
quantile_spread,"{'prob_threshold': 0.5, 'kelly_multiplier': 0.6, 'kelly_cap': 0.3, 'profit_threshold': 0.07, 'hard_stop_loss': 0.035, 'max_quantile_spread': 0.1, 'max_concurrent_trades': 5}",0.0,0.0,0.0,0.0,0.0,0,0.0,ok
quantile_spread,"{'prob_threshold': 0.5, 'kelly_multiplier': 0.6, 'kelly_cap': 0.3, 'profit_threshold': 0.07, 'hard_stop_loss': 0.035, 'max_quantile_spread': 0.15, 'max_concurrent_trades': 5}",0.0,0.0,0.0,0.0,0.0,0,0.0,ok
quantile_spread,"{'prob_threshold': 0.5, 'kelly_multiplier': 0.6, 'kelly_cap': 0.3, 'profit_threshold': 0.07, 'hard_stop_loss': 0.035, 'max_quantile_spread': 0.1, 'max_concurrent_trades': 10}",0.0,0.0,0.0,0.0,0.0,0,0.0,ok
quantile_spread,"{'prob_threshold': 0.5, 'kelly_multiplier': 0.8, 'kelly_cap': 0.2, 'profit_threshold': 0.05, 'hard_stop_loss': 0.025, 'max_quantile_spread': 0.1, 'max_concurrent_trades': 5}",0.0,0.0,0.0,0.0,0.0,0,0.0,ok
quantile_spread,"{'prob_threshold': 0.5, 'kelly_multiplier': 0.6, 'kelly_cap': 0.3, 'profit_threshold': 0.07, 'hard_stop_loss': 0.035, 'max_quantile_spread': 0.15, 'max_concurrent_trades': 10}",0.0,0.0,0.0,0.0,0.0,0,0.0,ok
quantile_spread,"{'prob_threshold': 0.5, 'kelly_multiplier': 0.8, 'kelly_cap': 0.2, 'profit_threshold': 0.05, 'hard_stop_loss': 0.025, 'max_quantile_spread': 0.1, 'max_concurrent_trades': 10}",0.0,0.0,0.0,0.0,0.0,0,0.0,ok
quantile_spread,"{'prob_threshold': 0.5, 'kelly_multiplier': 0.8, 'kelly_cap': 0.2, 'profit_threshold': 0.05, 'hard_stop_loss': 0.025, 'max_quantile_spread': 0.15, 'max_concurrent_trades': 5}",-0.062,-0.0039,-0.2154,1.2048,70.0,10,0.9003,ok
quantile_spread,"{'prob_threshold': 0.5, 'kelly_multiplier': 0.8, 'kelly_cap': 0.2, 'profit_threshold': 0.05, 'hard_stop_loss': 0.025, 'max_quantile_spread': 0.15, 'max_concurrent_trades': 10}",-0.062,-0.0039,-0.2154,1.2048,70.0,10,0.9003,ok
quantile_spread,"{'prob_threshold': 0.5, 'kelly_multiplier': 0.8, 'kelly_cap': 0.2, 'profit_threshold': 0.05, 'hard_stop_loss': 0.03, 'max_quantile_spread': 0.1, 'max_concurrent_trades': 5}",0.0,0.0,0.0,0.0,0.0,0,0.0,ok
quantile_spread,"{'prob_threshold': 0.5, 'kelly_multiplier': 0.8, 'kelly_cap': 0.2, 'profit_threshold': 0.05, 'hard_stop_loss': 0.03, 'max_quantile_spread': 0.1, 'max_concurrent_trades': 10}",0.0,0.0,0.0,0.0,0.0,0,0.0,ok
quantile_spread,"{'prob_threshold': 0.5, 'kelly_multiplier': 0.8, 'kelly_cap': 0.2, 'profit_threshold': 0.05, 'hard_stop_loss': 0.03, 'max_quantile_spread': 0.15, 'max_concurrent_trades': 10}",-0.1256,-0.0076,-0.4573,1.3648,70.0,10,0.8094,ok
quantile_spread,"{'prob_threshold': 0.5, 'kelly_multiplier': 0.8, 'kelly_cap': 0.2, 'profit_threshold': 0.05, 'hard_stop_loss': 0.03, 'max_quantile_spread': 0.15, 'max_concurrent_trades': 5}",-0.1256,-0.0076,-0.4573,1.3648,70.0,10,0.8094,ok
quantile_spread,"{'prob_threshold': 0.5, 'kelly_multiplier': 0.8, 'kelly_cap': 0.2, 'profit_threshold': 0.05, 'hard_stop_loss': 0.035, 'max_quantile_spread': 0.1, 'max_concurrent_trades': 10}",0.0,0.0,0.0,0.0,0.0,0,0.0,ok
quantile_spread,"{'prob_threshold': 0.5, 'kelly_multiplier': 0.8, 'kelly_cap': 0.2, 'profit_threshold': 0.05, 'hard_stop_loss': 0.035, 'max_quantile_spread': 0.1, 'max_concurrent_trades': 5}",0.0,0.0,0.0,0.0,0.0,0,0.0,ok
quantile_spread,"{'prob_threshold': 0.5, 'kelly_multiplier': 0.8, 'kelly_cap': 0.2, 'profit_threshold': 0.05, 'hard_stop_loss': 0.035, 'max_quantile_spread': 0.15, 'max_concurrent_trades': 5}",0.23,0.0133,0.6292,0.6605,80.0,10,1.4528,ok
quantile_spread,"{'prob_threshold': 0.5, 'kelly_multiplier': 0.8, 'kelly_cap': 0.2, 'profit_threshold': 0.05, 'hard_stop_loss': 0.035, 'max_quantile_spread': 0.15, 'max_concurrent_trades': 10}",0.23,0.0133,0.6292,0.6605,80.0,10,1.4528,ok
quantile_spread,"{'prob_threshold': 0.5, 'kelly_multiplier': 0.8, 'kelly_cap': 0.2, 'profit_threshold': 0.06, 'hard_stop_loss': 0.025, 'max_quantile_spread': 0.1, 'max_concurrent_trades': 5}",0.0,0.0,0.0,0.0,0.0,0,0.0,ok
quantile_spread,"{'prob_threshold': 0.5, 'kelly_multiplier': 0.8, 'kelly_cap': 0.2, 'profit_threshold': 0.06, 'hard_stop_loss': 0.025, 'max_quantile_spread': 0.1, 'max_concurrent_trades': 10}",0.0,0.0,0.0,0.0,0.0,0,0.0,ok
quantile_spread,"{'prob_threshold': 0.5, 'kelly_multiplier': 0.8, 'kelly_cap': 0.2, 'profit_threshold': 0.06, 'hard_stop_loss': 0.025, 'max_quantile_spread': 0.15, 'max_concurrent_trades': 5}",-0.2183,-0.0065,-0.3785,0.72,66.67,3,0.4743,ok
quantile_spread,"{'prob_threshold': 0.5, 'kelly_multiplier': 0.8, 'kelly_cap': 0.2, 'profit_threshold': 0.06, 'hard_stop_loss': 0.025, 'max_quantile_spread': 0.15, 'max_concurrent_trades': 10}",-0.2183,-0.0065,-0.3785,0.72,66.67,3,0.4743,ok
quantile_spread,"{'prob_threshold': 0.5, 'kelly_multiplier': 0.8, 'kelly_cap': 0.2, 'profit_threshold': 0.06, 'hard_stop_loss': 0.03, 'max_quantile_spread': 0.1, 'max_concurrent_trades': 5}",0.0,0.0,0.0,0.0,0.0,0,0.0,ok
quantile_spread,"{'prob_threshold': 0.5, 'kelly_multiplier': 0.8, 'kelly_cap': 0.2, 'profit_threshold': 0.06, 'hard_stop_loss': 0.03, 'max_quantile_spread': 0.15, 'max_concurrent_trades': 5}",-0.2408,-0.0071,-0.4588,0.8,66.67,3,0.4265,ok
quantile_spread,"{'prob_threshold': 0.5, 'kelly_multiplier': 0.8, 'kelly_cap': 0.2, 'profit_threshold': 0.06, 'hard_stop_loss': 0.03, 'max_quantile_spread': 0.1, 'max_concurrent_trades': 10}",0.0,0.0,0.0,0.0,0.0,0,0.0,ok
quantile_spread,"{'prob_threshold': 0.5, 'kelly_multiplier': 0.8, 'kelly_cap': 0.2, 'profit_threshold': 0.06, 'hard_stop_loss': 0.035, 'max_quantile_spread': 0.1, 'max_concurrent_trades': 5}",0.0,0.0,0.0,0.0,0.0,0,0.0,ok
quantile_spread,"{'prob_threshold': 0.5, 'kelly_multiplier': 0.8, 'kelly_cap': 0.2, 'profit_threshold': 0.06, 'hard_stop_loss': 0.03, 'max_quantile_spread': 0.15, 'max_concurrent_trades': 10}",-0.2408,-0.0071,-0.4588,0.8,66.67,3,0.4265,ok
quantile_spread,"{'prob_threshold': 0.5, 'kelly_multiplier': 0.8, 'kelly_cap': 0.2, 'profit_threshold': 0.06, 'hard_stop_loss': 0.035, 'max_quantile_spread': 0.1, 'max_concurrent_trades': 10}",0.0,0.0,0.0,0.0,0.0,0,0.0,ok
quantile_spread,"{'prob_threshold': 0.5, 'kelly_multiplier': 0.8, 'kelly_cap': 0.2, 'profit_threshold': 0.06, 'hard_stop_loss': 0.035, 'max_quantile_spread': 0.15, 'max_concurrent_trades': 5}",0.7325,1.4651,0.6057,0.0,100.0,3,0.0,ok
quantile_spread,"{'prob_threshold': 0.5, 'kelly_multiplier': 0.8, 'kelly_cap': 0.2, 'profit_threshold': 0.06, 'hard_stop_loss': 0.035, 'max_quantile_spread': 0.15, 'max_concurrent_trades': 10}",0.7325,1.4651,0.6057,0.0,100.0,3,0.0,ok
quantile_spread,"{'prob_threshold': 0.5, 'kelly_multiplier': 0.8, 'kelly_cap': 0.2, 'profit_threshold': 0.07, 'hard_stop_loss': 0.025, 'max_quantile_spread': 0.1, 'max_concurrent_trades': 5}",0.0,0.0,0.0,0.0,0.0,0,0.0,ok
quantile_spread,"{'prob_threshold': 0.5, 'kelly_multiplier': 0.8, 'kelly_cap': 0.2, 'profit_threshold': 0.07, 'hard_stop_loss': 0.025, 'max_quantile_spread': 0.1, 'max_concurrent_trades': 10}",0.0,0.0,0.0,0.0,0.0,0,0.0,ok
quantile_spread,"{'prob_threshold': 0.5, 'kelly_multiplier': 0.8, 'kelly_cap': 0.2, 'profit_threshold': 0.07, 'hard_stop_loss': 0.025, 'max_quantile_spread': 0.15, 'max_concurrent_trades': 5}",0.0,0.0,0.0,0.0,0.0,0,0.0,ok
quantile_spread,"{'prob_threshold': 0.5, 'kelly_multiplier': 0.8, 'kelly_cap': 0.2, 'profit_threshold': 0.07, 'hard_stop_loss': 0.025, 'max_quantile_spread': 0.15, 'max_concurrent_trades': 10}",0.0,0.0,0.0,0.0,0.0,0,0.0,ok
quantile_spread,"{'prob_threshold': 0.5, 'kelly_multiplier': 0.8, 'kelly_cap': 0.2, 'profit_threshold': 0.07, 'hard_stop_loss': 0.03, 'max_quantile_spread': 0.1, 'max_concurrent_trades': 10}",0.0,0.0,0.0,0.0,0.0,0,0.0,ok
quantile_spread,"{'prob_threshold': 0.5, 'kelly_multiplier': 0.8, 'kelly_cap': 0.2, 'profit_threshold': 0.07, 'hard_stop_loss': 0.03, 'max_quantile_spread': 0.1, 'max_concurrent_trades': 5}",0.0,0.0,0.0,0.0,0.0,0,0.0,ok
quantile_spread,"{'prob_threshold': 0.5, 'kelly_multiplier': 0.8, 'kelly_cap': 0.2, 'profit_threshold': 0.07, 'hard_stop_loss': 0.03, 'max_quantile_spread': 0.15, 'max_concurrent_trades': 10}",0.0,0.0,0.0,0.0,0.0,0,0.0,ok
quantile_spread,"{'prob_threshold': 0.5, 'kelly_multiplier': 0.8, 'kelly_cap': 0.2, 'profit_threshold': 0.07, 'hard_stop_loss': 0.03, 'max_quantile_spread': 0.15, 'max_concurrent_trades': 5}",0.0,0.0,0.0,0.0,0.0,0,0.0,ok
quantile_spread,"{'prob_threshold': 0.5, 'kelly_multiplier': 0.8, 'kelly_cap': 0.2, 'profit_threshold': 0.07, 'hard_stop_loss': 0.035, 'max_quantile_spread': 0.1, 'max_concurrent_trades': 5}",0.0,0.0,0.0,0.0,0.0,0,0.0,ok
quantile_spread,"{'prob_threshold': 0.5, 'kelly_multiplier': 0.8, 'kelly_cap': 0.2, 'profit_threshold': 0.07, 'hard_stop_loss': 0.035, 'max_quantile_spread': 0.1, 'max_concurrent_trades': 10}",0.0,0.0,0.0,0.0,0.0,0,0.0,ok
quantile_spread,"{'prob_threshold': 0.5, 'kelly_multiplier': 0.8, 'kelly_cap': 0.2, 'profit_threshold': 0.07, 'hard_stop_loss': 0.035, 'max_quantile_spread': 0.15, 'max_concurrent_trades': 5}",0.0,0.0,0.0,0.0,0.0,0,0.0,ok
quantile_spread,"{'prob_threshold': 0.5, 'kelly_multiplier': 0.8, 'kelly_cap': 0.2, 'profit_threshold': 0.07, 'hard_stop_loss': 0.035, 'max_quantile_spread': 0.15, 'max_concurrent_trades': 10}",0.0,0.0,0.0,0.0,0.0,0,0.0,ok
quantile_spread,"{'prob_threshold': 0.5, 'kelly_multiplier': 0.8, 'kelly_cap': 0.3, 'profit_threshold': 0.05, 'hard_stop_loss': 0.025, 'max_quantile_spread': 0.1, 'max_concurrent_trades': 5}",0.0,0.0,0.0,0.0,0.0,0,0.0,ok
quantile_spread,"{'prob_threshold': 0.5, 'kelly_multiplier': 0.8, 'kelly_cap': 0.3, 'profit_threshold': 0.05, 'hard_stop_loss': 0.025, 'max_quantile_spread': 0.15, 'max_concurrent_trades': 5}",-0.0487,-0.0031,-0.2421,1.7042,70.0,10,0.9173,ok
quantile_spread,"{'prob_threshold': 0.5, 'kelly_multiplier': 0.8, 'kelly_cap': 0.3, 'profit_threshold': 0.05, 'hard_stop_loss': 0.025, 'max_quantile_spread': 0.1, 'max_concurrent_trades': 10}",0.0,0.0,0.0,0.0,0.0,0,0.0,ok
quantile_spread,"{'prob_threshold': 0.5, 'kelly_multiplier': 0.8, 'kelly_cap': 0.3, 'profit_threshold': 0.05, 'hard_stop_loss': 0.03, 'max_quantile_spread': 0.1, 'max_concurrent_trades': 5}",0.0,0.0,0.0,0.0,0.0,0,0.0,ok
quantile_spread,"{'prob_threshold': 0.5, 'kelly_multiplier': 0.8, 'kelly_cap': 0.3, 'profit_threshold': 0.05, 'hard_stop_loss': 0.025, 'max_quantile_spread': 0.15, 'max_concurrent_trades': 10}",-0.0487,-0.0031,-0.2421,1.7042,70.0,10,0.9173,ok
quantile_spread,"{'prob_threshold': 0.5, 'kelly_multiplier': 0.8, 'kelly_cap': 0.3, 'profit_threshold': 0.05, 'hard_stop_loss': 0.03, 'max_quantile_spread': 0.1, 'max_concurrent_trades': 10}",0.0,0.0,0.0,0.0,0.0,0,0.0,ok
quantile_spread,"{'prob_threshold': 0.5, 'kelly_multiplier': 0.8, 'kelly_cap': 0.3, 'profit_threshold': 0.05, 'hard_stop_loss': 0.03, 'max_quantile_spread': 0.15, 'max_concurrent_trades': 5}",-0.1227,-0.0074,-0.5253,1.6889,70.0,10,0.8091,ok
quantile_spread,"{'prob_threshold': 0.5, 'kelly_multiplier': 0.8, 'kelly_cap': 0.3, 'profit_threshold': 0.05, 'hard_stop_loss': 0.03, 'max_quantile_spread': 0.15, 'max_concurrent_trades': 10}",-0.1227,-0.0074,-0.5253,1.6889,70.0,10,0.8091,ok
quantile_spread,"{'prob_threshold': 0.5, 'kelly_multiplier': 0.8, 'kelly_cap': 0.3, 'profit_threshold': 0.05, 'hard_stop_loss': 0.035, 'max_quantile_spread': 0.1, 'max_concurrent_trades': 5}",0.0,0.0,0.0,0.0,0.0,0,0.0,ok
quantile_spread,"{'prob_threshold': 0.5, 'kelly_multiplier': 0.8, 'kelly_cap': 0.3, 'profit_threshold': 0.05, 'hard_stop_loss': 0.035, 'max_quantile_spread': 0.1, 'max_concurrent_trades': 10}",0.0,0.0,0.0,0.0,0.0,0,0.0,ok
quantile_spread,"{'prob_threshold': 0.5, 'kelly_multiplier': 0.8, 'kelly_cap': 0.3, 'profit_threshold': 0.05, 'hard_stop_loss': 0.035, 'max_quantile_spread': 0.15, 'max_concurrent_trades': 10}",0.2488,0.0146,0.6915,0.6605,80.0,10,1.4974,ok
quantile_spread,"{'prob_threshold': 0.5, 'kelly_multiplier': 0.8, 'kelly_cap': 0.3, 'profit_threshold': 0.05, 'hard_stop_loss': 0.035, 'max_quantile_spread': 0.15, 'max_concurrent_trades': 5}",0.2488,0.0146,0.6915,0.6605,80.0,10,1.4974,ok
quantile_spread,"{'prob_threshold': 0.5, 'kelly_multiplier': 0.8, 'kelly_cap': 0.3, 'profit_threshold': 0.06, 'hard_stop_loss': 0.025, 'max_quantile_spread': 0.1, 'max_concurrent_trades': 5}",0.0,0.0,0.0,0.0,0.0,0,0.0,ok
quantile_spread,"{'prob_threshold': 0.5, 'kelly_multiplier': 0.8, 'kelly_cap': 0.3, 'profit_threshold': 0.06, 'hard_stop_loss': 0.025, 'max_quantile_spread': 0.1, 'max_concurrent_trades': 10}",0.0,0.0,0.0,0.0,0.0,0,0.0,ok
quantile_spread,"{'prob_threshold': 0.5, 'kelly_multiplier': 0.8, 'kelly_cap': 0.3, 'profit_threshold': 0.06, 'hard_stop_loss': 0.025, 'max_quantile_spread': 0.15, 'max_concurrent_trades': 5}",-0.2152,-0.0064,-0.5483,1.0532,66.67,3,0.4794,ok
quantile_spread,"{'prob_threshold': 0.5, 'kelly_multiplier': 0.8, 'kelly_cap': 0.3, 'profit_threshold': 0.06, 'hard_stop_loss': 0.025, 'max_quantile_spread': 0.15, 'max_concurrent_trades': 10}",-0.2152,-0.0064,-0.5483,1.0532,66.67,3,0.4794,ok
quantile_spread,"{'prob_threshold': 0.5, 'kelly_multiplier': 0.8, 'kelly_cap': 0.3, 'profit_threshold': 0.06, 'hard_stop_loss': 0.03, 'max_quantile_spread': 0.1, 'max_concurrent_trades': 10}",0.0,0.0,0.0,0.0,0.0,0,0.0,ok
quantile_spread,"{'prob_threshold': 0.5, 'kelly_multiplier': 0.8, 'kelly_cap': 0.3, 'profit_threshold': 0.06, 'hard_stop_loss': 0.03, 'max_quantile_spread': 0.1, 'max_concurrent_trades': 5}",0.0,0.0,0.0,0.0,0.0,0,0.0,ok
quantile_spread,"{'prob_threshold': 0.5, 'kelly_multiplier': 0.8, 'kelly_cap': 0.3, 'profit_threshold': 0.06, 'hard_stop_loss': 0.03, 'max_quantile_spread': 0.15, 'max_concurrent_trades': 5}",-0.2373,-0.007,-0.5691,1.0037,66.67,3,0.433,ok
quantile_spread,"{'prob_threshold': 0.5, 'kelly_multiplier': 0.8, 'kelly_cap': 0.3, 'profit_threshold': 0.06, 'hard_stop_loss': 0.03, 'max_quantile_spread': 0.15, 'max_concurrent_trades': 10}",-0.2373,-0.007,-0.5691,1.0037,66.67,3,0.433,ok
quantile_spread,"{'prob_threshold': 0.5, 'kelly_multiplier': 0.8, 'kelly_cap': 0.3, 'profit_threshold': 0.06, 'hard_stop_loss': 0.035, 'max_quantile_spread': 0.1, 'max_concurrent_trades': 5}",0.0,0.0,0.0,0.0,0.0,0,0.0,ok
quantile_spread,"{'prob_threshold': 0.5, 'kelly_multiplier': 0.8, 'kelly_cap': 0.3, 'profit_threshold': 0.06, 'hard_stop_loss': 0.035, 'max_quantile_spread': 0.1, 'max_concurrent_trades': 10}",0.0,0.0,0.0,0.0,0.0,0,0.0,ok
quantile_spread,"{'prob_threshold': 0.5, 'kelly_multiplier': 0.8, 'kelly_cap': 0.3, 'profit_threshold': 0.06, 'hard_stop_loss': 0.035, 'max_quantile_spread': 0.15, 'max_concurrent_trades': 5}",0.7332,1.4664,0.6418,0.0,100.0,3,0.0,ok
quantile_spread,"{'prob_threshold': 0.5, 'kelly_multiplier': 0.8, 'kelly_cap': 0.3, 'profit_threshold': 0.07, 'hard_stop_loss': 0.025, 'max_quantile_spread': 0.1, 'max_concurrent_trades': 5}",0.0,0.0,0.0,0.0,0.0,0,0.0,ok
quantile_spread,"{'prob_threshold': 0.5, 'kelly_multiplier': 0.8, 'kelly_cap': 0.3, 'profit_threshold': 0.06, 'hard_stop_loss': 0.035, 'max_quantile_spread': 0.15, 'max_concurrent_trades': 10}",0.7332,1.4664,0.6418,0.0,100.0,3,0.0,ok
quantile_spread,"{'prob_threshold': 0.5, 'kelly_multiplier': 0.8, 'kelly_cap': 0.3, 'profit_threshold': 0.07, 'hard_stop_loss': 0.025, 'max_quantile_spread': 0.15, 'max_concurrent_trades': 5}",0.0,0.0,0.0,0.0,0.0,0,0.0,ok
quantile_spread,"{'prob_threshold': 0.5, 'kelly_multiplier': 0.8, 'kelly_cap': 0.3, 'profit_threshold': 0.07, 'hard_stop_loss': 0.025, 'max_quantile_spread': 0.1, 'max_concurrent_trades': 10}",0.0,0.0,0.0,0.0,0.0,0,0.0,ok
quantile_spread,"{'prob_threshold': 0.5, 'kelly_multiplier': 0.8, 'kelly_cap': 0.3, 'profit_threshold': 0.07, 'hard_stop_loss': 0.025, 'max_quantile_spread': 0.15, 'max_concurrent_trades': 10}",0.0,0.0,0.0,0.0,0.0,0,0.0,ok
quantile_spread,"{'prob_threshold': 0.5, 'kelly_multiplier': 0.8, 'kelly_cap': 0.3, 'profit_threshold': 0.07, 'hard_stop_loss': 0.03, 'max_quantile_spread': 0.1, 'max_concurrent_trades': 5}",0.0,0.0,0.0,0.0,0.0,0,0.0,ok
quantile_spread,"{'prob_threshold': 0.5, 'kelly_multiplier': 0.8, 'kelly_cap': 0.3, 'profit_threshold': 0.07, 'hard_stop_loss': 0.03, 'max_quantile_spread': 0.1, 'max_concurrent_trades': 10}",0.0,0.0,0.0,0.0,0.0,0,0.0,ok
quantile_spread,"{'prob_threshold': 0.5, 'kelly_multiplier': 0.8, 'kelly_cap': 0.3, 'profit_threshold': 0.07, 'hard_stop_loss': 0.03, 'max_quantile_spread': 0.15, 'max_concurrent_trades': 5}",0.0,0.0,0.0,0.0,0.0,0,0.0,ok
quantile_spread,"{'prob_threshold': 0.5, 'kelly_multiplier': 0.8, 'kelly_cap': 0.3, 'profit_threshold': 0.07, 'hard_stop_loss': 0.03, 'max_quantile_spread': 0.15, 'max_concurrent_trades': 10}",0.0,0.0,0.0,0.0,0.0,0,0.0,ok
quantile_spread,"{'prob_threshold': 0.5, 'kelly_multiplier': 0.8, 'kelly_cap': 0.3, 'profit_threshold': 0.07, 'hard_stop_loss': 0.035, 'max_quantile_spread': 0.1, 'max_concurrent_trades': 10}",0.0,0.0,0.0,0.0,0.0,0,0.0,ok
quantile_spread,"{'prob_threshold': 0.5, 'kelly_multiplier': 0.8, 'kelly_cap': 0.3, 'profit_threshold': 0.07, 'hard_stop_loss': 0.035, 'max_quantile_spread': 0.1, 'max_concurrent_trades': 5}",0.0,0.0,0.0,0.0,0.0,0,0.0,ok
quantile_spread,"{'prob_threshold': 0.5, 'kelly_multiplier': 0.8, 'kelly_cap': 0.3, 'profit_threshold': 0.07, 'hard_stop_loss': 0.035, 'max_quantile_spread': 0.15, 'max_concurrent_trades': 10}",0.0,0.0,0.0,0.0,0.0,0,0.0,ok
quantile_spread,"{'prob_threshold': 0.5, 'kelly_multiplier': 0.8, 'kelly_cap': 0.3, 'profit_threshold': 0.07, 'hard_stop_loss': 0.035, 'max_quantile_spread': 0.15, 'max_concurrent_trades': 5}",0.0,0.0,0.0,0.0,0.0,0,0.0,ok
confluence_sniper,"{'prob_threshold': 0.3, 'kelly_multiplier': 0.4, 'kelly_cap': 0.2, 'profit_threshold': 0.05, 'hard_stop_loss': 0.025, 'max_quantile_spread': 0.1, 'max_iv': 55.0, 'max_concurrent_trades': 5}",0.0,0.0,0.0,0.0,0.0,0,0.0,ok
confluence_sniper,"{'prob_threshold': 0.3, 'kelly_multiplier': 0.4, 'kelly_cap': 0.2, 'profit_threshold': 0.05, 'hard_stop_loss': 0.025, 'max_quantile_spread': 0.1, 'max_iv': 55.0, 'max_concurrent_trades': 10}",0.0,0.0,0.0,0.0,0.0,0,0.0,ok
confluence_sniper,"{'prob_threshold': 0.3, 'kelly_multiplier': 0.4, 'kelly_cap': 0.2, 'profit_threshold': 0.05, 'hard_stop_loss': 0.025, 'max_quantile_spread': 0.1, 'max_iv': 70.0, 'max_concurrent_trades': 5}",0.0,0.0,0.0,0.0,0.0,0,0.0,ok
confluence_sniper,"{'prob_threshold': 0.3, 'kelly_multiplier': 0.4, 'kelly_cap': 0.2, 'profit_threshold': 0.05, 'hard_stop_loss': 0.025, 'max_quantile_spread': 0.1, 'max_iv': 70.0, 'max_concurrent_trades': 10}",0.0,0.0,0.0,0.0,0.0,0,0.0,ok
confluence_sniper,"{'prob_threshold': 0.3, 'kelly_multiplier': 0.4, 'kelly_cap': 0.2, 'profit_threshold': 0.05, 'hard_stop_loss': 0.025, 'max_quantile_spread': 0.15, 'max_iv': 55.0, 'max_concurrent_trades': 5}",0.4437,0.8874,0.056,0.0,100.0,1,0.0,ok
confluence_sniper,"{'prob_threshold': 0.3, 'kelly_multiplier': 0.4, 'kelly_cap': 0.2, 'profit_threshold': 0.05, 'hard_stop_loss': 0.025, 'max_quantile_spread': 0.15, 'max_iv': 70.0, 'max_concurrent_trades': 5}",-0.0651,-0.0022,-0.0649,0.36,66.67,3,0.8196,ok
confluence_sniper,"{'prob_threshold': 0.3, 'kelly_multiplier': 0.4, 'kelly_cap': 0.2, 'profit_threshold': 0.05, 'hard_stop_loss': 0.025, 'max_quantile_spread': 0.15, 'max_iv': 55.0, 'max_concurrent_trades': 10}",0.4437,0.8874,0.056,0.0,100.0,1,0.0,ok
confluence_sniper,"{'prob_threshold': 0.3, 'kelly_multiplier': 0.4, 'kelly_cap': 0.2, 'profit_threshold': 0.05, 'hard_stop_loss': 0.025, 'max_quantile_spread': 0.15, 'max_iv': 70.0, 'max_concurrent_trades': 10}",-0.0651,-0.0022,-0.0649,0.36,66.67,3,0.8196,ok
confluence_sniper,"{'prob_threshold': 0.3, 'kelly_multiplier': 0.4, 'kelly_cap': 0.2, 'profit_threshold': 0.05, 'hard_stop_loss': 0.03, 'max_quantile_spread': 0.1, 'max_iv': 55.0, 'max_concurrent_trades': 5}",0.0,0.0,0.0,0.0,0.0,0,0.0,ok
confluence_sniper,"{'prob_threshold': 0.3, 'kelly_multiplier': 0.4, 'kelly_cap': 0.2, 'profit_threshold': 0.05, 'hard_stop_loss': 0.03, 'max_quantile_spread': 0.1, 'max_iv': 55.0, 'max_concurrent_trades': 10}",0.0,0.0,0.0,0.0,0.0,0,0.0,ok
confluence_sniper,"{'prob_threshold': 0.3, 'kelly_multiplier': 0.4, 'kelly_cap': 0.2, 'profit_threshold': 0.05, 'hard_stop_loss': 0.03, 'max_quantile_spread': 0.1, 'max_iv': 70.0, 'max_concurrent_trades': 5}",0.0,0.0,0.0,0.0,0.0,0,0.0,ok
confluence_sniper,"{'prob_threshold': 0.3, 'kelly_multiplier': 0.4, 'kelly_cap': 0.2, 'profit_threshold': 0.05, 'hard_stop_loss': 0.03, 'max_quantile_spread': 0.15, 'max_iv': 55.0, 'max_concurrent_trades': 5}",0.4437,0.8874,0.0553,0.0,100.0,1,0.0,ok
confluence_sniper,"{'prob_threshold': 0.3, 'kelly_multiplier': 0.4, 'kelly_cap': 0.2, 'profit_threshold': 0.05, 'hard_stop_loss': 0.03, 'max_quantile_spread': 0.1, 'max_iv': 70.0, 'max_concurrent_trades': 10}",0.0,0.0,0.0,0.0,0.0,0,0.0,ok
confluence_sniper,"{'prob_threshold': 0.3, 'kelly_multiplier': 0.4, 'kelly_cap': 0.2, 'profit_threshold': 0.05, 'hard_stop_loss': 0.03, 'max_quantile_spread': 0.15, 'max_iv': 55.0, 'max_concurrent_trades': 10}",0.4437,0.8874,0.0553,0.0,100.0,1,0.0,ok
confluence_sniper,"{'prob_threshold': 0.3, 'kelly_multiplier': 0.4, 'kelly_cap': 0.2, 'profit_threshold': 0.05, 'hard_stop_loss': 0.03, 'max_quantile_spread': 0.15, 'max_iv': 70.0, 'max_concurrent_trades': 5}",-0.1642,-0.0051,-0.1647,0.4,66.67,3,0.5884,ok
confluence_sniper,"{'prob_threshold': 0.3, 'kelly_multiplier': 0.4, 'kelly_cap': 0.2, 'profit_threshold': 0.05, 'hard_stop_loss': 0.03, 'max_quantile_spread': 0.15, 'max_iv': 70.0, 'max_concurrent_trades': 10}",-0.1642,-0.0051,-0.1647,0.4,66.67,3,0.5884,ok
confluence_sniper,"{'prob_threshold': 0.3, 'kelly_multiplier': 0.4, 'kelly_cap': 0.2, 'profit_threshold': 0.05, 'hard_stop_loss': 0.035, 'max_quantile_spread': 0.1, 'max_iv': 55.0, 'max_concurrent_trades': 5}",0.0,0.0,0.0,0.0,0.0,0,0.0,ok
confluence_sniper,"{'prob_threshold': 0.3, 'kelly_multiplier': 0.4, 'kelly_cap': 0.2, 'profit_threshold': 0.05, 'hard_stop_loss': 0.035, 'max_quantile_spread': 0.1, 'max_iv': 55.0, 'max_concurrent_trades': 10}",0.0,0.0,0.0,0.0,0.0,0,0.0,ok
confluence_sniper,"{'prob_threshold': 0.3, 'kelly_multiplier': 0.4, 'kelly_cap': 0.2, 'profit_threshold': 0.05, 'hard_stop_loss': 0.035, 'max_quantile_spread': 0.1, 'max_iv': 70.0, 'max_concurrent_trades': 10}",0.0,0.0,0.0,0.0,0.0,0,0.0,ok
confluence_sniper,"{'prob_threshold': 0.3, 'kelly_multiplier': 0.4, 'kelly_cap': 0.2, 'profit_threshold': 0.05, 'hard_stop_loss': 0.035, 'max_quantile_spread': 0.1, 'max_iv': 70.0, 'max_concurrent_trades': 5}",0.0,0.0,0.0,0.0,0.0,0,0.0,ok
confluence_sniper,"{'prob_threshold': 0.3, 'kelly_multiplier': 0.4, 'kelly_cap': 0.2, 'profit_threshold': 0.05, 'hard_stop_loss': 0.035, 'max_quantile_spread': 0.15, 'max_iv': 55.0, 'max_concurrent_trades': 10}",0.4437,0.8874,0.0413,0.0,100.0,1,0.0,ok
confluence_sniper,"{'prob_threshold': 0.3, 'kelly_multiplier': 0.4, 'kelly_cap': 0.2, 'profit_threshold': 0.05, 'hard_stop_loss': 0.035, 'max_quantile_spread': 0.15, 'max_iv': 55.0, 'max_concurrent_trades': 5}",0.4437,0.8874,0.0413,0.0,100.0,1,0.0,ok
confluence_sniper,"{'prob_threshold': 0.3, 'kelly_multiplier': 0.4, 'kelly_cap': 0.2, 'profit_threshold': 0.05, 'hard_stop_loss': 0.035, 'max_quantile_spread': 0.15, 'max_iv': 70.0, 'max_concurrent_trades': 5}",-0.2355,-0.007,-0.2034,0.3614,66.67,3,0.437,ok
confluence_sniper,"{'prob_threshold': 0.3, 'kelly_multiplier': 0.4, 'kelly_cap': 0.2, 'profit_threshold': 0.05, 'hard_stop_loss': 0.035, 'max_quantile_spread': 0.15, 'max_iv': 70.0, 'max_concurrent_trades': 10}",-0.2355,-0.007,-0.2034,0.3614,66.67,3,0.437,ok
confluence_sniper,"{'prob_threshold': 0.3, 'kelly_multiplier': 0.4, 'kelly_cap': 0.2, 'profit_threshold': 0.06, 'hard_stop_loss': 0.025, 'max_quantile_spread': 0.1, 'max_iv': 55.0, 'max_concurrent_trades': 5}",0.0,0.0,0.0,0.0,0.0,0,0.0,ok
confluence_sniper,"{'prob_threshold': 0.3, 'kelly_multiplier': 0.4, 'kelly_cap': 0.2, 'profit_threshold': 0.06, 'hard_stop_loss': 0.025, 'max_quantile_spread': 0.1, 'max_iv': 55.0, 'max_concurrent_trades': 10}",0.0,0.0,0.0,0.0,0.0,0,0.0,ok
confluence_sniper,"{'prob_threshold': 0.3, 'kelly_multiplier': 0.4, 'kelly_cap': 0.2, 'profit_threshold': 0.06, 'hard_stop_loss': 0.025, 'max_quantile_spread': 0.1, 'max_iv': 70.0, 'max_concurrent_trades': 5}",0.0,0.0,0.0,0.0,0.0,0,0.0,ok
confluence_sniper,"{'prob_threshold': 0.3, 'kelly_multiplier': 0.4, 'kelly_cap': 0.2, 'profit_threshold': 0.06, 'hard_stop_loss': 0.025, 'max_quantile_spread': 0.15, 'max_iv': 55.0, 'max_concurrent_trades': 5}",0.4437,0.8874,0.0469,0.0,100.0,1,0.0,ok
confluence_sniper,"{'prob_threshold': 0.3, 'kelly_multiplier': 0.4, 'kelly_cap': 0.2, 'profit_threshold': 0.06, 'hard_stop_loss': 0.025, 'max_quantile_spread': 0.1, 'max_iv': 70.0, 'max_concurrent_trades': 10}",0.0,0.0,0.0,0.0,0.0,0,0.0,ok
confluence_sniper,"{'prob_threshold': 0.3, 'kelly_multiplier': 0.4, 'kelly_cap': 0.2, 'profit_threshold': 0.06, 'hard_stop_loss': 0.025, 'max_quantile_spread': 0.15, 'max_iv': 55.0, 'max_concurrent_trades': 10}",0.4437,0.8874,0.0469,0.0,100.0,1,0.0,ok
confluence_sniper,"{'prob_threshold': 0.3, 'kelly_multiplier': 0.4, 'kelly_cap': 0.2, 'profit_threshold': 0.06, 'hard_stop_loss': 0.025, 'max_quantile_spread': 0.15, 'max_iv': 70.0, 'max_concurrent_trades': 5}",0.6055,1.211,0.1291,0.0,100.0,2,0.0,ok
confluence_sniper,"{'prob_threshold': 0.3, 'kelly_multiplier': 0.4, 'kelly_cap': 0.2, 'profit_threshold': 0.06, 'hard_stop_loss': 0.025, 'max_quantile_spread': 0.15, 'max_iv': 70.0, 'max_concurrent_trades': 10}",0.6055,1.211,0.1291,0.0,100.0,2,0.0,ok
confluence_sniper,"{'prob_threshold': 0.3, 'kelly_multiplier': 0.4, 'kelly_cap': 0.2, 'profit_threshold': 0.06, 'hard_stop_loss': 0.03, 'max_quantile_spread': 0.1, 'max_iv': 55.0, 'max_concurrent_trades': 5}",0.0,0.0,0.0,0.0,0.0,0,0.0,ok
confluence_sniper,"{'prob_threshold': 0.3, 'kelly_multiplier': 0.4, 'kelly_cap': 0.2, 'profit_threshold': 0.06, 'hard_stop_loss': 0.03, 'max_quantile_spread': 0.1, 'max_iv': 70.0, 'max_concurrent_trades': 5}",0.0,0.0,0.0,0.0,0.0,0,0.0,ok
confluence_sniper,"{'prob_threshold': 0.3, 'kelly_multiplier': 0.4, 'kelly_cap': 0.2, 'profit_threshold': 0.06, 'hard_stop_loss': 0.03, 'max_quantile_spread': 0.1, 'max_iv': 55.0, 'max_concurrent_trades': 10}",0.0,0.0,0.0,0.0,0.0,0,0.0,ok
confluence_sniper,"{'prob_threshold': 0.3, 'kelly_multiplier': 0.4, 'kelly_cap': 0.2, 'profit_threshold': 0.06, 'hard_stop_loss': 0.03, 'max_quantile_spread': 0.1, 'max_iv': 70.0, 'max_concurrent_trades': 10}",0.0,0.0,0.0,0.0,0.0,0,0.0,ok
confluence_sniper,"{'prob_threshold': 0.3, 'kelly_multiplier': 0.4, 'kelly_cap': 0.2, 'profit_threshold': 0.06, 'hard_stop_loss': 0.03, 'max_quantile_spread': 0.15, 'max_iv': 55.0, 'max_concurrent_trades': 5}",0.4437,0.8874,0.0332,0.0,100.0,1,0.0,ok
confluence_sniper,"{'prob_threshold': 0.3, 'kelly_multiplier': 0.4, 'kelly_cap': 0.2, 'profit_threshold': 0.06, 'hard_stop_loss': 0.03, 'max_quantile_spread': 0.15, 'max_iv': 55.0, 'max_concurrent_trades': 10}",0.4437,0.8874,0.0332,0.0,100.0,1,0.0,ok
confluence_sniper,"{'prob_threshold': 0.3, 'kelly_multiplier': 0.4, 'kelly_cap': 0.2, 'profit_threshold': 0.06, 'hard_stop_loss': 0.03, 'max_quantile_spread': 0.15, 'max_iv': 70.0, 'max_concurrent_trades': 5}",0.4437,0.8874,0.0332,0.0,100.0,1,0.0,ok
confluence_sniper,"{'prob_threshold': 0.3, 'kelly_multiplier': 0.4, 'kelly_cap': 0.2, 'profit_threshold': 0.06, 'hard_stop_loss': 0.03, 'max_quantile_spread': 0.15, 'max_iv': 70.0, 'max_concurrent_trades': 10}",0.4437,0.8874,0.0332,0.0,100.0,1,0.0,ok
confluence_sniper,"{'prob_threshold': 0.3, 'kelly_multiplier': 0.4, 'kelly_cap': 0.2, 'profit_threshold': 0.06, 'hard_stop_loss': 0.035, 'max_quantile_spread': 0.1, 'max_iv': 55.0, 'max_concurrent_trades': 10}",0.0,0.0,0.0,0.0,0.0,0,0.0,ok
confluence_sniper,"{'prob_threshold': 0.3, 'kelly_multiplier': 0.4, 'kelly_cap': 0.2, 'profit_threshold': 0.06, 'hard_stop_loss': 0.035, 'max_quantile_spread': 0.1, 'max_iv': 55.0, 'max_concurrent_trades': 5}",0.0,0.0,0.0,0.0,0.0,0,0.0,ok
confluence_sniper,"{'prob_threshold': 0.3, 'kelly_multiplier': 0.4, 'kelly_cap': 0.2, 'profit_threshold': 0.06, 'hard_stop_loss': 0.035, 'max_quantile_spread': 0.1, 'max_iv': 70.0, 'max_concurrent_trades': 10}",0.0,0.0,0.0,0.0,0.0,0,0.0,ok
confluence_sniper,"{'prob_threshold': 0.3, 'kelly_multiplier': 0.4, 'kelly_cap': 0.2, 'profit_threshold': 0.06, 'hard_stop_loss': 0.035, 'max_quantile_spread': 0.1, 'max_iv': 70.0, 'max_concurrent_trades': 5}",0.0,0.0,0.0,0.0,0.0,0,0.0,ok
confluence_sniper,"{'prob_threshold': 0.3, 'kelly_multiplier': 0.4, 'kelly_cap': 0.2, 'profit_threshold': 0.06, 'hard_stop_loss': 0.035, 'max_quantile_spread': 0.15, 'max_iv': 55.0, 'max_concurrent_trades': 5}",0.4437,0.8874,0.0195,0.0,100.0,1,0.0,ok
confluence_sniper,"{'prob_threshold': 0.3, 'kelly_multiplier': 0.4, 'kelly_cap': 0.2, 'profit_threshold': 0.06, 'hard_stop_loss': 0.035, 'max_quantile_spread': 0.15, 'max_iv': 55.0, 'max_concurrent_trades': 10}",0.4437,0.8874,0.0195,0.0,100.0,1,0.0,ok
confluence_sniper,"{'prob_threshold': 0.3, 'kelly_multiplier': 0.4, 'kelly_cap': 0.2, 'profit_threshold': 0.06, 'hard_stop_loss': 0.035, 'max_quantile_spread': 0.15, 'max_iv': 70.0, 'max_concurrent_trades': 5}",0.4437,0.8874,0.0195,0.0,100.0,1,0.0,ok
confluence_sniper,"{'prob_threshold': 0.3, 'kelly_multiplier': 0.4, 'kelly_cap': 0.2, 'profit_threshold': 0.06, 'hard_stop_loss': 0.035, 'max_quantile_spread': 0.15, 'max_iv': 70.0, 'max_concurrent_trades': 10}",0.4437,0.8874,0.0195,0.0,100.0,1,0.0,ok
confluence_sniper,"{'prob_threshold': 0.3, 'kelly_multiplier': 0.4, 'kelly_cap': 0.2, 'profit_threshold': 0.07, 'hard_stop_loss': 0.025, 'max_quantile_spread': 0.1, 'max_iv': 55.0, 'max_concurrent_trades': 5}",0.0,0.0,0.0,0.0,0.0,0,0.0,ok
confluence_sniper,"{'prob_threshold': 0.3, 'kelly_multiplier': 0.4, 'kelly_cap': 0.2, 'profit_threshold': 0.07, 'hard_stop_loss': 0.025, 'max_quantile_spread': 0.1, 'max_iv': 70.0, 'max_concurrent_trades': 5}",0.0,0.0,0.0,0.0,0.0,0,0.0,ok
confluence_sniper,"{'prob_threshold': 0.3, 'kelly_multiplier': 0.4, 'kelly_cap': 0.2, 'profit_threshold': 0.07, 'hard_stop_loss': 0.025, 'max_quantile_spread': 0.1, 'max_iv': 55.0, 'max_concurrent_trades': 10}",0.0,0.0,0.0,0.0,0.0,0,0.0,ok
confluence_sniper,"{'prob_threshold': 0.3, 'kelly_multiplier': 0.4, 'kelly_cap': 0.2, 'profit_threshold': 0.07, 'hard_stop_loss': 0.025, 'max_quantile_spread': 0.15, 'max_iv': 55.0, 'max_concurrent_trades': 5}",0.4437,0.8874,0.024,0.0,100.0,1,0.0,ok
confluence_sniper,"{'prob_threshold': 0.3, 'kelly_multiplier': 0.4, 'kelly_cap': 0.2, 'profit_threshold': 0.07, 'hard_stop_loss': 0.025, 'max_quantile_spread': 0.1, 'max_iv': 70.0, 'max_concurrent_trades': 10}",0.0,0.0,0.0,0.0,0.0,0,0.0,ok
confluence_sniper,"{'prob_threshold': 0.3, 'kelly_multiplier': 0.4, 'kelly_cap': 0.2, 'profit_threshold': 0.07, 'hard_stop_loss': 0.025, 'max_quantile_spread': 0.15, 'max_iv': 55.0, 'max_concurrent_trades': 10}",0.4437,0.8874,0.024,0.0,100.0,1,0.0,ok
confluence_sniper,"{'prob_threshold': 0.3, 'kelly_multiplier': 0.4, 'kelly_cap': 0.2, 'profit_threshold': 0.07, 'hard_stop_loss': 0.025, 'max_quantile_spread': 0.15, 'max_iv': 70.0, 'max_concurrent_trades': 5}",0.4437,0.8874,0.024,0.0,100.0,1,0.0,ok
confluence_sniper,"{'prob_threshold': 0.3, 'kelly_multiplier': 0.4, 'kelly_cap': 0.2, 'profit_threshold': 0.07, 'hard_stop_loss': 0.025, 'max_quantile_spread': 0.15, 'max_iv': 70.0, 'max_concurrent_trades': 10}",0.4437,0.8874,0.024,0.0,100.0,1,0.0,ok
confluence_sniper,"{'prob_threshold': 0.3, 'kelly_multiplier': 0.4, 'kelly_cap': 0.2, 'profit_threshold': 0.07, 'hard_stop_loss': 0.03, 'max_quantile_spread': 0.1, 'max_iv': 55.0, 'max_concurrent_trades': 5}",0.0,0.0,0.0,0.0,0.0,0,0.0,ok
confluence_sniper,"{'prob_threshold': 0.3, 'kelly_multiplier': 0.4, 'kelly_cap': 0.2, 'profit_threshold': 0.07, 'hard_stop_loss': 0.03, 'max_quantile_spread': 0.1, 'max_iv': 55.0, 'max_concurrent_trades': 10}",0.0,0.0,0.0,0.0,0.0,0,0.0,ok
confluence_sniper,"{'prob_threshold': 0.3, 'kelly_multiplier': 0.4, 'kelly_cap': 0.2, 'profit_threshold': 0.07, 'hard_stop_loss': 0.03, 'max_quantile_spread': 0.1, 'max_iv': 70.0, 'max_concurrent_trades': 5}",0.0,0.0,0.0,0.0,0.0,0,0.0,ok
confluence_sniper,"{'prob_threshold': 0.3, 'kelly_multiplier': 0.4, 'kelly_cap': 0.2, 'profit_threshold': 0.07, 'hard_stop_loss': 0.03, 'max_quantile_spread': 0.1, 'max_iv': 70.0, 'max_concurrent_trades': 10}",0.0,0.0,0.0,0.0,0.0,0,0.0,ok
confluence_sniper,"{'prob_threshold': 0.3, 'kelly_multiplier': 0.4, 'kelly_cap': 0.2, 'profit_threshold': 0.07, 'hard_stop_loss': 0.03, 'max_quantile_spread': 0.15, 'max_iv': 55.0, 'max_concurrent_trades': 10}",0.4437,0.8874,0.0105,0.0,100.0,1,0.0,ok
confluence_sniper,"{'prob_threshold': 0.3, 'kelly_multiplier': 0.4, 'kelly_cap': 0.2, 'profit_threshold': 0.07, 'hard_stop_loss': 0.03, 'max_quantile_spread': 0.15, 'max_iv': 55.0, 'max_concurrent_trades': 5}",0.4437,0.8874,0.0105,0.0,100.0,1,0.0,ok
confluence_sniper,"{'prob_threshold': 0.3, 'kelly_multiplier': 0.4, 'kelly_cap': 0.2, 'profit_threshold': 0.07, 'hard_stop_loss': 0.03, 'max_quantile_spread': 0.15, 'max_iv': 70.0, 'max_concurrent_trades': 10}",0.4437,0.8874,0.0105,0.0,100.0,1,0.0,ok
confluence_sniper,"{'prob_threshold': 0.3, 'kelly_multiplier': 0.4, 'kelly_cap': 0.2, 'profit_threshold': 0.07, 'hard_stop_loss': 0.03, 'max_quantile_spread': 0.15, 'max_iv': 70.0, 'max_concurrent_trades': 5}",0.4437,0.8874,0.0105,0.0,100.0,1,0.0,ok
confluence_sniper,"{'prob_threshold': 0.3, 'kelly_multiplier': 0.4, 'kelly_cap': 0.2, 'profit_threshold': 0.07, 'hard_stop_loss': 0.035, 'max_quantile_spread': 0.1, 'max_iv': 55.0, 'max_concurrent_trades': 5}",0.0,0.0,0.0,0.0,0.0,0,0.0,ok
confluence_sniper,"{'prob_threshold': 0.3, 'kelly_multiplier': 0.4, 'kelly_cap': 0.2, 'profit_threshold': 0.07, 'hard_stop_loss': 0.035, 'max_quantile_spread': 0.1, 'max_iv': 55.0, 'max_concurrent_trades': 10}",0.0,0.0,0.0,0.0,0.0,0,0.0,ok
confluence_sniper,"{'prob_threshold': 0.3, 'kelly_multiplier': 0.4, 'kelly_cap': 0.2, 'profit_threshold': 0.07, 'hard_stop_loss': 0.035, 'max_quantile_spread': 0.1, 'max_iv': 70.0, 'max_concurrent_trades': 5}",0.0,0.0,0.0,0.0,0.0,0,0.0,ok
confluence_sniper,"{'prob_threshold': 0.3, 'kelly_multiplier': 0.4, 'kelly_cap': 0.2, 'profit_threshold': 0.07, 'hard_stop_loss': 0.035, 'max_quantile_spread': 0.1, 'max_iv': 70.0, 'max_concurrent_trades': 10}",0.0,0.0,0.0,0.0,0.0,0,0.0,ok
confluence_sniper,"{'prob_threshold': 0.3, 'kelly_multiplier': 0.4, 'kelly_cap': 0.2, 'profit_threshold': 0.07, 'hard_stop_loss': 0.035, 'max_quantile_spread': 0.15, 'max_iv': 55.0, 'max_concurrent_trades': 5}",0.0,0.0,0.0,0.0,0.0,0,0.0,ok
confluence_sniper,"{'prob_threshold': 0.3, 'kelly_multiplier': 0.4, 'kelly_cap': 0.2, 'profit_threshold': 0.07, 'hard_stop_loss': 0.035, 'max_quantile_spread': 0.15, 'max_iv': 55.0, 'max_concurrent_trades': 10}",0.0,0.0,0.0,0.0,0.0,0,0.0,ok
confluence_sniper,"{'prob_threshold': 0.3, 'kelly_multiplier': 0.4, 'kelly_cap': 0.2, 'profit_threshold': 0.07, 'hard_stop_loss': 0.035, 'max_quantile_spread': 0.15, 'max_iv': 70.0, 'max_concurrent_trades': 5}",0.0,0.0,0.0,0.0,0.0,0,0.0,ok
confluence_sniper,"{'prob_threshold': 0.3, 'kelly_multiplier': 0.4, 'kelly_cap': 0.3, 'profit_threshold': 0.05, 'hard_stop_loss': 0.025, 'max_quantile_spread': 0.1, 'max_iv': 55.0, 'max_concurrent_trades': 5}",0.0,0.0,0.0,0.0,0.0,0,0.0,ok
confluence_sniper,"{'prob_threshold': 0.3, 'kelly_multiplier': 0.4, 'kelly_cap': 0.2, 'profit_threshold': 0.07, 'hard_stop_loss': 0.035, 'max_quantile_spread': 0.15, 'max_iv': 70.0, 'max_concurrent_trades': 10}",0.0,0.0,0.0,0.0,0.0,0,0.0,ok
confluence_sniper,"{'prob_threshold': 0.3, 'kelly_multiplier': 0.4, 'kelly_cap': 0.3, 'profit_threshold': 0.05, 'hard_stop_loss': 0.025, 'max_quantile_spread': 0.1, 'max_iv': 70.0, 'max_concurrent_trades': 5}",0.0,0.0,0.0,0.0,0.0,0,0.0,ok
confluence_sniper,"{'prob_threshold': 0.3, 'kelly_multiplier': 0.4, 'kelly_cap': 0.3, 'profit_threshold': 0.05, 'hard_stop_loss': 0.025, 'max_quantile_spread': 0.1, 'max_iv': 55.0, 'max_concurrent_trades': 10}",0.0,0.0,0.0,0.0,0.0,0,0.0,ok
confluence_sniper,"{'prob_threshold': 0.3, 'kelly_multiplier': 0.4, 'kelly_cap': 0.3, 'profit_threshold': 0.05, 'hard_stop_loss': 0.025, 'max_quantile_spread': 0.1, 'max_iv': 70.0, 'max_concurrent_trades': 10}",0.0,0.0,0.0,0.0,0.0,0,0.0,ok
confluence_sniper,"{'prob_threshold': 0.3, 'kelly_multiplier': 0.4, 'kelly_cap': 0.3, 'profit_threshold': 0.05, 'hard_stop_loss': 0.025, 'max_quantile_spread': 0.15, 'max_iv': 55.0, 'max_concurrent_trades': 5}",0.4437,0.8874,0.0694,0.0,100.0,1,0.0,ok
confluence_sniper,"{'prob_threshold': 0.3, 'kelly_multiplier': 0.4, 'kelly_cap': 0.3, 'profit_threshold': 0.05, 'hard_stop_loss': 0.025, 'max_quantile_spread': 0.15, 'max_iv': 55.0, 'max_concurrent_trades': 10}",0.4437,0.8874,0.0694,0.0,100.0,1,0.0,ok
confluence_sniper,"{'prob_threshold': 0.3, 'kelly_multiplier': 0.4, 'kelly_cap': 0.3, 'profit_threshold': 0.05, 'hard_stop_loss': 0.025, 'max_quantile_spread': 0.15, 'max_iv': 70.0, 'max_concurrent_trades': 5}",-0.1312,-0.0042,-0.16,0.4726,66.67,3,0.6614,ok
confluence_sniper,"{'prob_threshold': 0.3, 'kelly_multiplier': 0.4, 'kelly_cap': 0.3, 'profit_threshold': 0.05, 'hard_stop_loss': 0.025, 'max_quantile_spread': 0.15, 'max_iv': 70.0, 'max_concurrent_trades': 10}",-0.1312,-0.0042,-0.16,0.4726,66.67,3,0.6614,ok
confluence_sniper,"{'prob_threshold': 0.3, 'kelly_multiplier': 0.4, 'kelly_cap': 0.3, 'profit_threshold': 0.05, 'hard_stop_loss': 0.03, 'max_quantile_spread': 0.1, 'max_iv': 55.0, 'max_concurrent_trades': 10}",0.0,0.0,0.0,0.0,0.0,0,0.0,ok
confluence_sniper,"{'prob_threshold': 0.3, 'kelly_multiplier': 0.4, 'kelly_cap': 0.3, 'profit_threshold': 0.05, 'hard_stop_loss': 0.03, 'max_quantile_spread': 0.1, 'max_iv': 55.0, 'max_concurrent_trades': 5}",0.0,0.0,0.0,0.0,0.0,0,0.0,ok
confluence_sniper,"{'prob_threshold': 0.3, 'kelly_multiplier': 0.4, 'kelly_cap': 0.3, 'profit_threshold': 0.05, 'hard_stop_loss': 0.03, 'max_quantile_spread': 0.1, 'max_iv': 70.0, 'max_concurrent_trades': 10}",0.0,0.0,0.0,0.0,0.0,0,0.0,ok
confluence_sniper,"{'prob_threshold': 0.3, 'kelly_multiplier': 0.4, 'kelly_cap': 0.3, 'profit_threshold': 0.05, 'hard_stop_loss': 0.03, 'max_quantile_spread': 0.1, 'max_iv': 70.0, 'max_concurrent_trades': 5}",0.0,0.0,0.0,0.0,0.0,0,0.0,ok
confluence_sniper,"{'prob_threshold': 0.3, 'kelly_multiplier': 0.4, 'kelly_cap': 0.3, 'profit_threshold': 0.05, 'hard_stop_loss': 0.03, 'max_quantile_spread': 0.15, 'max_iv': 55.0, 'max_concurrent_trades': 5}",0.4437,0.8874,0.0553,0.0,100.0,1,0.0,ok
confluence_sniper,"{'prob_threshold': 0.3, 'kelly_multiplier': 0.4, 'kelly_cap': 0.3, 'profit_threshold': 0.05, 'hard_stop_loss': 0.03, 'max_quantile_spread': 0.15, 'max_iv': 55.0, 'max_concurrent_trades': 10}",0.4437,0.8874,0.0553,0.0,100.0,1,0.0,ok
confluence_sniper,"{'prob_threshold': 0.3, 'kelly_multiplier': 0.4, 'kelly_cap': 0.3, 'profit_threshold': 0.05, 'hard_stop_loss': 0.03, 'max_quantile_spread': 0.15, 'max_iv': 70.0, 'max_concurrent_trades': 5}",-0.1811,-0.0055,-0.1915,0.4268,66.67,3,0.5512,ok
confluence_sniper,"{'prob_threshold': 0.3, 'kelly_multiplier': 0.4, 'kelly_cap': 0.3, 'profit_threshold': 0.05, 'hard_stop_loss': 0.03, 'max_quantile_spread': 0.15, 'max_iv': 70.0, 'max_concurrent_trades': 10}",-0.1811,-0.0055,-0.1915,0.4268,66.67,3,0.5512,ok
confluence_sniper,"{'prob_threshold': 0.3, 'kelly_multiplier': 0.4, 'kelly_cap': 0.3, 'profit_threshold': 0.05, 'hard_stop_loss': 0.035, 'max_quantile_spread': 0.1, 'max_iv': 55.0, 'max_concurrent_trades': 5}",0.0,0.0,0.0,0.0,0.0,0,0.0,ok
confluence_sniper,"{'prob_threshold': 0.3, 'kelly_multiplier': 0.4, 'kelly_cap': 0.3, 'profit_threshold': 0.05, 'hard_stop_loss': 0.035, 'max_quantile_spread': 0.1, 'max_iv': 55.0, 'max_concurrent_trades': 10}",0.0,0.0,0.0,0.0,0.0,0,0.0,ok
confluence_sniper,"{'prob_threshold': 0.3, 'kelly_multiplier': 0.4, 'kelly_cap': 0.3, 'profit_threshold': 0.05, 'hard_stop_loss': 0.035, 'max_quantile_spread': 0.1, 'max_iv': 70.0, 'max_concurrent_trades': 5}",0.0,0.0,0.0,0.0,0.0,0,0.0,ok
confluence_sniper,"{'prob_threshold': 0.3, 'kelly_multiplier': 0.4, 'kelly_cap': 0.3, 'profit_threshold': 0.05, 'hard_stop_loss': 0.035, 'max_quantile_spread': 0.15, 'max_iv': 55.0, 'max_concurrent_trades': 5}",0.4437,0.8874,0.0413,0.0,100.0,1,0.0,ok
confluence_sniper,"{'prob_threshold': 0.3, 'kelly_multiplier': 0.4, 'kelly_cap': 0.3, 'profit_threshold': 0.05, 'hard_stop_loss': 0.035, 'max_quantile_spread': 0.1, 'max_iv': 70.0, 'max_concurrent_trades': 10}",0.0,0.0,0.0,0.0,0.0,0,0.0,ok
confluence_sniper,"{'prob_threshold': 0.3, 'kelly_multiplier': 0.4, 'kelly_cap': 0.3, 'profit_threshold': 0.05, 'hard_stop_loss': 0.035, 'max_quantile_spread': 0.15, 'max_iv': 70.0, 'max_concurrent_trades': 5}",-0.2355,-0.007,-0.2034,0.3614,66.67,3,0.437,ok
confluence_sniper,"{'prob_threshold': 0.3, 'kelly_multiplier': 0.4, 'kelly_cap': 0.3, 'profit_threshold': 0.05, 'hard_stop_loss': 0.035, 'max_quantile_spread': 0.15, 'max_iv': 55.0, 'max_concurrent_trades': 10}",0.4437,0.8874,0.0413,0.0,100.0,1,0.0,ok
confluence_sniper,"{'prob_threshold': 0.3, 'kelly_multiplier': 0.4, 'kelly_cap': 0.3, 'profit_threshold': 0.05, 'hard_stop_loss': 0.035, 'max_quantile_spread': 0.15, 'max_iv': 70.0, 'max_concurrent_trades': 10}",-0.2355,-0.007,-0.2034,0.3614,66.67,3,0.437,ok
confluence_sniper,"{'prob_threshold': 0.3, 'kelly_multiplier': 0.4, 'kelly_cap': 0.3, 'profit_threshold': 0.06, 'hard_stop_loss': 0.025, 'max_quantile_spread': 0.1, 'max_iv': 55.0, 'max_concurrent_trades': 5}",0.0,0.0,0.0,0.0,0.0,0,0.0,ok
confluence_sniper,"{'prob_threshold': 0.3, 'kelly_multiplier': 0.4, 'kelly_cap': 0.3, 'profit_threshold': 0.06, 'hard_stop_loss': 0.025, 'max_quantile_spread': 0.1, 'max_iv': 55.0, 'max_concurrent_trades': 10}",0.0,0.0,0.0,0.0,0.0,0,0.0,ok
confluence_sniper,"{'prob_threshold': 0.3, 'kelly_multiplier': 0.4, 'kelly_cap': 0.3, 'profit_threshold': 0.06, 'hard_stop_loss': 0.025, 'max_quantile_spread': 0.1, 'max_iv': 70.0, 'max_concurrent_trades': 5}",0.0,0.0,0.0,0.0,0.0,0,0.0,ok
confluence_sniper,"{'prob_threshold': 0.3, 'kelly_multiplier': 0.4, 'kelly_cap': 0.3, 'profit_threshold': 0.06, 'hard_stop_loss': 0.025, 'max_quantile_spread': 0.1, 'max_iv': 70.0, 'max_concurrent_trades': 10}",0.0,0.0,0.0,0.0,0.0,0,0.0,ok
confluence_sniper,"{'prob_threshold': 0.3, 'kelly_multiplier': 0.4, 'kelly_cap': 0.3, 'profit_threshold': 0.06, 'hard_stop_loss': 0.025, 'max_quantile_spread': 0.15, 'max_iv': 55.0, 'max_concurrent_trades': 5}",0.4437,0.8874,0.0469,0.0,100.0,1,0.0,ok
confluence_sniper,"{'prob_threshold': 0.3, 'kelly_multiplier': 0.4, 'kelly_cap': 0.3, 'profit_threshold': 0.06, 'hard_stop_loss': 0.025, 'max_quantile_spread': 0.15, 'max_iv': 55.0, 'max_concurrent_trades': 10}",0.4437,0.8874,0.0469,0.0,100.0,1,0.0,ok
confluence_sniper,"{'prob_threshold': 0.3, 'kelly_multiplier': 0.4, 'kelly_cap': 0.3, 'profit_threshold': 0.06, 'hard_stop_loss': 0.025, 'max_quantile_spread': 0.15, 'max_iv': 70.0, 'max_concurrent_trades': 10}",0.6055,1.211,0.1291,0.0,100.0,2,0.0,ok
confluence_sniper,"{'prob_threshold': 0.3, 'kelly_multiplier': 0.4, 'kelly_cap': 0.3, 'profit_threshold': 0.06, 'hard_stop_loss': 0.025, 'max_quantile_spread': 0.15, 'max_iv': 70.0, 'max_concurrent_trades': 5}",0.6055,1.211,0.1291,0.0,100.0,2,0.0,ok
confluence_sniper,"{'prob_threshold': 0.3, 'kelly_multiplier': 0.4, 'kelly_cap': 0.3, 'profit_threshold': 0.06, 'hard_stop_loss': 0.03, 'max_quantile_spread': 0.1, 'max_iv': 55.0, 'max_concurrent_trades': 10}",0.0,0.0,0.0,0.0,0.0,0,0.0,ok
confluence_sniper,"{'prob_threshold': 0.3, 'kelly_multiplier': 0.4, 'kelly_cap': 0.3, 'profit_threshold': 0.06, 'hard_stop_loss': 0.03, 'max_quantile_spread': 0.1, 'max_iv': 55.0, 'max_concurrent_trades': 5}",0.0,0.0,0.0,0.0,0.0,0,0.0,ok
confluence_sniper,"{'prob_threshold': 0.3, 'kelly_multiplier': 0.4, 'kelly_cap': 0.3, 'profit_threshold': 0.06, 'hard_stop_loss': 0.03, 'max_quantile_spread': 0.1, 'max_iv': 70.0, 'max_concurrent_trades': 5}",0.0,0.0,0.0,0.0,0.0,0,0.0,ok
confluence_sniper,"{'prob_threshold': 0.3, 'kelly_multiplier': 0.4, 'kelly_cap': 0.3, 'profit_threshold': 0.06, 'hard_stop_loss': 0.03, 'max_quantile_spread': 0.1, 'max_iv': 70.0, 'max_concurrent_trades': 10}",0.0,0.0,0.0,0.0,0.0,0,0.0,ok
confluence_sniper,"{'prob_threshold': 0.3, 'kelly_multiplier': 0.4, 'kelly_cap': 0.3, 'profit_threshold': 0.06, 'hard_stop_loss': 0.03, 'max_quantile_spread': 0.15, 'max_iv': 55.0, 'max_concurrent_trades': 5}",0.4437,0.8874,0.0332,0.0,100.0,1,0.0,ok
confluence_sniper,"{'prob_threshold': 0.3, 'kelly_multiplier': 0.4, 'kelly_cap': 0.3, 'profit_threshold': 0.06, 'hard_stop_loss': 0.03, 'max_quantile_spread': 0.15, 'max_iv': 55.0, 'max_concurrent_trades': 10}",0.4437,0.8874,0.0332,0.0,100.0,1,0.0,ok
confluence_sniper,"{'prob_threshold': 0.3, 'kelly_multiplier': 0.4, 'kelly_cap': 0.3, 'profit_threshold': 0.06, 'hard_stop_loss': 0.03, 'max_quantile_spread': 0.15, 'max_iv': 70.0, 'max_concurrent_trades': 5}",0.4437,0.8874,0.0332,0.0,100.0,1,0.0,ok
confluence_sniper,"{'prob_threshold': 0.3, 'kelly_multiplier': 0.4, 'kelly_cap': 0.3, 'profit_threshold': 0.06, 'hard_stop_loss': 0.03, 'max_quantile_spread': 0.15, 'max_iv': 70.0, 'max_concurrent_trades': 10}",0.4437,0.8874,0.0332,0.0,100.0,1,0.0,ok
confluence_sniper,"{'prob_threshold': 0.3, 'kelly_multiplier': 0.4, 'kelly_cap': 0.3, 'profit_threshold': 0.06, 'hard_stop_loss': 0.035, 'max_quantile_spread': 0.1, 'max_iv': 55.0, 'max_concurrent_trades': 5}",0.0,0.0,0.0,0.0,0.0,0,0.0,ok
confluence_sniper,"{'prob_threshold': 0.3, 'kelly_multiplier': 0.4, 'kelly_cap': 0.3, 'profit_threshold': 0.06, 'hard_stop_loss': 0.035, 'max_quantile_spread': 0.1, 'max_iv': 70.0, 'max_concurrent_trades': 5}",0.0,0.0,0.0,0.0,0.0,0,0.0,ok
confluence_sniper,"{'prob_threshold': 0.3, 'kelly_multiplier': 0.4, 'kelly_cap': 0.3, 'profit_threshold': 0.06, 'hard_stop_loss': 0.035, 'max_quantile_spread': 0.1, 'max_iv': 55.0, 'max_concurrent_trades': 10}",0.0,0.0,0.0,0.0,0.0,0,0.0,ok
confluence_sniper,"{'prob_threshold': 0.3, 'kelly_multiplier': 0.4, 'kelly_cap': 0.3, 'profit_threshold': 0.06, 'hard_stop_loss': 0.035, 'max_quantile_spread': 0.15, 'max_iv': 55.0, 'max_concurrent_trades': 5}",0.4437,0.8874,0.0195,0.0,100.0,1,0.0,ok
confluence_sniper,"{'prob_threshold': 0.3, 'kelly_multiplier': 0.4, 'kelly_cap': 0.3, 'profit_threshold': 0.06, 'hard_stop_loss': 0.035, 'max_quantile_spread': 0.1, 'max_iv': 70.0, 'max_concurrent_trades': 10}",0.0,0.0,0.0,0.0,0.0,0,0.0,ok
confluence_sniper,"{'prob_threshold': 0.3, 'kelly_multiplier': 0.4, 'kelly_cap': 0.3, 'profit_threshold': 0.06, 'hard_stop_loss': 0.035, 'max_quantile_spread': 0.15, 'max_iv': 55.0, 'max_concurrent_trades': 10}",0.4437,0.8874,0.0195,0.0,100.0,1,0.0,ok
confluence_sniper,"{'prob_threshold': 0.3, 'kelly_multiplier': 0.4, 'kelly_cap': 0.3, 'profit_threshold': 0.06, 'hard_stop_loss': 0.035, 'max_quantile_spread': 0.15, 'max_iv': 70.0, 'max_concurrent_trades': 5}",0.4437,0.8874,0.0195,0.0,100.0,1,0.0,ok
confluence_sniper,"{'prob_threshold': 0.3, 'kelly_multiplier': 0.4, 'kelly_cap': 0.3, 'profit_threshold': 0.06, 'hard_stop_loss': 0.035, 'max_quantile_spread': 0.15, 'max_iv': 70.0, 'max_concurrent_trades': 10}",0.4437,0.8874,0.0195,0.0,100.0,1,0.0,ok
confluence_sniper,"{'prob_threshold': 0.3, 'kelly_multiplier': 0.4, 'kelly_cap': 0.3, 'profit_threshold': 0.07, 'hard_stop_loss': 0.025, 'max_quantile_spread': 0.1, 'max_iv': 55.0, 'max_concurrent_trades': 5}",0.0,0.0,0.0,0.0,0.0,0,0.0,ok
confluence_sniper,"{'prob_threshold': 0.3, 'kelly_multiplier': 0.4, 'kelly_cap': 0.3, 'profit_threshold': 0.07, 'hard_stop_loss': 0.025, 'max_quantile_spread': 0.1, 'max_iv': 55.0, 'max_concurrent_trades': 10}",0.0,0.0,0.0,0.0,0.0,0,0.0,ok
confluence_sniper,"{'prob_threshold': 0.3, 'kelly_multiplier': 0.4, 'kelly_cap': 0.3, 'profit_threshold': 0.07, 'hard_stop_loss': 0.025, 'max_quantile_spread': 0.1, 'max_iv': 70.0, 'max_concurrent_trades': 10}",0.0,0.0,0.0,0.0,0.0,0,0.0,ok
confluence_sniper,"{'prob_threshold': 0.3, 'kelly_multiplier': 0.4, 'kelly_cap': 0.3, 'profit_threshold': 0.07, 'hard_stop_loss': 0.025, 'max_quantile_spread': 0.1, 'max_iv': 70.0, 'max_concurrent_trades': 5}",0.0,0.0,0.0,0.0,0.0,0,0.0,ok
confluence_sniper,"{'prob_threshold': 0.3, 'kelly_multiplier': 0.4, 'kelly_cap': 0.3, 'profit_threshold': 0.07, 'hard_stop_loss': 0.025, 'max_quantile_spread': 0.15, 'max_iv': 55.0, 'max_concurrent_trades': 10}",0.4437,0.8874,0.024,0.0,100.0,1,0.0,ok
confluence_sniper,"{'prob_threshold': 0.3, 'kelly_multiplier': 0.4, 'kelly_cap': 0.3, 'profit_threshold': 0.07, 'hard_stop_loss': 0.025, 'max_quantile_spread': 0.15, 'max_iv': 55.0, 'max_concurrent_trades': 5}",0.4437,0.8874,0.024,0.0,100.0,1,0.0,ok
confluence_sniper,"{'prob_threshold': 0.3, 'kelly_multiplier': 0.4, 'kelly_cap': 0.3, 'profit_threshold': 0.07, 'hard_stop_loss': 0.025, 'max_quantile_spread': 0.15, 'max_iv': 70.0, 'max_concurrent_trades': 5}",0.4437,0.8874,0.024,0.0,100.0,1,0.0,ok
confluence_sniper,"{'prob_threshold': 0.3, 'kelly_multiplier': 0.4, 'kelly_cap': 0.3, 'profit_threshold': 0.07, 'hard_stop_loss': 0.025, 'max_quantile_spread': 0.15, 'max_iv': 70.0, 'max_concurrent_trades': 10}",0.4437,0.8874,0.024,0.0,100.0,1,0.0,ok
confluence_sniper,"{'prob_threshold': 0.3, 'kelly_multiplier': 0.4, 'kelly_cap': 0.3, 'profit_threshold': 0.07, 'hard_stop_loss': 0.03, 'max_quantile_spread': 0.1, 'max_iv': 55.0, 'max_concurrent_trades': 5}",0.0,0.0,0.0,0.0,0.0,0,0.0,ok
confluence_sniper,"{'prob_threshold': 0.3, 'kelly_multiplier': 0.4, 'kelly_cap': 0.3, 'profit_threshold': 0.07, 'hard_stop_loss': 0.03, 'max_quantile_spread': 0.1, 'max_iv': 55.0, 'max_concurrent_trades': 10}",0.0,0.0,0.0,0.0,0.0,0,0.0,ok
confluence_sniper,"{'prob_threshold': 0.3, 'kelly_multiplier': 0.4, 'kelly_cap': 0.3, 'profit_threshold': 0.07, 'hard_stop_loss': 0.03, 'max_quantile_spread': 0.1, 'max_iv': 70.0, 'max_concurrent_trades': 5}",0.0,0.0,0.0,0.0,0.0,0,0.0,ok
confluence_sniper,"{'prob_threshold': 0.3, 'kelly_multiplier': 0.4, 'kelly_cap': 0.3, 'profit_threshold': 0.07, 'hard_stop_loss': 0.03, 'max_quantile_spread': 0.1, 'max_iv': 70.0, 'max_concurrent_trades': 10}",0.0,0.0,0.0,0.0,0.0,0,0.0,ok
confluence_sniper,"{'prob_threshold': 0.3, 'kelly_multiplier': 0.4, 'kelly_cap': 0.3, 'profit_threshold': 0.07, 'hard_stop_loss': 0.03, 'max_quantile_spread': 0.15, 'max_iv': 55.0, 'max_concurrent_trades': 5}",0.4437,0.8874,0.0105,0.0,100.0,1,0.0,ok
confluence_sniper,"{'prob_threshold': 0.3, 'kelly_multiplier': 0.4, 'kelly_cap': 0.3, 'profit_threshold': 0.07, 'hard_stop_loss': 0.03, 'max_quantile_spread': 0.15, 'max_iv': 70.0, 'max_concurrent_trades': 5}",0.4437,0.8874,0.0105,0.0,100.0,1,0.0,ok
confluence_sniper,"{'prob_threshold': 0.3, 'kelly_multiplier': 0.4, 'kelly_cap': 0.3, 'profit_threshold': 0.07, 'hard_stop_loss': 0.03, 'max_quantile_spread': 0.15, 'max_iv': 55.0, 'max_concurrent_trades': 10}",0.4437,0.8874,0.0105,0.0,100.0,1,0.0,ok
confluence_sniper,"{'prob_threshold': 0.3, 'kelly_multiplier': 0.4, 'kelly_cap': 0.3, 'profit_threshold': 0.07, 'hard_stop_loss': 0.035, 'max_quantile_spread': 0.1, 'max_iv': 55.0, 'max_concurrent_trades': 5}",0.0,0.0,0.0,0.0,0.0,0,0.0,ok
confluence_sniper,"{'prob_threshold': 0.3, 'kelly_multiplier': 0.4, 'kelly_cap': 0.3, 'profit_threshold': 0.07, 'hard_stop_loss': 0.03, 'max_quantile_spread': 0.15, 'max_iv': 70.0, 'max_concurrent_trades': 10}",0.4437,0.8874,0.0105,0.0,100.0,1,0.0,ok
confluence_sniper,"{'prob_threshold': 0.3, 'kelly_multiplier': 0.4, 'kelly_cap': 0.3, 'profit_threshold': 0.07, 'hard_stop_loss': 0.035, 'max_quantile_spread': 0.1, 'max_iv': 55.0, 'max_concurrent_trades': 10}",0.0,0.0,0.0,0.0,0.0,0,0.0,ok
confluence_sniper,"{'prob_threshold': 0.3, 'kelly_multiplier': 0.4, 'kelly_cap': 0.3, 'profit_threshold': 0.07, 'hard_stop_loss': 0.035, 'max_quantile_spread': 0.1, 'max_iv': 70.0, 'max_concurrent_trades': 5}",0.0,0.0,0.0,0.0,0.0,0,0.0,ok
confluence_sniper,"{'prob_threshold': 0.3, 'kelly_multiplier': 0.4, 'kelly_cap': 0.3, 'profit_threshold': 0.07, 'hard_stop_loss': 0.035, 'max_quantile_spread': 0.1, 'max_iv': 70.0, 'max_concurrent_trades': 10}",0.0,0.0,0.0,0.0,0.0,0,0.0,ok
confluence_sniper,"{'prob_threshold': 0.3, 'kelly_multiplier': 0.4, 'kelly_cap': 0.3, 'profit_threshold': 0.07, 'hard_stop_loss': 0.035, 'max_quantile_spread': 0.15, 'max_iv': 55.0, 'max_concurrent_trades': 5}",0.0,0.0,0.0,0.0,0.0,0,0.0,ok
confluence_sniper,"{'prob_threshold': 0.3, 'kelly_multiplier': 0.4, 'kelly_cap': 0.3, 'profit_threshold': 0.07, 'hard_stop_loss': 0.035, 'max_quantile_spread': 0.15, 'max_iv': 55.0, 'max_concurrent_trades': 10}",0.0,0.0,0.0,0.0,0.0,0,0.0,ok
confluence_sniper,"{'prob_threshold': 0.3, 'kelly_multiplier': 0.4, 'kelly_cap': 0.3, 'profit_threshold': 0.07, 'hard_stop_loss': 0.035, 'max_quantile_spread': 0.15, 'max_iv': 70.0, 'max_concurrent_trades': 5}",0.0,0.0,0.0,0.0,0.0,0,0.0,ok
confluence_sniper,"{'prob_threshold': 0.3, 'kelly_multiplier': 0.4, 'kelly_cap': 0.3, 'profit_threshold': 0.07, 'hard_stop_loss': 0.035, 'max_quantile_spread': 0.15, 'max_iv': 70.0, 'max_concurrent_trades': 10}",0.0,0.0,0.0,0.0,0.0,0,0.0,ok
confluence_sniper,"{'prob_threshold': 0.3, 'kelly_multiplier': 0.6, 'kelly_cap': 0.2, 'profit_threshold': 0.05, 'hard_stop_loss': 0.025, 'max_quantile_spread': 0.1, 'max_iv': 55.0, 'max_concurrent_trades': 10}",0.0,0.0,0.0,0.0,0.0,0,0.0,ok
confluence_sniper,"{'prob_threshold': 0.3, 'kelly_multiplier': 0.6, 'kelly_cap': 0.2, 'profit_threshold': 0.05, 'hard_stop_loss': 0.025, 'max_quantile_spread': 0.1, 'max_iv': 55.0, 'max_concurrent_trades': 5}",0.0,0.0,0.0,0.0,0.0,0,0.0,ok
confluence_sniper,"{'prob_threshold': 0.3, 'kelly_multiplier': 0.6, 'kelly_cap': 0.2, 'profit_threshold': 0.05, 'hard_stop_loss': 0.025, 'max_quantile_spread': 0.1, 'max_iv': 70.0, 'max_concurrent_trades': 10}",0.0,0.0,0.0,0.0,0.0,0,0.0,ok
confluence_sniper,"{'prob_threshold': 0.3, 'kelly_multiplier': 0.6, 'kelly_cap': 0.2, 'profit_threshold': 0.05, 'hard_stop_loss': 0.025, 'max_quantile_spread': 0.1, 'max_iv': 70.0, 'max_concurrent_trades': 5}",0.0,0.0,0.0,0.0,0.0,0,0.0,ok
confluence_sniper,"{'prob_threshold': 0.3, 'kelly_multiplier': 0.6, 'kelly_cap': 0.2, 'profit_threshold': 0.05, 'hard_stop_loss': 0.025, 'max_quantile_spread': 0.15, 'max_iv': 55.0, 'max_concurrent_trades': 5}",0.4437,0.8874,0.084,0.0,100.0,1,0.0,ok
confluence_sniper,"{'prob_threshold': 0.3, 'kelly_multiplier': 0.6, 'kelly_cap': 0.2, 'profit_threshold': 0.05, 'hard_stop_loss': 0.025, 'max_quantile_spread': 0.15, 'max_iv': 55.0, 'max_concurrent_trades': 10}",0.4437,0.8874,0.084,0.0,100.0,1,0.0,ok
confluence_sniper,"{'prob_threshold': 0.3, 'kelly_multiplier': 0.6, 'kelly_cap': 0.2, 'profit_threshold': 0.05, 'hard_stop_loss': 0.025, 'max_quantile_spread': 0.15, 'max_iv': 70.0, 'max_concurrent_trades': 5}",-0.0651,-0.0022,-0.0981,0.54,66.67,3,0.8184,ok
confluence_sniper,"{'prob_threshold': 0.3, 'kelly_multiplier': 0.6, 'kelly_cap': 0.2, 'profit_threshold': 0.05, 'hard_stop_loss': 0.025, 'max_quantile_spread': 0.15, 'max_iv': 70.0, 'max_concurrent_trades': 10}",-0.0651,-0.0022,-0.0981,0.54,66.67,3,0.8184,ok
confluence_sniper,"{'prob_threshold': 0.3, 'kelly_multiplier': 0.6, 'kelly_cap': 0.2, 'profit_threshold': 0.05, 'hard_stop_loss': 0.03, 'max_quantile_spread': 0.1, 'max_iv': 55.0, 'max_concurrent_trades': 5}",0.0,0.0,0.0,0.0,0.0,0,0.0,ok
confluence_sniper,"{'prob_threshold': 0.3, 'kelly_multiplier': 0.6, 'kelly_cap': 0.2, 'profit_threshold': 0.05, 'hard_stop_loss': 0.03, 'max_quantile_spread': 0.1, 'max_iv': 70.0, 'max_concurrent_trades': 5}",0.0,0.0,0.0,0.0,0.0,0,0.0,ok
confluence_sniper,"{'prob_threshold': 0.3, 'kelly_multiplier': 0.6, 'kelly_cap': 0.2, 'profit_threshold': 0.05, 'hard_stop_loss': 0.03, 'max_quantile_spread': 0.1, 'max_iv': 55.0, 'max_concurrent_trades': 10}",0.0,0.0,0.0,0.0,0.0,0,0.0,ok
confluence_sniper,"{'prob_threshold': 0.3, 'kelly_multiplier': 0.6, 'kelly_cap': 0.2, 'profit_threshold': 0.05, 'hard_stop_loss': 0.03, 'max_quantile_spread': 0.15, 'max_iv': 55.0, 'max_concurrent_trades': 5}",0.4437,0.8874,0.083,0.0,100.0,1,0.0,ok
confluence_sniper,"{'prob_threshold': 0.3, 'kelly_multiplier': 0.6, 'kelly_cap': 0.2, 'profit_threshold': 0.05, 'hard_stop_loss': 0.03, 'max_quantile_spread': 0.1, 'max_iv': 70.0, 'max_concurrent_trades': 10}",0.0,0.0,0.0,0.0,0.0,0,0.0,ok
confluence_sniper,"{'prob_threshold': 0.3, 'kelly_multiplier': 0.6, 'kelly_cap': 0.2, 'profit_threshold': 0.05, 'hard_stop_loss': 0.03, 'max_quantile_spread': 0.15, 'max_iv': 55.0, 'max_concurrent_trades': 10}",0.4437,0.8874,0.083,0.0,100.0,1,0.0,ok
confluence_sniper,"{'prob_threshold': 0.3, 'kelly_multiplier': 0.6, 'kelly_cap': 0.2, 'profit_threshold': 0.05, 'hard_stop_loss': 0.03, 'max_quantile_spread': 0.15, 'max_iv': 70.0, 'max_concurrent_trades': 5}",-0.1642,-0.0051,-0.2476,0.6,66.67,3,0.5873,ok
confluence_sniper,"{'prob_threshold': 0.3, 'kelly_multiplier': 0.6, 'kelly_cap': 0.2, 'profit_threshold': 0.05, 'hard_stop_loss': 0.03, 'max_quantile_spread': 0.15, 'max_iv': 70.0, 'max_concurrent_trades': 10}",-0.1642,-0.0051,-0.2476,0.6,66.67,3,0.5873,ok
confluence_sniper,"{'prob_threshold': 0.3, 'kelly_multiplier': 0.6, 'kelly_cap': 0.2, 'profit_threshold': 0.05, 'hard_stop_loss': 0.035, 'max_quantile_spread': 0.1, 'max_iv': 55.0, 'max_concurrent_trades': 5}",0.0,0.0,0.0,0.0,0.0,0,0.0,ok
confluence_sniper,"{'prob_threshold': 0.3, 'kelly_multiplier': 0.6, 'kelly_cap': 0.2, 'profit_threshold': 0.05, 'hard_stop_loss': 0.035, 'max_quantile_spread': 0.1, 'max_iv': 55.0, 'max_concurrent_trades': 10}",0.0,0.0,0.0,0.0,0.0,0,0.0,ok
confluence_sniper,"{'prob_threshold': 0.3, 'kelly_multiplier': 0.6, 'kelly_cap': 0.2, 'profit_threshold': 0.05, 'hard_stop_loss': 0.035, 'max_quantile_spread': 0.1, 'max_iv': 70.0, 'max_concurrent_trades': 10}",0.0,0.0,0.0,0.0,0.0,0,0.0,ok
confluence_sniper,"{'prob_threshold': 0.3, 'kelly_multiplier': 0.6, 'kelly_cap': 0.2, 'profit_threshold': 0.05, 'hard_stop_loss': 0.035, 'max_quantile_spread': 0.1, 'max_iv': 70.0, 'max_concurrent_trades': 5}",0.0,0.0,0.0,0.0,0.0,0,0.0,ok
confluence_sniper,"{'prob_threshold': 0.3, 'kelly_multiplier': 0.6, 'kelly_cap': 0.2, 'profit_threshold': 0.05, 'hard_stop_loss': 0.035, 'max_quantile_spread': 0.15, 'max_iv': 55.0, 'max_concurrent_trades': 10}",0.4437,0.8874,0.0619,0.0,100.0,1,0.0,ok
confluence_sniper,"{'prob_threshold': 0.3, 'kelly_multiplier': 0.6, 'kelly_cap': 0.2, 'profit_threshold': 0.05, 'hard_stop_loss': 0.035, 'max_quantile_spread': 0.15, 'max_iv': 55.0, 'max_concurrent_trades': 5}",0.4437,0.8874,0.0619,0.0,100.0,1,0.0,ok
confluence_sniper,"{'prob_threshold': 0.3, 'kelly_multiplier': 0.6, 'kelly_cap': 0.2, 'profit_threshold': 0.05, 'hard_stop_loss': 0.035, 'max_quantile_spread': 0.15, 'max_iv': 70.0, 'max_concurrent_trades': 5}",-0.2356,-0.007,-0.3055,0.542,66.67,3,0.4363,ok
confluence_sniper,"{'prob_threshold': 0.3, 'kelly_multiplier': 0.6, 'kelly_cap': 0.2, 'profit_threshold': 0.05, 'hard_stop_loss': 0.035, 'max_quantile_spread': 0.15, 'max_iv': 70.0, 'max_concurrent_trades': 10}",-0.2356,-0.007,-0.3055,0.542,66.67,3,0.4363,ok
confluence_sniper,"{'prob_threshold': 0.3, 'kelly_multiplier': 0.6, 'kelly_cap': 0.2, 'profit_threshold': 0.06, 'hard_stop_loss': 0.025, 'max_quantile_spread': 0.1, 'max_iv': 55.0, 'max_concurrent_trades': 5}",0.0,0.0,0.0,0.0,0.0,0,0.0,ok
confluence_sniper,"{'prob_threshold': 0.3, 'kelly_multiplier': 0.6, 'kelly_cap': 0.2, 'profit_threshold': 0.06, 'hard_stop_loss': 0.025, 'max_quantile_spread': 0.1, 'max_iv': 55.0, 'max_concurrent_trades': 10}",0.0,0.0,0.0,0.0,0.0,0,0.0,ok
confluence_sniper,"{'prob_threshold': 0.3, 'kelly_multiplier': 0.6, 'kelly_cap': 0.2, 'profit_threshold': 0.06, 'hard_stop_loss': 0.025, 'max_quantile_spread': 0.1, 'max_iv': 70.0, 'max_concurrent_trades': 5}",0.0,0.0,0.0,0.0,0.0,0,0.0,ok
confluence_sniper,"{'prob_threshold': 0.3, 'kelly_multiplier': 0.6, 'kelly_cap': 0.2, 'profit_threshold': 0.06, 'hard_stop_loss': 0.025, 'max_quantile_spread': 0.1, 'max_iv': 70.0, 'max_concurrent_trades': 10}",0.0,0.0,0.0,0.0,0.0,0,0.0,ok
confluence_sniper,"{'prob_threshold': 0.3, 'kelly_multiplier': 0.6, 'kelly_cap': 0.2, 'profit_threshold': 0.06, 'hard_stop_loss': 0.025, 'max_quantile_spread': 0.15, 'max_iv': 55.0, 'max_concurrent_trades': 5}",0.4437,0.8874,0.0704,0.0,100.0,1,0.0,ok
confluence_sniper,"{'prob_threshold': 0.3, 'kelly_multiplier': 0.6, 'kelly_cap': 0.2, 'profit_threshold': 0.06, 'hard_stop_loss': 0.025, 'max_quantile_spread': 0.15, 'max_iv': 70.0, 'max_concurrent_trades': 5}",0.6055,1.211,0.1937,0.0,100.0,2,0.0,ok
confluence_sniper,"{'prob_threshold': 0.3, 'kelly_multiplier': 0.6, 'kelly_cap': 0.2, 'profit_threshold': 0.06, 'hard_stop_loss': 0.025, 'max_quantile_spread': 0.15, 'max_iv': 55.0, 'max_concurrent_trades': 10}",0.4437,0.8874,0.0704,0.0,100.0,1,0.0,ok
confluence_sniper,"{'prob_threshold': 0.3, 'kelly_multiplier': 0.6, 'kelly_cap': 0.2, 'profit_threshold': 0.06, 'hard_stop_loss': 0.03, 'max_quantile_spread': 0.1, 'max_iv': 55.0, 'max_concurrent_trades': 5}",0.0,0.0,0.0,0.0,0.0,0,0.0,ok
confluence_sniper,"{'prob_threshold': 0.3, 'kelly_multiplier': 0.6, 'kelly_cap': 0.2, 'profit_threshold': 0.06, 'hard_stop_loss': 0.025, 'max_quantile_spread': 0.15, 'max_iv': 70.0, 'max_concurrent_trades': 10}",0.6055,1.211,0.1937,0.0,100.0,2,0.0,ok
confluence_sniper,"{'prob_threshold': 0.3, 'kelly_multiplier': 0.6, 'kelly_cap': 0.2, 'profit_threshold': 0.06, 'hard_stop_loss': 0.03, 'max_quantile_spread': 0.1, 'max_iv': 55.0, 'max_concurrent_trades': 10}",0.0,0.0,0.0,0.0,0.0,0,0.0,ok
confluence_sniper,"{'prob_threshold': 0.3, 'kelly_multiplier': 0.6, 'kelly_cap': 0.2, 'profit_threshold': 0.06, 'hard_stop_loss': 0.03, 'max_quantile_spread': 0.1, 'max_iv': 70.0, 'max_concurrent_trades': 5}",0.0,0.0,0.0,0.0,0.0,0,0.0,ok
standard,"{'prob_threshold': 0.3, 'kelly_multiplier': 0.4, 'kelly_cap': 0.3, 'profit_threshold': 0.07, 'hard_stop_loss': 0.035, 'max_concurrent_trades': 5}",0.7114,0.2111,1.2286,0.2329,52.94,17,3.2721,ok
confluence_sniper,"{'prob_threshold': 0.3, 'kelly_multiplier': 0.6, 'kelly_cap': 0.2, 'profit_threshold': 0.06, 'hard_stop_loss': 0.03, 'max_quantile_spread': 0.1, 'max_iv': 70.0, 'max_concurrent_trades': 10}",0.0,0.0,0.0,0.0,0.0,0,0.0,ok
confluence_sniper,"{'prob_threshold': 0.3, 'kelly_multiplier': 0.6, 'kelly_cap': 0.2, 'profit_threshold': 0.06, 'hard_stop_loss': 0.03, 'max_quantile_spread': 0.15, 'max_iv': 55.0, 'max_concurrent_trades': 5}",0.4437,0.8874,0.0498,0.0,100.0,1,0.0,ok
confluence_sniper,"{'prob_threshold': 0.3, 'kelly_multiplier': 0.6, 'kelly_cap': 0.2, 'profit_threshold': 0.06, 'hard_stop_loss': 0.03, 'max_quantile_spread': 0.15, 'max_iv': 55.0, 'max_concurrent_trades': 10}",0.4437,0.8874,0.0498,0.0,100.0,1,0.0,ok
confluence_sniper,"{'prob_threshold': 0.3, 'kelly_multiplier': 0.6, 'kelly_cap': 0.2, 'profit_threshold': 0.06, 'hard_stop_loss': 0.03, 'max_quantile_spread': 0.15, 'max_iv': 70.0, 'max_concurrent_trades': 5}",0.4437,0.8874,0.0498,0.0,100.0,1,0.0,ok
confluence_sniper,"{'prob_threshold': 0.3, 'kelly_multiplier': 0.6, 'kelly_cap': 0.2, 'profit_threshold': 0.06, 'hard_stop_loss': 0.035, 'max_quantile_spread': 0.1, 'max_iv': 55.0, 'max_concurrent_trades': 5}",0.0,0.0,0.0,0.0,0.0,0,0.0,ok
confluence_sniper,"{'prob_threshold': 0.3, 'kelly_multiplier': 0.6, 'kelly_cap': 0.2, 'profit_threshold': 0.06, 'hard_stop_loss': 0.035, 'max_quantile_spread': 0.1, 'max_iv': 70.0, 'max_concurrent_trades': 5}",0.0,0.0,0.0,0.0,0.0,0,0.0,ok
confluence_sniper,"{'prob_threshold': 0.3, 'kelly_multiplier': 0.6, 'kelly_cap': 0.2, 'profit_threshold': 0.06, 'hard_stop_loss': 0.035, 'max_quantile_spread': 0.1, 'max_iv': 55.0, 'max_concurrent_trades': 10}",0.0,0.0,0.0,0.0,0.0,0,0.0,ok
confluence_sniper,"{'prob_threshold': 0.3, 'kelly_multiplier': 0.6, 'kelly_cap': 0.2, 'profit_threshold': 0.06, 'hard_stop_loss': 0.035, 'max_quantile_spread': 0.15, 'max_iv': 55.0, 'max_concurrent_trades': 5}",0.4437,0.8874,0.0292,0.0,100.0,1,0.0,ok
confluence_sniper,"{'prob_threshold': 0.3, 'kelly_multiplier': 0.6, 'kelly_cap': 0.2, 'profit_threshold': 0.06, 'hard_stop_loss': 0.035, 'max_quantile_spread': 0.1, 'max_iv': 70.0, 'max_concurrent_trades': 10}",0.0,0.0,0.0,0.0,0.0,0,0.0,ok
confluence_sniper,"{'prob_threshold': 0.3, 'kelly_multiplier': 0.6, 'kelly_cap': 0.2, 'profit_threshold': 0.06, 'hard_stop_loss': 0.035, 'max_quantile_spread': 0.15, 'max_iv': 55.0, 'max_concurrent_trades': 10}",0.4437,0.8874,0.0292,0.0,100.0,1,0.0,ok
confluence_sniper,"{'prob_threshold': 0.3, 'kelly_multiplier': 0.6, 'kelly_cap': 0.2, 'profit_threshold': 0.06, 'hard_stop_loss': 0.035, 'max_quantile_spread': 0.15, 'max_iv': 70.0, 'max_concurrent_trades': 5}",0.4437,0.8874,0.0292,0.0,100.0,1,0.0,ok
confluence_sniper,"{'prob_threshold': 0.3, 'kelly_multiplier': 0.6, 'kelly_cap': 0.2, 'profit_threshold': 0.06, 'hard_stop_loss': 0.035, 'max_quantile_spread': 0.15, 'max_iv': 70.0, 'max_concurrent_trades': 10}",0.4437,0.8874,0.0292,0.0,100.0,1,0.0,ok
confluence_sniper,"{'prob_threshold': 0.3, 'kelly_multiplier': 0.6, 'kelly_cap': 0.2, 'profit_threshold': 0.07, 'hard_stop_loss': 0.025, 'max_quantile_spread': 0.1, 'max_iv': 55.0, 'max_concurrent_trades': 5}",0.0,0.0,0.0,0.0,0.0,0,0.0,ok
confluence_sniper,"{'prob_threshold': 0.3, 'kelly_multiplier': 0.6, 'kelly_cap': 0.2, 'profit_threshold': 0.07, 'hard_stop_loss': 0.025, 'max_quantile_spread': 0.1, 'max_iv': 55.0, 'max_concurrent_trades': 10}",0.0,0.0,0.0,0.0,0.0,0,0.0,ok
confluence_sniper,"{'prob_threshold': 0.3, 'kelly_multiplier': 0.6, 'kelly_cap': 0.2, 'profit_threshold': 0.07, 'hard_stop_loss': 0.025, 'max_quantile_spread': 0.1, 'max_iv': 70.0, 'max_concurrent_trades': 10}",0.0,0.0,0.0,0.0,0.0,0,0.0,ok
confluence_sniper,"{'prob_threshold': 0.3, 'kelly_multiplier': 0.6, 'kelly_cap': 0.2, 'profit_threshold': 0.07, 'hard_stop_loss': 0.025, 'max_quantile_spread': 0.1, 'max_iv': 70.0, 'max_concurrent_trades': 5}",0.0,0.0,0.0,0.0,0.0,0,0.0,ok
confluence_sniper,"{'prob_threshold': 0.3, 'kelly_multiplier': 0.6, 'kelly_cap': 0.2, 'profit_threshold': 0.07, 'hard_stop_loss': 0.025, 'max_quantile_spread': 0.15, 'max_iv': 55.0, 'max_concurrent_trades': 10}",0.4437,0.8874,0.036,0.0,100.0,1,0.0,ok
confluence_sniper,"{'prob_threshold': 0.3, 'kelly_multiplier': 0.6, 'kelly_cap': 0.2, 'profit_threshold': 0.07, 'hard_stop_loss': 0.025, 'max_quantile_spread': 0.15, 'max_iv': 55.0, 'max_concurrent_trades': 5}",0.4437,0.8874,0.036,0.0,100.0,1,0.0,ok
confluence_sniper,"{'prob_threshold': 0.3, 'kelly_multiplier': 0.6, 'kelly_cap': 0.2, 'profit_threshold': 0.07, 'hard_stop_loss': 0.025, 'max_quantile_spread': 0.15, 'max_iv': 70.0, 'max_concurrent_trades': 5}",0.4437,0.8874,0.036,0.0,100.0,1,0.0,ok
confluence_sniper,"{'prob_threshold': 0.3, 'kelly_multiplier': 0.6, 'kelly_cap': 0.2, 'profit_threshold': 0.07, 'hard_stop_loss': 0.025, 'max_quantile_spread': 0.15, 'max_iv': 70.0, 'max_concurrent_trades': 10}",0.4437,0.8874,0.036,0.0,100.0,1,0.0,ok
confluence_sniper,"{'prob_threshold': 0.3, 'kelly_multiplier': 0.6, 'kelly_cap': 0.2, 'profit_threshold': 0.07, 'hard_stop_loss': 0.03, 'max_quantile_spread': 0.1, 'max_iv': 55.0, 'max_concurrent_trades': 5}",0.0,0.0,0.0,0.0,0.0,0,0.0,ok
confluence_sniper,"{'prob_threshold': 0.3, 'kelly_multiplier': 0.6, 'kelly_cap': 0.2, 'profit_threshold': 0.07, 'hard_stop_loss': 0.03, 'max_quantile_spread': 0.1, 'max_iv': 55.0, 'max_concurrent_trades': 10}",0.0,0.0,0.0,0.0,0.0,0,0.0,ok
confluence_sniper,"{'prob_threshold': 0.3, 'kelly_multiplier': 0.6, 'kelly_cap': 0.2, 'profit_threshold': 0.07, 'hard_stop_loss': 0.03, 'max_quantile_spread': 0.1, 'max_iv': 70.0, 'max_concurrent_trades': 5}",0.0,0.0,0.0,0.0,0.0,0,0.0,ok
confluence_sniper,"{'prob_threshold': 0.3, 'kelly_multiplier': 0.6, 'kelly_cap': 0.2, 'profit_threshold': 0.06, 'hard_stop_loss': 0.03, 'max_quantile_spread': 0.15, 'max_iv': 70.0, 'max_concurrent_trades': 10}",0.4437,0.8874,0.0498,0.0,100.0,1,0.0,ok
confluence_sniper,"{'prob_threshold': 0.3, 'kelly_multiplier': 0.6, 'kelly_cap': 0.2, 'profit_threshold': 0.07, 'hard_stop_loss': 0.03, 'max_quantile_spread': 0.15, 'max_iv': 55.0, 'max_concurrent_trades': 5}",0.4437,0.8874,0.0158,0.0,100.0,1,0.0,ok
confluence_sniper,"{'prob_threshold': 0.3, 'kelly_multiplier': 0.6, 'kelly_cap': 0.2, 'profit_threshold': 0.07, 'hard_stop_loss': 0.03, 'max_quantile_spread': 0.1, 'max_iv': 70.0, 'max_concurrent_trades': 10}",0.0,0.0,0.0,0.0,0.0,0,0.0,ok
confluence_sniper,"{'prob_threshold': 0.3, 'kelly_multiplier': 0.6, 'kelly_cap': 0.2, 'profit_threshold': 0.07, 'hard_stop_loss': 0.03, 'max_quantile_spread': 0.15, 'max_iv': 70.0, 'max_concurrent_trades': 5}",0.4437,0.8874,0.0158,0.0,100.0,1,0.0,ok
confluence_sniper,"{'prob_threshold': 0.3, 'kelly_multiplier': 0.6, 'kelly_cap': 0.2, 'profit_threshold': 0.07, 'hard_stop_loss': 0.03, 'max_quantile_spread': 0.15, 'max_iv': 55.0, 'max_concurrent_trades': 10}",0.4437,0.8874,0.0158,0.0,100.0,1,0.0,ok
confluence_sniper,"{'prob_threshold': 0.3, 'kelly_multiplier': 0.6, 'kelly_cap': 0.2, 'profit_threshold': 0.07, 'hard_stop_loss': 0.035, 'max_quantile_spread': 0.1, 'max_iv': 55.0, 'max_concurrent_trades': 5}",0.0,0.0,0.0,0.0,0.0,0,0.0,ok
confluence_sniper,"{'prob_threshold': 0.3, 'kelly_multiplier': 0.6, 'kelly_cap': 0.2, 'profit_threshold': 0.07, 'hard_stop_loss': 0.035, 'max_quantile_spread': 0.1, 'max_iv': 55.0, 'max_concurrent_trades': 10}",0.0,0.0,0.0,0.0,0.0,0,0.0,ok
confluence_sniper,"{'prob_threshold': 0.3, 'kelly_multiplier': 0.6, 'kelly_cap': 0.2, 'profit_threshold': 0.07, 'hard_stop_loss': 0.035, 'max_quantile_spread': 0.1, 'max_iv': 70.0, 'max_concurrent_trades': 5}",0.0,0.0,0.0,0.0,0.0,0,0.0,ok
confluence_sniper,"{'prob_threshold': 0.3, 'kelly_multiplier': 0.6, 'kelly_cap': 0.2, 'profit_threshold': 0.07, 'hard_stop_loss': 0.035, 'max_quantile_spread': 0.1, 'max_iv': 70.0, 'max_concurrent_trades': 10}",0.0,0.0,0.0,0.0,0.0,0,0.0,ok
confluence_sniper,"{'prob_threshold': 0.3, 'kelly_multiplier': 0.6, 'kelly_cap': 0.2, 'profit_threshold': 0.07, 'hard_stop_loss': 0.035, 'max_quantile_spread': 0.15, 'max_iv': 55.0, 'max_concurrent_trades': 5}",0.0,0.0,0.0,0.0,0.0,0,0.0,ok
confluence_sniper,"{'prob_threshold': 0.3, 'kelly_multiplier': 0.6, 'kelly_cap': 0.2, 'profit_threshold': 0.07, 'hard_stop_loss': 0.035, 'max_quantile_spread': 0.15, 'max_iv': 70.0, 'max_concurrent_trades': 5}",0.0,0.0,0.0,0.0,0.0,0,0.0,ok
confluence_sniper,"{'prob_threshold': 0.3, 'kelly_multiplier': 0.6, 'kelly_cap': 0.2, 'profit_threshold': 0.07, 'hard_stop_loss': 0.035, 'max_quantile_spread': 0.15, 'max_iv': 55.0, 'max_concurrent_trades': 10}",0.0,0.0,0.0,0.0,0.0,0,0.0,ok
confluence_sniper,"{'prob_threshold': 0.3, 'kelly_multiplier': 0.6, 'kelly_cap': 0.3, 'profit_threshold': 0.05, 'hard_stop_loss': 0.025, 'max_quantile_spread': 0.1, 'max_iv': 55.0, 'max_concurrent_trades': 5}",0.0,0.0,0.0,0.0,0.0,0,0.0,ok
confluence_sniper,"{'prob_threshold': 0.3, 'kelly_multiplier': 0.6, 'kelly_cap': 0.2, 'profit_threshold': 0.07, 'hard_stop_loss': 0.035, 'max_quantile_spread': 0.15, 'max_iv': 70.0, 'max_concurrent_trades': 10}",0.0,0.0,0.0,0.0,0.0,0,0.0,ok
confluence_sniper,"{'prob_threshold': 0.3, 'kelly_multiplier': 0.6, 'kelly_cap': 0.3, 'profit_threshold': 0.05, 'hard_stop_loss': 0.025, 'max_quantile_spread': 0.1, 'max_iv': 55.0, 'max_concurrent_trades': 10}",0.0,0.0,0.0,0.0,0.0,0,0.0,ok
confluence_sniper,"{'prob_threshold': 0.3, 'kelly_multiplier': 0.6, 'kelly_cap': 0.3, 'profit_threshold': 0.05, 'hard_stop_loss': 0.025, 'max_quantile_spread': 0.1, 'max_iv': 70.0, 'max_concurrent_trades': 5}",0.0,0.0,0.0,0.0,0.0,0,0.0,ok
confluence_sniper,"{'prob_threshold': 0.3, 'kelly_multiplier': 0.6, 'kelly_cap': 0.3, 'profit_threshold': 0.05, 'hard_stop_loss': 0.025, 'max_quantile_spread': 0.1, 'max_iv': 70.0, 'max_concurrent_trades': 10}",0.0,0.0,0.0,0.0,0.0,0,0.0,ok
confluence_sniper,"{'prob_threshold': 0.3, 'kelly_multiplier': 0.6, 'kelly_cap': 0.3, 'profit_threshold': 0.05, 'hard_stop_loss': 0.025, 'max_quantile_spread': 0.15, 'max_iv': 55.0, 'max_concurrent_trades': 5}",0.4437,0.8874,0.104,0.0,100.0,1,0.0,ok
standard,"{'prob_threshold': 0.3, 'kelly_multiplier': 0.4, 'kelly_cap': 0.3, 'profit_threshold': 0.07, 'hard_stop_loss': 0.03, 'max_concurrent_trades': 5}",0.3888,0.0991,0.9105,0.5691,46.15,39,1.4681,ok
confluence_sniper,"{'prob_threshold': 0.3, 'kelly_multiplier': 0.6, 'kelly_cap': 0.3, 'profit_threshold': 0.05, 'hard_stop_loss': 0.025, 'max_quantile_spread': 0.15, 'max_iv': 55.0, 'max_concurrent_trades': 10}",0.4437,0.8874,0.104,0.0,100.0,1,0.0,ok
confluence_sniper,"{'prob_threshold': 0.3, 'kelly_multiplier': 0.6, 'kelly_cap': 0.3, 'profit_threshold': 0.05, 'hard_stop_loss': 0.025, 'max_quantile_spread': 0.15, 'max_iv': 70.0, 'max_concurrent_trades': 10}",-0.1312,-0.0042,-0.241,0.7089,66.67,3,0.66,ok
confluence_sniper,"{'prob_threshold': 0.3, 'kelly_multiplier': 0.6, 'kelly_cap': 0.3, 'profit_threshold': 0.05, 'hard_stop_loss': 0.025, 'max_quantile_spread': 0.15, 'max_iv': 70.0, 'max_concurrent_trades': 5}",-0.1312,-0.0042,-0.241,0.7089,66.67,3,0.66,ok
confluence_sniper,"{'prob_threshold': 0.3, 'kelly_multiplier': 0.6, 'kelly_cap': 0.3, 'profit_threshold': 0.05, 'hard_stop_loss': 0.03, 'max_quantile_spread': 0.1, 'max_iv': 70.0, 'max_concurrent_trades': 5}",0.0,0.0,0.0,0.0,0.0,0,0.0,ok
confluence_sniper,"{'prob_threshold': 0.3, 'kelly_multiplier': 0.6, 'kelly_cap': 0.3, 'profit_threshold': 0.05, 'hard_stop_loss': 0.03, 'max_quantile_spread': 0.1, 'max_iv': 55.0, 'max_concurrent_trades': 5}",0.0,0.0,0.0,0.0,0.0,0,0.0,ok
confluence_sniper,"{'prob_threshold': 0.3, 'kelly_multiplier': 0.6, 'kelly_cap': 0.3, 'profit_threshold': 0.05, 'hard_stop_loss': 0.03, 'max_quantile_spread': 0.1, 'max_iv': 70.0, 'max_concurrent_trades': 10}",0.0,0.0,0.0,0.0,0.0,0,0.0,ok
confluence_sniper,"{'prob_threshold': 0.3, 'kelly_multiplier': 0.6, 'kelly_cap': 0.3, 'profit_threshold': 0.05, 'hard_stop_loss': 0.03, 'max_quantile_spread': 0.15, 'max_iv': 55.0, 'max_concurrent_trades': 5}",0.4437,0.8874,0.083,0.0,100.0,1,0.0,ok
confluence_sniper,"{'prob_threshold': 0.3, 'kelly_multiplier': 0.6, 'kelly_cap': 0.3, 'profit_threshold': 0.05, 'hard_stop_loss': 0.03, 'max_quantile_spread': 0.15, 'max_iv': 55.0, 'max_concurrent_trades': 10}",0.4437,0.8874,0.083,0.0,100.0,1,0.0,ok
confluence_sniper,"{'prob_threshold': 0.3, 'kelly_multiplier': 0.6, 'kelly_cap': 0.3, 'profit_threshold': 0.05, 'hard_stop_loss': 0.03, 'max_quantile_spread': 0.15, 'max_iv': 70.0, 'max_concurrent_trades': 5}",-0.1811,-0.0055,-0.288,0.6402,66.67,3,0.5502,ok
confluence_sniper,"{'prob_threshold': 0.3, 'kelly_multiplier': 0.6, 'kelly_cap': 0.3, 'profit_threshold': 0.05, 'hard_stop_loss': 0.03, 'max_quantile_spread': 0.15, 'max_iv': 70.0, 'max_concurrent_trades': 10}",-0.1811,-0.0055,-0.288,0.6402,66.67,3,0.5502,ok
confluence_sniper,"{'prob_threshold': 0.3, 'kelly_multiplier': 0.6, 'kelly_cap': 0.3, 'profit_threshold': 0.05, 'hard_stop_loss': 0.035, 'max_quantile_spread': 0.1, 'max_iv': 55.0, 'max_concurrent_trades': 5}",0.0,0.0,0.0,0.0,0.0,0,0.0,ok
confluence_sniper,"{'prob_threshold': 0.3, 'kelly_multiplier': 0.6, 'kelly_cap': 0.3, 'profit_threshold': 0.05, 'hard_stop_loss': 0.035, 'max_quantile_spread': 0.1, 'max_iv': 55.0, 'max_concurrent_trades': 10}",0.0,0.0,0.0,0.0,0.0,0,0.0,ok
confluence_sniper,"{'prob_threshold': 0.3, 'kelly_multiplier': 0.6, 'kelly_cap': 0.2, 'profit_threshold': 0.07, 'hard_stop_loss': 0.03, 'max_quantile_spread': 0.15, 'max_iv': 70.0, 'max_concurrent_trades': 10}",0.4437,0.8874,0.0158,0.0,100.0,1,0.0,ok
confluence_sniper,"{'prob_threshold': 0.3, 'kelly_multiplier': 0.6, 'kelly_cap': 0.3, 'profit_threshold': 0.05, 'hard_stop_loss': 0.035, 'max_quantile_spread': 0.1, 'max_iv': 70.0, 'max_concurrent_trades': 10}",0.0,0.0,0.0,0.0,0.0,0,0.0,ok
confluence_sniper,"{'prob_threshold': 0.3, 'kelly_multiplier': 0.6, 'kelly_cap': 0.3, 'profit_threshold': 0.05, 'hard_stop_loss': 0.035, 'max_quantile_spread': 0.1, 'max_iv': 70.0, 'max_concurrent_trades': 5}",0.0,0.0,0.0,0.0,0.0,0,0.0,ok
confluence_sniper,"{'prob_threshold': 0.3, 'kelly_multiplier': 0.6, 'kelly_cap': 0.3, 'profit_threshold': 0.05, 'hard_stop_loss': 0.035, 'max_quantile_spread': 0.15, 'max_iv': 55.0, 'max_concurrent_trades': 10}",0.4437,0.8874,0.0619,0.0,100.0,1,0.0,ok
confluence_sniper,"{'prob_threshold': 0.3, 'kelly_multiplier': 0.6, 'kelly_cap': 0.3, 'profit_threshold': 0.05, 'hard_stop_loss': 0.035, 'max_quantile_spread': 0.15, 'max_iv': 55.0, 'max_concurrent_trades': 5}",0.4437,0.8874,0.0619,0.0,100.0,1,0.0,ok
confluence_sniper,"{'prob_threshold': 0.3, 'kelly_multiplier': 0.6, 'kelly_cap': 0.3, 'profit_threshold': 0.05, 'hard_stop_loss': 0.035, 'max_quantile_spread': 0.15, 'max_iv': 70.0, 'max_concurrent_trades': 10}",-0.2356,-0.007,-0.3055,0.542,66.67,3,0.4363,ok
standard,"{'prob_threshold': 0.3, 'kelly_multiplier': 0.4, 'kelly_cap': 0.3, 'profit_threshold': 0.07, 'hard_stop_loss': 0.03, 'max_concurrent_trades': 10}",0.5737,0.1642,1.523,0.6245,50.0,50,1.678,ok
confluence_sniper,"{'prob_threshold': 0.3, 'kelly_multiplier': 0.6, 'kelly_cap': 0.3, 'profit_threshold': 0.06, 'hard_stop_loss': 0.025, 'max_quantile_spread': 0.1, 'max_iv': 55.0, 'max_concurrent_trades': 5}",0.0,0.0,0.0,0.0,0.0,0,0.0,ok
confluence_sniper,"{'prob_threshold': 0.3, 'kelly_multiplier': 0.6, 'kelly_cap': 0.3, 'profit_threshold': 0.06, 'hard_stop_loss': 0.025, 'max_quantile_spread': 0.1, 'max_iv': 55.0, 'max_concurrent_trades': 10}",0.0,0.0,0.0,0.0,0.0,0,0.0,ok
confluence_sniper,"{'prob_threshold': 0.3, 'kelly_multiplier': 0.6, 'kelly_cap': 0.3, 'profit_threshold': 0.06, 'hard_stop_loss': 0.025, 'max_quantile_spread': 0.1, 'max_iv': 70.0, 'max_concurrent_trades': 5}",0.0,0.0,0.0,0.0,0.0,0,0.0,ok
confluence_sniper,"{'prob_threshold': 0.3, 'kelly_multiplier': 0.6, 'kelly_cap': 0.3, 'profit_threshold': 0.06, 'hard_stop_loss': 0.025, 'max_quantile_spread': 0.1, 'max_iv': 70.0, 'max_concurrent_trades': 10}",0.0,0.0,0.0,0.0,0.0,0,0.0,ok
confluence_sniper,"{'prob_threshold': 0.3, 'kelly_multiplier': 0.6, 'kelly_cap': 0.3, 'profit_threshold': 0.06, 'hard_stop_loss': 0.025, 'max_quantile_spread': 0.15, 'max_iv': 70.0, 'max_concurrent_trades': 5}",0.6055,1.211,0.1937,0.0,100.0,2,0.0,ok
confluence_sniper,"{'prob_threshold': 0.3, 'kelly_multiplier': 0.6, 'kelly_cap': 0.3, 'profit_threshold': 0.06, 'hard_stop_loss': 0.025, 'max_quantile_spread': 0.15, 'max_iv': 55.0, 'max_concurrent_trades': 10}",0.4437,0.8874,0.0704,0.0,100.0,1,0.0,ok
confluence_sniper,"{'prob_threshold': 0.3, 'kelly_multiplier': 0.6, 'kelly_cap': 0.3, 'profit_threshold': 0.06, 'hard_stop_loss': 0.03, 'max_quantile_spread': 0.1, 'max_iv': 55.0, 'max_concurrent_trades': 5}",0.0,0.0,0.0,0.0,0.0,0,0.0,ok
confluence_sniper,"{'prob_threshold': 0.3, 'kelly_multiplier': 0.6, 'kelly_cap': 0.3, 'profit_threshold': 0.05, 'hard_stop_loss': 0.03, 'max_quantile_spread': 0.1, 'max_iv': 55.0, 'max_concurrent_trades': 10}",0.0,0.0,0.0,0.0,0.0,0,0.0,ok
confluence_sniper,"{'prob_threshold': 0.3, 'kelly_multiplier': 0.6, 'kelly_cap': 0.3, 'profit_threshold': 0.06, 'hard_stop_loss': 0.025, 'max_quantile_spread': 0.15, 'max_iv': 70.0, 'max_concurrent_trades': 10}",0.6055,1.211,0.1937,0.0,100.0,2,0.0,ok
confluence_sniper,"{'prob_threshold': 0.3, 'kelly_multiplier': 0.6, 'kelly_cap': 0.3, 'profit_threshold': 0.06, 'hard_stop_loss': 0.03, 'max_quantile_spread': 0.1, 'max_iv': 55.0, 'max_concurrent_trades': 10}",0.0,0.0,0.0,0.0,0.0,0,0.0,ok
confluence_sniper,"{'prob_threshold': 0.3, 'kelly_multiplier': 0.6, 'kelly_cap': 0.3, 'profit_threshold': 0.06, 'hard_stop_loss': 0.03, 'max_quantile_spread': 0.1, 'max_iv': 70.0, 'max_concurrent_trades': 5}",0.0,0.0,0.0,0.0,0.0,0,0.0,ok
confluence_sniper,"{'prob_threshold': 0.3, 'kelly_multiplier': 0.6, 'kelly_cap': 0.3, 'profit_threshold': 0.06, 'hard_stop_loss': 0.03, 'max_quantile_spread': 0.1, 'max_iv': 70.0, 'max_concurrent_trades': 10}",0.0,0.0,0.0,0.0,0.0,0,0.0,ok
confluence_sniper,"{'prob_threshold': 0.3, 'kelly_multiplier': 0.6, 'kelly_cap': 0.3, 'profit_threshold': 0.06, 'hard_stop_loss': 0.03, 'max_quantile_spread': 0.15, 'max_iv': 55.0, 'max_concurrent_trades': 10}",0.4437,0.8874,0.0498,0.0,100.0,1,0.0,ok
confluence_sniper,"{'prob_threshold': 0.3, 'kelly_multiplier': 0.6, 'kelly_cap': 0.3, 'profit_threshold': 0.06, 'hard_stop_loss': 0.03, 'max_quantile_spread': 0.15, 'max_iv': 70.0, 'max_concurrent_trades': 5}",0.4437,0.8874,0.0498,0.0,100.0,1,0.0,ok
confluence_sniper,"{'prob_threshold': 0.3, 'kelly_multiplier': 0.6, 'kelly_cap': 0.3, 'profit_threshold': 0.06, 'hard_stop_loss': 0.035, 'max_quantile_spread': 0.1, 'max_iv': 55.0, 'max_concurrent_trades': 5}",0.0,0.0,0.0,0.0,0.0,0,0.0,ok
confluence_sniper,"{'prob_threshold': 0.3, 'kelly_multiplier': 0.6, 'kelly_cap': 0.3, 'profit_threshold': 0.06, 'hard_stop_loss': 0.03, 'max_quantile_spread': 0.15, 'max_iv': 70.0, 'max_concurrent_trades': 10}",0.4437,0.8874,0.0498,0.0,100.0,1,0.0,ok
confluence_sniper,"{'prob_threshold': 0.3, 'kelly_multiplier': 0.6, 'kelly_cap': 0.3, 'profit_threshold': 0.06, 'hard_stop_loss': 0.035, 'max_quantile_spread': 0.1, 'max_iv': 70.0, 'max_concurrent_trades': 5}",0.0,0.0,0.0,0.0,0.0,0,0.0,ok
confluence_sniper,"{'prob_threshold': 0.3, 'kelly_multiplier': 0.6, 'kelly_cap': 0.3, 'profit_threshold': 0.06, 'hard_stop_loss': 0.035, 'max_quantile_spread': 0.1, 'max_iv': 55.0, 'max_concurrent_trades': 10}",0.0,0.0,0.0,0.0,0.0,0,0.0,ok
confluence_sniper,"{'prob_threshold': 0.3, 'kelly_multiplier': 0.6, 'kelly_cap': 0.3, 'profit_threshold': 0.06, 'hard_stop_loss': 0.035, 'max_quantile_spread': 0.1, 'max_iv': 70.0, 'max_concurrent_trades': 10}",0.0,0.0,0.0,0.0,0.0,0,0.0,ok
confluence_sniper,"{'prob_threshold': 0.3, 'kelly_multiplier': 0.6, 'kelly_cap': 0.3, 'profit_threshold': 0.06, 'hard_stop_loss': 0.035, 'max_quantile_spread': 0.15, 'max_iv': 55.0, 'max_concurrent_trades': 5}",0.4437,0.8874,0.0292,0.0,100.0,1,0.0,ok
confluence_sniper,"{'prob_threshold': 0.3, 'kelly_multiplier': 0.6, 'kelly_cap': 0.3, 'profit_threshold': 0.06, 'hard_stop_loss': 0.035, 'max_quantile_spread': 0.15, 'max_iv': 55.0, 'max_concurrent_trades': 10}",0.4437,0.8874,0.0292,0.0,100.0,1,0.0,ok
confluence_sniper,"{'prob_threshold': 0.3, 'kelly_multiplier': 0.6, 'kelly_cap': 0.3, 'profit_threshold': 0.06, 'hard_stop_loss': 0.035, 'max_quantile_spread': 0.15, 'max_iv': 70.0, 'max_concurrent_trades': 5}",0.4437,0.8874,0.0292,0.0,100.0,1,0.0,ok
confluence_sniper,"{'prob_threshold': 0.3, 'kelly_multiplier': 0.6, 'kelly_cap': 0.3, 'profit_threshold': 0.06, 'hard_stop_loss': 0.035, 'max_quantile_spread': 0.15, 'max_iv': 70.0, 'max_concurrent_trades': 10}",0.4437,0.8874,0.0292,0.0,100.0,1,0.0,ok
confluence_sniper,"{'prob_threshold': 0.3, 'kelly_multiplier': 0.6, 'kelly_cap': 0.3, 'profit_threshold': 0.07, 'hard_stop_loss': 0.025, 'max_quantile_spread': 0.1, 'max_iv': 55.0, 'max_concurrent_trades': 5}",0.0,0.0,0.0,0.0,0.0,0,0.0,ok
confluence_sniper,"{'prob_threshold': 0.3, 'kelly_multiplier': 0.6, 'kelly_cap': 0.3, 'profit_threshold': 0.07, 'hard_stop_loss': 0.025, 'max_quantile_spread': 0.1, 'max_iv': 55.0, 'max_concurrent_trades': 10}",0.0,0.0,0.0,0.0,0.0,0,0.0,ok
confluence_sniper,"{'prob_threshold': 0.3, 'kelly_multiplier': 0.6, 'kelly_cap': 0.3, 'profit_threshold': 0.05, 'hard_stop_loss': 0.035, 'max_quantile_spread': 0.15, 'max_iv': 70.0, 'max_concurrent_trades': 5}",-0.2356,-0.007,-0.3055,0.542,66.67,3,0.4363,ok
confluence_sniper,"{'prob_threshold': 0.3, 'kelly_multiplier': 0.6, 'kelly_cap': 0.3, 'profit_threshold': 0.07, 'hard_stop_loss': 0.025, 'max_quantile_spread': 0.1, 'max_iv': 70.0, 'max_concurrent_trades': 10}",0.0,0.0,0.0,0.0,0.0,0,0.0,ok
confluence_sniper,"{'prob_threshold': 0.3, 'kelly_multiplier': 0.6, 'kelly_cap': 0.3, 'profit_threshold': 0.07, 'hard_stop_loss': 0.025, 'max_quantile_spread': 0.1, 'max_iv': 70.0, 'max_concurrent_trades': 5}",0.0,0.0,0.0,0.0,0.0,0,0.0,ok
confluence_sniper,"{'prob_threshold': 0.3, 'kelly_multiplier': 0.6, 'kelly_cap': 0.3, 'profit_threshold': 0.07, 'hard_stop_loss': 0.025, 'max_quantile_spread': 0.15, 'max_iv': 55.0, 'max_concurrent_trades': 10}",0.4437,0.8874,0.036,0.0,100.0,1,0.0,ok
confluence_sniper,"{'prob_threshold': 0.3, 'kelly_multiplier': 0.6, 'kelly_cap': 0.3, 'profit_threshold': 0.07, 'hard_stop_loss': 0.025, 'max_quantile_spread': 0.15, 'max_iv': 70.0, 'max_concurrent_trades': 5}",0.4437,0.8874,0.036,0.0,100.0,1,0.0,ok
confluence_sniper,"{'prob_threshold': 0.3, 'kelly_multiplier': 0.6, 'kelly_cap': 0.3, 'profit_threshold': 0.07, 'hard_stop_loss': 0.025, 'max_quantile_spread': 0.15, 'max_iv': 55.0, 'max_concurrent_trades': 5}",0.4437,0.8874,0.036,0.0,100.0,1,0.0,ok
confluence_sniper,"{'prob_threshold': 0.3, 'kelly_multiplier': 0.6, 'kelly_cap': 0.3, 'profit_threshold': 0.07, 'hard_stop_loss': 0.025, 'max_quantile_spread': 0.15, 'max_iv': 70.0, 'max_concurrent_trades': 10}",0.4437,0.8874,0.036,0.0,100.0,1,0.0,ok
confluence_sniper,"{'prob_threshold': 0.3, 'kelly_multiplier': 0.6, 'kelly_cap': 0.3, 'profit_threshold': 0.07, 'hard_stop_loss': 0.03, 'max_quantile_spread': 0.1, 'max_iv': 55.0, 'max_concurrent_trades': 5}",0.0,0.0,0.0,0.0,0.0,0,0.0,ok
confluence_sniper,"{'prob_threshold': 0.3, 'kelly_multiplier': 0.6, 'kelly_cap': 0.3, 'profit_threshold': 0.07, 'hard_stop_loss': 0.03, 'max_quantile_spread': 0.1, 'max_iv': 55.0, 'max_concurrent_trades': 10}",0.0,0.0,0.0,0.0,0.0,0,0.0,ok
confluence_sniper,"{'prob_threshold': 0.3, 'kelly_multiplier': 0.6, 'kelly_cap': 0.3, 'profit_threshold': 0.07, 'hard_stop_loss': 0.03, 'max_quantile_spread': 0.1, 'max_iv': 70.0, 'max_concurrent_trades': 5}",0.0,0.0,0.0,0.0,0.0,0,0.0,ok
confluence_sniper,"{'prob_threshold': 0.3, 'kelly_multiplier': 0.6, 'kelly_cap': 0.3, 'profit_threshold': 0.07, 'hard_stop_loss': 0.03, 'max_quantile_spread': 0.1, 'max_iv': 70.0, 'max_concurrent_trades': 10}",0.0,0.0,0.0,0.0,0.0,0,0.0,ok
confluence_sniper,"{'prob_threshold': 0.3, 'kelly_multiplier': 0.6, 'kelly_cap': 0.3, 'profit_threshold': 0.07, 'hard_stop_loss': 0.03, 'max_quantile_spread': 0.15, 'max_iv': 55.0, 'max_concurrent_trades': 5}",0.4437,0.8874,0.0158,0.0,100.0,1,0.0,ok
confluence_sniper,"{'prob_threshold': 0.3, 'kelly_multiplier': 0.6, 'kelly_cap': 0.3, 'profit_threshold': 0.06, 'hard_stop_loss': 0.025, 'max_quantile_spread': 0.15, 'max_iv': 55.0, 'max_concurrent_trades': 5}",0.4437,0.8874,0.0704,0.0,100.0,1,0.0,ok
confluence_sniper,"{'prob_threshold': 0.3, 'kelly_multiplier': 0.6, 'kelly_cap': 0.3, 'profit_threshold': 0.07, 'hard_stop_loss': 0.03, 'max_quantile_spread': 0.15, 'max_iv': 70.0, 'max_concurrent_trades': 5}",0.4437,0.8874,0.0158,0.0,100.0,1,0.0,ok
confluence_sniper,"{'prob_threshold': 0.3, 'kelly_multiplier': 0.6, 'kelly_cap': 0.3, 'profit_threshold': 0.06, 'hard_stop_loss': 0.03, 'max_quantile_spread': 0.15, 'max_iv': 55.0, 'max_concurrent_trades': 5}",0.4437,0.8874,0.0498,0.0,100.0,1,0.0,ok
confluence_sniper,"{'prob_threshold': 0.3, 'kelly_multiplier': 0.6, 'kelly_cap': 0.3, 'profit_threshold': 0.07, 'hard_stop_loss': 0.03, 'max_quantile_spread': 0.15, 'max_iv': 55.0, 'max_concurrent_trades': 10}",0.4437,0.8874,0.0158,0.0,100.0,1,0.0,ok
confluence_sniper,"{'prob_threshold': 0.3, 'kelly_multiplier': 0.6, 'kelly_cap': 0.3, 'profit_threshold': 0.07, 'hard_stop_loss': 0.03, 'max_quantile_spread': 0.15, 'max_iv': 70.0, 'max_concurrent_trades': 10}",0.4437,0.8874,0.0158,0.0,100.0,1,0.0,ok
confluence_sniper,"{'prob_threshold': 0.3, 'kelly_multiplier': 0.6, 'kelly_cap': 0.3, 'profit_threshold': 0.07, 'hard_stop_loss': 0.035, 'max_quantile_spread': 0.1, 'max_iv': 55.0, 'max_concurrent_trades': 10}",0.0,0.0,0.0,0.0,0.0,0,0.0,ok
confluence_sniper,"{'prob_threshold': 0.3, 'kelly_multiplier': 0.6, 'kelly_cap': 0.3, 'profit_threshold': 0.07, 'hard_stop_loss': 0.035, 'max_quantile_spread': 0.1, 'max_iv': 55.0, 'max_concurrent_trades': 5}",0.0,0.0,0.0,0.0,0.0,0,0.0,ok
confluence_sniper,"{'prob_threshold': 0.3, 'kelly_multiplier': 0.6, 'kelly_cap': 0.3, 'profit_threshold': 0.07, 'hard_stop_loss': 0.035, 'max_quantile_spread': 0.1, 'max_iv': 70.0, 'max_concurrent_trades': 10}",0.0,0.0,0.0,0.0,0.0,0,0.0,ok
confluence_sniper,"{'prob_threshold': 0.3, 'kelly_multiplier': 0.6, 'kelly_cap': 0.3, 'profit_threshold': 0.07, 'hard_stop_loss': 0.035, 'max_quantile_spread': 0.15, 'max_iv': 70.0, 'max_concurrent_trades': 5}",0.0,0.0,0.0,0.0,0.0,0,0.0,ok
confluence_sniper,"{'prob_threshold': 0.3, 'kelly_multiplier': 0.6, 'kelly_cap': 0.3, 'profit_threshold': 0.07, 'hard_stop_loss': 0.035, 'max_quantile_spread': 0.15, 'max_iv': 55.0, 'max_concurrent_trades': 10}",0.0,0.0,0.0,0.0,0.0,0,0.0,ok
confluence_sniper,"{'prob_threshold': 0.3, 'kelly_multiplier': 0.6, 'kelly_cap': 0.3, 'profit_threshold': 0.07, 'hard_stop_loss': 0.035, 'max_quantile_spread': 0.15, 'max_iv': 70.0, 'max_concurrent_trades': 10}",0.0,0.0,0.0,0.0,0.0,0,0.0,ok
confluence_sniper,"{'prob_threshold': 0.3, 'kelly_multiplier': 0.8, 'kelly_cap': 0.2, 'profit_threshold': 0.05, 'hard_stop_loss': 0.025, 'max_quantile_spread': 0.1, 'max_iv': 55.0, 'max_concurrent_trades': 5}",0.0,0.0,0.0,0.0,0.0,0,0.0,ok
confluence_sniper,"{'prob_threshold': 0.3, 'kelly_multiplier': 0.8, 'kelly_cap': 0.2, 'profit_threshold': 0.05, 'hard_stop_loss': 0.025, 'max_quantile_spread': 0.1, 'max_iv': 55.0, 'max_concurrent_trades': 10}",0.0,0.0,0.0,0.0,0.0,0,0.0,ok
confluence_sniper,"{'prob_threshold': 0.3, 'kelly_multiplier': 0.8, 'kelly_cap': 0.2, 'profit_threshold': 0.05, 'hard_stop_loss': 0.025, 'max_quantile_spread': 0.1, 'max_iv': 70.0, 'max_concurrent_trades': 5}",0.0,0.0,0.0,0.0,0.0,0,0.0,ok
confluence_sniper,"{'prob_threshold': 0.3, 'kelly_multiplier': 0.8, 'kelly_cap': 0.2, 'profit_threshold': 0.05, 'hard_stop_loss': 0.025, 'max_quantile_spread': 0.15, 'max_iv': 55.0, 'max_concurrent_trades': 5}",0.4437,0.8874,0.112,0.0,100.0,1,0.0,ok
confluence_sniper,"{'prob_threshold': 0.3, 'kelly_multiplier': 0.8, 'kelly_cap': 0.2, 'profit_threshold': 0.05, 'hard_stop_loss': 0.025, 'max_quantile_spread': 0.1, 'max_iv': 70.0, 'max_concurrent_trades': 10}",0.0,0.0,0.0,0.0,0.0,0,0.0,ok
confluence_sniper,"{'prob_threshold': 0.3, 'kelly_multiplier': 0.8, 'kelly_cap': 0.2, 'profit_threshold': 0.05, 'hard_stop_loss': 0.025, 'max_quantile_spread': 0.15, 'max_iv': 70.0, 'max_concurrent_trades': 5}",-0.0651,-0.0022,-0.1317,0.72,66.67,3,0.817,ok
confluence_sniper,"{'prob_threshold': 0.3, 'kelly_multiplier': 0.8, 'kelly_cap': 0.2, 'profit_threshold': 0.05, 'hard_stop_loss': 0.025, 'max_quantile_spread': 0.15, 'max_iv': 70.0, 'max_concurrent_trades': 10}",-0.0651,-0.0022,-0.1317,0.72,66.67,3,0.817,ok
confluence_sniper,"{'prob_threshold': 0.3, 'kelly_multiplier': 0.8, 'kelly_cap': 0.2, 'profit_threshold': 0.05, 'hard_stop_loss': 0.025, 'max_quantile_spread': 0.15, 'max_iv': 55.0, 'max_concurrent_trades': 10}",0.4437,0.8874,0.112,0.0,100.0,1,0.0,ok
confluence_sniper,"{'prob_threshold': 0.3, 'kelly_multiplier': 0.8, 'kelly_cap': 0.2, 'profit_threshold': 0.05, 'hard_stop_loss': 0.03, 'max_quantile_spread': 0.1, 'max_iv': 55.0, 'max_concurrent_trades': 5}",0.0,0.0,0.0,0.0,0.0,0,0.0,ok
confluence_sniper,"{'prob_threshold': 0.3, 'kelly_multiplier': 0.8, 'kelly_cap': 0.2, 'profit_threshold': 0.05, 'hard_stop_loss': 0.03, 'max_quantile_spread': 0.1, 'max_iv': 55.0, 'max_concurrent_trades': 10}",0.0,0.0,0.0,0.0,0.0,0,0.0,ok
confluence_sniper,"{'prob_threshold': 0.3, 'kelly_multiplier': 0.8, 'kelly_cap': 0.2, 'profit_threshold': 0.05, 'hard_stop_loss': 0.03, 'max_quantile_spread': 0.1, 'max_iv': 70.0, 'max_concurrent_trades': 5}",0.0,0.0,0.0,0.0,0.0,0,0.0,ok
confluence_sniper,"{'prob_threshold': 0.3, 'kelly_multiplier': 0.8, 'kelly_cap': 0.2, 'profit_threshold': 0.05, 'hard_stop_loss': 0.03, 'max_quantile_spread': 0.1, 'max_iv': 70.0, 'max_concurrent_trades': 10}",0.0,0.0,0.0,0.0,0.0,0,0.0,ok
confluence_sniper,"{'prob_threshold': 0.3, 'kelly_multiplier': 0.8, 'kelly_cap': 0.2, 'profit_threshold': 0.05, 'hard_stop_loss': 0.03, 'max_quantile_spread': 0.15, 'max_iv': 55.0, 'max_concurrent_trades': 10}",0.4437,0.8874,0.1106,0.0,100.0,1,0.0,ok
confluence_sniper,"{'prob_threshold': 0.3, 'kelly_multiplier': 0.8, 'kelly_cap': 0.2, 'profit_threshold': 0.05, 'hard_stop_loss': 0.03, 'max_quantile_spread': 0.15, 'max_iv': 55.0, 'max_concurrent_trades': 5}",0.4437,0.8874,0.1106,0.0,100.0,1,0.0,ok
confluence_sniper,"{'prob_threshold': 0.3, 'kelly_multiplier': 0.8, 'kelly_cap': 0.2, 'profit_threshold': 0.05, 'hard_stop_loss': 0.03, 'max_quantile_spread': 0.15, 'max_iv': 70.0, 'max_concurrent_trades': 10}",-0.1642,-0.0051,-0.331,0.8,66.67,3,0.5862,ok
confluence_sniper,"{'prob_threshold': 0.3, 'kelly_multiplier': 0.8, 'kelly_cap': 0.2, 'profit_threshold': 0.05, 'hard_stop_loss': 0.03, 'max_quantile_spread': 0.15, 'max_iv': 70.0, 'max_concurrent_trades': 5}",-0.1642,-0.0051,-0.331,0.8,66.67,3,0.5862,ok
confluence_sniper,"{'prob_threshold': 0.3, 'kelly_multiplier': 0.8, 'kelly_cap': 0.2, 'profit_threshold': 0.05, 'hard_stop_loss': 0.035, 'max_quantile_spread': 0.1, 'max_iv': 55.0, 'max_concurrent_trades': 5}",0.0,0.0,0.0,0.0,0.0,0,0.0,ok
confluence_sniper,"{'prob_threshold': 0.3, 'kelly_multiplier': 0.8, 'kelly_cap': 0.2, 'profit_threshold': 0.05, 'hard_stop_loss': 0.035, 'max_quantile_spread': 0.1, 'max_iv': 55.0, 'max_concurrent_trades': 10}",0.0,0.0,0.0,0.0,0.0,0,0.0,ok
confluence_sniper,"{'prob_threshold': 0.3, 'kelly_multiplier': 0.8, 'kelly_cap': 0.2, 'profit_threshold': 0.05, 'hard_stop_loss': 0.035, 'max_quantile_spread': 0.1, 'max_iv': 70.0, 'max_concurrent_trades': 5}",0.0,0.0,0.0,0.0,0.0,0,0.0,ok
confluence_sniper,"{'prob_threshold': 0.3, 'kelly_multiplier': 0.8, 'kelly_cap': 0.2, 'profit_threshold': 0.05, 'hard_stop_loss': 0.035, 'max_quantile_spread': 0.1, 'max_iv': 70.0, 'max_concurrent_trades': 10}",0.0,0.0,0.0,0.0,0.0,0,0.0,ok
confluence_sniper,"{'prob_threshold': 0.3, 'kelly_multiplier': 0.8, 'kelly_cap': 0.2, 'profit_threshold': 0.05, 'hard_stop_loss': 0.035, 'max_quantile_spread': 0.15, 'max_iv': 55.0, 'max_concurrent_trades': 10}",0.4437,0.8874,0.0825,0.0,100.0,1,0.0,ok
confluence_sniper,"{'prob_threshold': 0.3, 'kelly_multiplier': 0.8, 'kelly_cap': 0.2, 'profit_threshold': 0.05, 'hard_stop_loss': 0.035, 'max_quantile_spread': 0.15, 'max_iv': 55.0, 'max_concurrent_trades': 5}",0.4437,0.8874,0.0825,0.0,100.0,1,0.0,ok
confluence_sniper,"{'prob_threshold': 0.3, 'kelly_multiplier': 0.8, 'kelly_cap': 0.2, 'profit_threshold': 0.05, 'hard_stop_loss': 0.035, 'max_quantile_spread': 0.15, 'max_iv': 70.0, 'max_concurrent_trades': 5}",-0.2356,-0.007,-0.4079,0.7227,66.67,3,0.4356,ok
confluence_sniper,"{'prob_threshold': 0.3, 'kelly_multiplier': 0.8, 'kelly_cap': 0.2, 'profit_threshold': 0.05, 'hard_stop_loss': 0.035, 'max_quantile_spread': 0.15, 'max_iv': 70.0, 'max_concurrent_trades': 10}",-0.2356,-0.007,-0.4079,0.7227,66.67,3,0.4356,ok
confluence_sniper,"{'prob_threshold': 0.3, 'kelly_multiplier': 0.8, 'kelly_cap': 0.2, 'profit_threshold': 0.06, 'hard_stop_loss': 0.025, 'max_quantile_spread': 0.1, 'max_iv': 55.0, 'max_concurrent_trades': 5}",0.0,0.0,0.0,0.0,0.0,0,0.0,ok
confluence_sniper,"{'prob_threshold': 0.3, 'kelly_multiplier': 0.8, 'kelly_cap': 0.2, 'profit_threshold': 0.06, 'hard_stop_loss': 0.025, 'max_quantile_spread': 0.1, 'max_iv': 55.0, 'max_concurrent_trades': 10}",0.0,0.0,0.0,0.0,0.0,0,0.0,ok
confluence_sniper,"{'prob_threshold': 0.3, 'kelly_multiplier': 0.8, 'kelly_cap': 0.2, 'profit_threshold': 0.06, 'hard_stop_loss': 0.025, 'max_quantile_spread': 0.1, 'max_iv': 70.0, 'max_concurrent_trades': 10}",0.0,0.0,0.0,0.0,0.0,0,0.0,ok
confluence_sniper,"{'prob_threshold': 0.3, 'kelly_multiplier': 0.8, 'kelly_cap': 0.2, 'profit_threshold': 0.06, 'hard_stop_loss': 0.025, 'max_quantile_spread': 0.1, 'max_iv': 70.0, 'max_concurrent_trades': 5}",0.0,0.0,0.0,0.0,0.0,0,0.0,ok
confluence_sniper,"{'prob_threshold': 0.3, 'kelly_multiplier': 0.8, 'kelly_cap': 0.2, 'profit_threshold': 0.06, 'hard_stop_loss': 0.025, 'max_quantile_spread': 0.15, 'max_iv': 55.0, 'max_concurrent_trades': 10}",0.4437,0.8874,0.0938,0.0,100.0,1,0.0,ok
confluence_sniper,"{'prob_threshold': 0.3, 'kelly_multiplier': 0.8, 'kelly_cap': 0.2, 'profit_threshold': 0.06, 'hard_stop_loss': 0.025, 'max_quantile_spread': 0.15, 'max_iv': 70.0, 'max_concurrent_trades': 5}",0.6055,1.211,0.2584,0.0,100.0,2,0.0,ok
confluence_sniper,"{'prob_threshold': 0.3, 'kelly_multiplier': 0.8, 'kelly_cap': 0.2, 'profit_threshold': 0.06, 'hard_stop_loss': 0.025, 'max_quantile_spread': 0.15, 'max_iv': 55.0, 'max_concurrent_trades': 5}",0.4437,0.8874,0.0938,0.0,100.0,1,0.0,ok
confluence_sniper,"{'prob_threshold': 0.3, 'kelly_multiplier': 0.8, 'kelly_cap': 0.2, 'profit_threshold': 0.06, 'hard_stop_loss': 0.025, 'max_quantile_spread': 0.15, 'max_iv': 70.0, 'max_concurrent_trades': 10}",0.6055,1.211,0.2584,0.0,100.0,2,0.0,ok
confluence_sniper,"{'prob_threshold': 0.3, 'kelly_multiplier': 0.8, 'kelly_cap': 0.2, 'profit_threshold': 0.06, 'hard_stop_loss': 0.03, 'max_quantile_spread': 0.1, 'max_iv': 55.0, 'max_concurrent_trades': 5}",0.0,0.0,0.0,0.0,0.0,0,0.0,ok
confluence_sniper,"{'prob_threshold': 0.3, 'kelly_multiplier': 0.8, 'kelly_cap': 0.2, 'profit_threshold': 0.06, 'hard_stop_loss': 0.03, 'max_quantile_spread': 0.1, 'max_iv': 55.0, 'max_concurrent_trades': 10}",0.0,0.0,0.0,0.0,0.0,0,0.0,ok
confluence_sniper,"{'prob_threshold': 0.3, 'kelly_multiplier': 0.8, 'kelly_cap': 0.2, 'profit_threshold': 0.06, 'hard_stop_loss': 0.03, 'max_quantile_spread': 0.1, 'max_iv': 70.0, 'max_concurrent_trades': 5}",0.0,0.0,0.0,0.0,0.0,0,0.0,ok
confluence_sniper,"{'prob_threshold': 0.3, 'kelly_multiplier': 0.8, 'kelly_cap': 0.2, 'profit_threshold': 0.06, 'hard_stop_loss': 0.03, 'max_quantile_spread': 0.1, 'max_iv': 70.0, 'max_concurrent_trades': 10}",0.0,0.0,0.0,0.0,0.0,0,0.0,ok
confluence_sniper,"{'prob_threshold': 0.3, 'kelly_multiplier': 0.8, 'kelly_cap': 0.2, 'profit_threshold': 0.06, 'hard_stop_loss': 0.03, 'max_quantile_spread': 0.15, 'max_iv': 55.0, 'max_concurrent_trades': 5}",0.4437,0.8874,0.0664,0.0,100.0,1,0.0,ok
confluence_sniper,"{'prob_threshold': 0.3, 'kelly_multiplier': 0.8, 'kelly_cap': 0.2, 'profit_threshold': 0.06, 'hard_stop_loss': 0.03, 'max_quantile_spread': 0.15, 'max_iv': 55.0, 'max_concurrent_trades': 10}",0.4437,0.8874,0.0664,0.0,100.0,1,0.0,ok
confluence_sniper,"{'prob_threshold': 0.3, 'kelly_multiplier': 0.8, 'kelly_cap': 0.2, 'profit_threshold': 0.06, 'hard_stop_loss': 0.03, 'max_quantile_spread': 0.15, 'max_iv': 70.0, 'max_concurrent_trades': 10}",0.4437,0.8874,0.0664,0.0,100.0,1,0.0,ok
confluence_sniper,"{'prob_threshold': 0.3, 'kelly_multiplier': 0.8, 'kelly_cap': 0.2, 'profit_threshold': 0.06, 'hard_stop_loss': 0.03, 'max_quantile_spread': 0.15, 'max_iv': 70.0, 'max_concurrent_trades': 5}",0.4437,0.8874,0.0664,0.0,100.0,1,0.0,ok
confluence_sniper,"{'prob_threshold': 0.3, 'kelly_multiplier': 0.8, 'kelly_cap': 0.2, 'profit_threshold': 0.06, 'hard_stop_loss': 0.035, 'max_quantile_spread': 0.1, 'max_iv': 55.0, 'max_concurrent_trades': 5}",0.0,0.0,0.0,0.0,0.0,0,0.0,ok
confluence_sniper,"{'prob_threshold': 0.3, 'kelly_multiplier': 0.8, 'kelly_cap': 0.2, 'profit_threshold': 0.06, 'hard_stop_loss': 0.035, 'max_quantile_spread': 0.1, 'max_iv': 55.0, 'max_concurrent_trades': 10}",0.0,0.0,0.0,0.0,0.0,0,0.0,ok
confluence_sniper,"{'prob_threshold': 0.3, 'kelly_multiplier': 0.8, 'kelly_cap': 0.2, 'profit_threshold': 0.06, 'hard_stop_loss': 0.035, 'max_quantile_spread': 0.1, 'max_iv': 70.0, 'max_concurrent_trades': 10}",0.0,0.0,0.0,0.0,0.0,0,0.0,ok
confluence_sniper,"{'prob_threshold': 0.3, 'kelly_multiplier': 0.8, 'kelly_cap': 0.2, 'profit_threshold': 0.06, 'hard_stop_loss': 0.035, 'max_quantile_spread': 0.15, 'max_iv': 55.0, 'max_concurrent_trades': 5}",0.4437,0.8874,0.039,0.0,100.0,1,0.0,ok
confluence_sniper,"{'prob_threshold': 0.3, 'kelly_multiplier': 0.8, 'kelly_cap': 0.2, 'profit_threshold': 0.06, 'hard_stop_loss': 0.035, 'max_quantile_spread': 0.1, 'max_iv': 70.0, 'max_concurrent_trades': 5}",0.0,0.0,0.0,0.0,0.0,0,0.0,ok
confluence_sniper,"{'prob_threshold': 0.3, 'kelly_multiplier': 0.8, 'kelly_cap': 0.2, 'profit_threshold': 0.06, 'hard_stop_loss': 0.035, 'max_quantile_spread': 0.15, 'max_iv': 70.0, 'max_concurrent_trades': 5}",0.4437,0.8874,0.039,0.0,100.0,1,0.0,ok
confluence_sniper,"{'prob_threshold': 0.3, 'kelly_multiplier': 0.8, 'kelly_cap': 0.2, 'profit_threshold': 0.06, 'hard_stop_loss': 0.035, 'max_quantile_spread': 0.15, 'max_iv': 55.0, 'max_concurrent_trades': 10}",0.4437,0.8874,0.039,0.0,100.0,1,0.0,ok
confluence_sniper,"{'prob_threshold': 0.3, 'kelly_multiplier': 0.8, 'kelly_cap': 0.2, 'profit_threshold': 0.06, 'hard_stop_loss': 0.035, 'max_quantile_spread': 0.15, 'max_iv': 70.0, 'max_concurrent_trades': 10}",0.4437,0.8874,0.039,0.0,100.0,1,0.0,ok
confluence_sniper,"{'prob_threshold': 0.3, 'kelly_multiplier': 0.8, 'kelly_cap': 0.2, 'profit_threshold': 0.07, 'hard_stop_loss': 0.025, 'max_quantile_spread': 0.1, 'max_iv': 55.0, 'max_concurrent_trades': 5}",0.0,0.0,0.0,0.0,0.0,0,0.0,ok
confluence_sniper,"{'prob_threshold': 0.3, 'kelly_multiplier': 0.8, 'kelly_cap': 0.2, 'profit_threshold': 0.07, 'hard_stop_loss': 0.025, 'max_quantile_spread': 0.1, 'max_iv': 55.0, 'max_concurrent_trades': 10}",0.0,0.0,0.0,0.0,0.0,0,0.0,ok
confluence_sniper,"{'prob_threshold': 0.3, 'kelly_multiplier': 0.8, 'kelly_cap': 0.2, 'profit_threshold': 0.07, 'hard_stop_loss': 0.025, 'max_quantile_spread': 0.1, 'max_iv': 70.0, 'max_concurrent_trades': 5}",0.0,0.0,0.0,0.0,0.0,0,0.0,ok
confluence_sniper,"{'prob_threshold': 0.3, 'kelly_multiplier': 0.8, 'kelly_cap': 0.2, 'profit_threshold': 0.07, 'hard_stop_loss': 0.025, 'max_quantile_spread': 0.15, 'max_iv': 55.0, 'max_concurrent_trades': 5}",0.4437,0.8874,0.048,0.0,100.0,1,0.0,ok
confluence_sniper,"{'prob_threshold': 0.3, 'kelly_multiplier': 0.8, 'kelly_cap': 0.2, 'profit_threshold': 0.07, 'hard_stop_loss': 0.025, 'max_quantile_spread': 0.1, 'max_iv': 70.0, 'max_concurrent_trades': 10}",0.0,0.0,0.0,0.0,0.0,0,0.0,ok
confluence_sniper,"{'prob_threshold': 0.3, 'kelly_multiplier': 0.8, 'kelly_cap': 0.2, 'profit_threshold': 0.07, 'hard_stop_loss': 0.025, 'max_quantile_spread': 0.15, 'max_iv': 55.0, 'max_concurrent_trades': 10}",0.4437,0.8874,0.048,0.0,100.0,1,0.0,ok
confluence_sniper,"{'prob_threshold': 0.3, 'kelly_multiplier': 0.8, 'kelly_cap': 0.2, 'profit_threshold': 0.07, 'hard_stop_loss': 0.025, 'max_quantile_spread': 0.15, 'max_iv': 70.0, 'max_concurrent_trades': 10}",0.4437,0.8874,0.048,0.0,100.0,1,0.0,ok
confluence_sniper,"{'prob_threshold': 0.3, 'kelly_multiplier': 0.8, 'kelly_cap': 0.2, 'profit_threshold': 0.07, 'hard_stop_loss': 0.025, 'max_quantile_spread': 0.15, 'max_iv': 70.0, 'max_concurrent_trades': 5}",0.4437,0.8874,0.048,0.0,100.0,1,0.0,ok
confluence_sniper,"{'prob_threshold': 0.3, 'kelly_multiplier': 0.8, 'kelly_cap': 0.2, 'profit_threshold': 0.07, 'hard_stop_loss': 0.03, 'max_quantile_spread': 0.1, 'max_iv': 55.0, 'max_concurrent_trades': 5}",0.0,0.0,0.0,0.0,0.0,0,0.0,ok
confluence_sniper,"{'prob_threshold': 0.3, 'kelly_multiplier': 0.8, 'kelly_cap': 0.2, 'profit_threshold': 0.07, 'hard_stop_loss': 0.03, 'max_quantile_spread': 0.1, 'max_iv': 70.0, 'max_concurrent_trades': 5}",0.0,0.0,0.0,0.0,0.0,0,0.0,ok
confluence_sniper,"{'prob_threshold': 0.3, 'kelly_multiplier': 0.8, 'kelly_cap': 0.2, 'profit_threshold': 0.07, 'hard_stop_loss': 0.03, 'max_quantile_spread': 0.1, 'max_iv': 55.0, 'max_concurrent_trades': 10}",0.0,0.0,0.0,0.0,0.0,0,0.0,ok
confluence_sniper,"{'prob_threshold': 0.3, 'kelly_multiplier': 0.8, 'kelly_cap': 0.2, 'profit_threshold': 0.07, 'hard_stop_loss': 0.03, 'max_quantile_spread': 0.1, 'max_iv': 70.0, 'max_concurrent_trades': 10}",0.0,0.0,0.0,0.0,0.0,0,0.0,ok
confluence_sniper,"{'prob_threshold': 0.3, 'kelly_multiplier': 0.8, 'kelly_cap': 0.2, 'profit_threshold': 0.07, 'hard_stop_loss': 0.03, 'max_quantile_spread': 0.15, 'max_iv': 55.0, 'max_concurrent_trades': 5}",0.4437,0.8874,0.021,0.0,100.0,1,0.0,ok
confluence_sniper,"{'prob_threshold': 0.3, 'kelly_multiplier': 0.8, 'kelly_cap': 0.2, 'profit_threshold': 0.07, 'hard_stop_loss': 0.03, 'max_quantile_spread': 0.15, 'max_iv': 55.0, 'max_concurrent_trades': 10}",0.4437,0.8874,0.021,0.0,100.0,1,0.0,ok
confluence_sniper,"{'prob_threshold': 0.3, 'kelly_multiplier': 0.8, 'kelly_cap': 0.2, 'profit_threshold': 0.07, 'hard_stop_loss': 0.03, 'max_quantile_spread': 0.15, 'max_iv': 70.0, 'max_concurrent_trades': 5}",0.4437,0.8874,0.021,0.0,100.0,1,0.0,ok
standard,"{'prob_threshold': 0.3, 'kelly_multiplier': 0.8, 'kelly_cap': 0.2, 'profit_threshold': 0.07, 'hard_stop_loss': 0.035, 'max_concurrent_trades': 5}",0.816,0.3133,2.7643,0.2898,55.0,20,4.0966,ok
confluence_sniper,"{'prob_threshold': 0.3, 'kelly_multiplier': 0.8, 'kelly_cap': 0.2, 'profit_threshold': 0.07, 'hard_stop_loss': 0.03, 'max_quantile_spread': 0.15, 'max_iv': 70.0, 'max_concurrent_trades': 10}",0.4437,0.8874,0.021,0.0,100.0,1,0.0,ok
confluence_sniper,"{'prob_threshold': 0.3, 'kelly_multiplier': 0.8, 'kelly_cap': 0.2, 'profit_threshold': 0.07, 'hard_stop_loss': 0.035, 'max_quantile_spread': 0.1, 'max_iv': 55.0, 'max_concurrent_trades': 5}",0.0,0.0,0.0,0.0,0.0,0,0.0,ok
confluence_sniper,"{'prob_threshold': 0.3, 'kelly_multiplier': 0.8, 'kelly_cap': 0.2, 'profit_threshold': 0.07, 'hard_stop_loss': 0.035, 'max_quantile_spread': 0.1, 'max_iv': 70.0, 'max_concurrent_trades': 5}",0.0,0.0,0.0,0.0,0.0,0,0.0,ok
confluence_sniper,"{'prob_threshold': 0.3, 'kelly_multiplier': 0.8, 'kelly_cap': 0.2, 'profit_threshold': 0.07, 'hard_stop_loss': 0.035, 'max_quantile_spread': 0.1, 'max_iv': 70.0, 'max_concurrent_trades': 10}",0.0,0.0,0.0,0.0,0.0,0,0.0,ok
confluence_sniper,"{'prob_threshold': 0.3, 'kelly_multiplier': 0.8, 'kelly_cap': 0.2, 'profit_threshold': 0.07, 'hard_stop_loss': 0.035, 'max_quantile_spread': 0.1, 'max_iv': 55.0, 'max_concurrent_trades': 10}",0.0,0.0,0.0,0.0,0.0,0,0.0,ok
confluence_sniper,"{'prob_threshold': 0.3, 'kelly_multiplier': 0.8, 'kelly_cap': 0.2, 'profit_threshold': 0.07, 'hard_stop_loss': 0.035, 'max_quantile_spread': 0.15, 'max_iv': 70.0, 'max_concurrent_trades': 5}",0.0,0.0,0.0,0.0,0.0,0,0.0,ok
confluence_sniper,"{'prob_threshold': 0.3, 'kelly_multiplier': 0.8, 'kelly_cap': 0.2, 'profit_threshold': 0.07, 'hard_stop_loss': 0.035, 'max_quantile_spread': 0.15, 'max_iv': 55.0, 'max_concurrent_trades': 10}",0.0,0.0,0.0,0.0,0.0,0,0.0,ok
confluence_sniper,"{'prob_threshold': 0.3, 'kelly_multiplier': 0.8, 'kelly_cap': 0.2, 'profit_threshold': 0.07, 'hard_stop_loss': 0.035, 'max_quantile_spread': 0.15, 'max_iv': 70.0, 'max_concurrent_trades': 10}",0.0,0.0,0.0,0.0,0.0,0,0.0,ok
confluence_sniper,"{'prob_threshold': 0.3, 'kelly_multiplier': 0.8, 'kelly_cap': 0.3, 'profit_threshold': 0.05, 'hard_stop_loss': 0.025, 'max_quantile_spread': 0.1, 'max_iv': 55.0, 'max_concurrent_trades': 5}",0.0,0.0,0.0,0.0,0.0,0,0.0,ok
confluence_sniper,"{'prob_threshold': 0.3, 'kelly_multiplier': 0.8, 'kelly_cap': 0.3, 'profit_threshold': 0.05, 'hard_stop_loss': 0.025, 'max_quantile_spread': 0.1, 'max_iv': 55.0, 'max_concurrent_trades': 10}",0.0,0.0,0.0,0.0,0.0,0,0.0,ok
confluence_sniper,"{'prob_threshold': 0.3, 'kelly_multiplier': 0.8, 'kelly_cap': 0.3, 'profit_threshold': 0.05, 'hard_stop_loss': 0.025, 'max_quantile_spread': 0.1, 'max_iv': 70.0, 'max_concurrent_trades': 5}",0.0,0.0,0.0,0.0,0.0,0,0.0,ok
confluence_sniper,"{'prob_threshold': 0.3, 'kelly_multiplier': 0.8, 'kelly_cap': 0.3, 'profit_threshold': 0.05, 'hard_stop_loss': 0.025, 'max_quantile_spread': 0.15, 'max_iv': 55.0, 'max_concurrent_trades': 5}",0.4437,0.8874,0.1387,0.0,100.0,1,0.0,ok
confluence_sniper,"{'prob_threshold': 0.3, 'kelly_multiplier': 0.8, 'kelly_cap': 0.3, 'profit_threshold': 0.05, 'hard_stop_loss': 0.025, 'max_quantile_spread': 0.1, 'max_iv': 70.0, 'max_concurrent_trades': 10}",0.0,0.0,0.0,0.0,0.0,0,0.0,ok
confluence_sniper,"{'prob_threshold': 0.3, 'kelly_multiplier': 0.8, 'kelly_cap': 0.3, 'profit_threshold': 0.05, 'hard_stop_loss': 0.025, 'max_quantile_spread': 0.15, 'max_iv': 55.0, 'max_concurrent_trades': 10}",0.4437,0.8874,0.1387,0.0,100.0,1,0.0,ok
confluence_sniper,"{'prob_threshold': 0.3, 'kelly_multiplier': 0.8, 'kelly_cap': 0.3, 'profit_threshold': 0.05, 'hard_stop_loss': 0.025, 'max_quantile_spread': 0.15, 'max_iv': 70.0, 'max_concurrent_trades': 10}",-0.1312,-0.0042,-0.3227,0.9453,66.67,3,0.6586,ok
confluence_sniper,"{'prob_threshold': 0.3, 'kelly_multiplier': 0.8, 'kelly_cap': 0.3, 'profit_threshold': 0.05, 'hard_stop_loss': 0.025, 'max_quantile_spread': 0.15, 'max_iv': 70.0, 'max_concurrent_trades': 5}",-0.1312,-0.0042,-0.3227,0.9453,66.67,3,0.6586,ok
confluence_sniper,"{'prob_threshold': 0.3, 'kelly_multiplier': 0.8, 'kelly_cap': 0.3, 'profit_threshold': 0.05, 'hard_stop_loss': 0.03, 'max_quantile_spread': 0.1, 'max_iv': 55.0, 'max_concurrent_trades': 5}",0.0,0.0,0.0,0.0,0.0,0,0.0,ok
confluence_sniper,"{'prob_threshold': 0.3, 'kelly_multiplier': 0.8, 'kelly_cap': 0.3, 'profit_threshold': 0.05, 'hard_stop_loss': 0.03, 'max_quantile_spread': 0.1, 'max_iv': 70.0, 'max_concurrent_trades': 5}",0.0,0.0,0.0,0.0,0.0,0,0.0,ok
confluence_sniper,"{'prob_threshold': 0.3, 'kelly_multiplier': 0.8, 'kelly_cap': 0.3, 'profit_threshold': 0.05, 'hard_stop_loss': 0.03, 'max_quantile_spread': 0.1, 'max_iv': 55.0, 'max_concurrent_trades': 10}",0.0,0.0,0.0,0.0,0.0,0,0.0,ok
confluence_sniper,"{'prob_threshold': 0.3, 'kelly_multiplier': 0.8, 'kelly_cap': 0.3, 'profit_threshold': 0.05, 'hard_stop_loss': 0.03, 'max_quantile_spread': 0.1, 'max_iv': 70.0, 'max_concurrent_trades': 10}",0.0,0.0,0.0,0.0,0.0,0,0.0,ok
confluence_sniper,"{'prob_threshold': 0.3, 'kelly_multiplier': 0.8, 'kelly_cap': 0.3, 'profit_threshold': 0.05, 'hard_stop_loss': 0.03, 'max_quantile_spread': 0.15, 'max_iv': 55.0, 'max_concurrent_trades': 5}",0.4437,0.8874,0.1106,0.0,100.0,1,0.0,ok
confluence_sniper,"{'prob_threshold': 0.3, 'kelly_multiplier': 0.8, 'kelly_cap': 0.3, 'profit_threshold': 0.05, 'hard_stop_loss': 0.03, 'max_quantile_spread': 0.15, 'max_iv': 55.0, 'max_concurrent_trades': 10}",0.4437,0.8874,0.1106,0.0,100.0,1,0.0,ok
confluence_sniper,"{'prob_threshold': 0.3, 'kelly_multiplier': 0.8, 'kelly_cap': 0.3, 'profit_threshold': 0.05, 'hard_stop_loss': 0.03, 'max_quantile_spread': 0.15, 'max_iv': 70.0, 'max_concurrent_trades': 5}",-0.1811,-0.0055,-0.3849,0.8536,66.67,3,0.5491,ok
confluence_sniper,"{'prob_threshold': 0.3, 'kelly_multiplier': 0.8, 'kelly_cap': 0.3, 'profit_threshold': 0.05, 'hard_stop_loss': 0.03, 'max_quantile_spread': 0.15, 'max_iv': 70.0, 'max_concurrent_trades': 10}",-0.1811,-0.0055,-0.3849,0.8536,66.67,3,0.5491,ok
confluence_sniper,"{'prob_threshold': 0.3, 'kelly_multiplier': 0.8, 'kelly_cap': 0.3, 'profit_threshold': 0.05, 'hard_stop_loss': 0.035, 'max_quantile_spread': 0.1, 'max_iv': 55.0, 'max_concurrent_trades': 5}",0.0,0.0,0.0,0.0,0.0,0,0.0,ok
confluence_sniper,"{'prob_threshold': 0.3, 'kelly_multiplier': 0.8, 'kelly_cap': 0.3, 'profit_threshold': 0.05, 'hard_stop_loss': 0.035, 'max_quantile_spread': 0.1, 'max_iv': 70.0, 'max_concurrent_trades': 5}",0.0,0.0,0.0,0.0,0.0,0,0.0,ok
confluence_sniper,"{'prob_threshold': 0.3, 'kelly_multiplier': 0.8, 'kelly_cap': 0.3, 'profit_threshold': 0.05, 'hard_stop_loss': 0.035, 'max_quantile_spread': 0.1, 'max_iv': 55.0, 'max_concurrent_trades': 10}",0.0,0.0,0.0,0.0,0.0,0,0.0,ok
confluence_sniper,"{'prob_threshold': 0.3, 'kelly_multiplier': 0.8, 'kelly_cap': 0.3, 'profit_threshold': 0.05, 'hard_stop_loss': 0.035, 'max_quantile_spread': 0.1, 'max_iv': 70.0, 'max_concurrent_trades': 10}",0.0,0.0,0.0,0.0,0.0,0,0.0,ok
confluence_sniper,"{'prob_threshold': 0.3, 'kelly_multiplier': 0.8, 'kelly_cap': 0.3, 'profit_threshold': 0.05, 'hard_stop_loss': 0.035, 'max_quantile_spread': 0.15, 'max_iv': 55.0, 'max_concurrent_trades': 10}",0.4437,0.8874,0.0825,0.0,100.0,1,0.0,ok
confluence_sniper,"{'prob_threshold': 0.3, 'kelly_multiplier': 0.8, 'kelly_cap': 0.3, 'profit_threshold': 0.05, 'hard_stop_loss': 0.035, 'max_quantile_spread': 0.15, 'max_iv': 55.0, 'max_concurrent_trades': 5}",0.4437,0.8874,0.0825,0.0,100.0,1,0.0,ok
confluence_sniper,"{'prob_threshold': 0.3, 'kelly_multiplier': 0.8, 'kelly_cap': 0.3, 'profit_threshold': 0.05, 'hard_stop_loss': 0.035, 'max_quantile_spread': 0.15, 'max_iv': 70.0, 'max_concurrent_trades': 5}",-0.2356,-0.007,-0.4079,0.7227,66.67,3,0.4356,ok
confluence_sniper,"{'prob_threshold': 0.3, 'kelly_multiplier': 0.8, 'kelly_cap': 0.3, 'profit_threshold': 0.06, 'hard_stop_loss': 0.025, 'max_quantile_spread': 0.1, 'max_iv': 55.0, 'max_concurrent_trades': 5}",0.0,0.0,0.0,0.0,0.0,0,0.0,ok
confluence_sniper,"{'prob_threshold': 0.3, 'kelly_multiplier': 0.8, 'kelly_cap': 0.3, 'profit_threshold': 0.05, 'hard_stop_loss': 0.035, 'max_quantile_spread': 0.15, 'max_iv': 70.0, 'max_concurrent_trades': 10}",-0.2356,-0.007,-0.4079,0.7227,66.67,3,0.4356,ok
confluence_sniper,"{'prob_threshold': 0.3, 'kelly_multiplier': 0.8, 'kelly_cap': 0.3, 'profit_threshold': 0.06, 'hard_stop_loss': 0.025, 'max_quantile_spread': 0.1, 'max_iv': 55.0, 'max_concurrent_trades': 10}",0.0,0.0,0.0,0.0,0.0,0,0.0,ok
confluence_sniper,"{'prob_threshold': 0.3, 'kelly_multiplier': 0.8, 'kelly_cap': 0.3, 'profit_threshold': 0.06, 'hard_stop_loss': 0.025, 'max_quantile_spread': 0.1, 'max_iv': 70.0, 'max_concurrent_trades': 10}",0.0,0.0,0.0,0.0,0.0,0,0.0,ok
confluence_sniper,"{'prob_threshold': 0.3, 'kelly_multiplier': 0.8, 'kelly_cap': 0.3, 'profit_threshold': 0.06, 'hard_stop_loss': 0.025, 'max_quantile_spread': 0.1, 'max_iv': 70.0, 'max_concurrent_trades': 5}",0.0,0.0,0.0,0.0,0.0,0,0.0,ok
confluence_sniper,"{'prob_threshold': 0.3, 'kelly_multiplier': 0.8, 'kelly_cap': 0.3, 'profit_threshold': 0.06, 'hard_stop_loss': 0.025, 'max_quantile_spread': 0.15, 'max_iv': 55.0, 'max_concurrent_trades': 5}",0.4437,0.8874,0.0938,0.0,100.0,1,0.0,ok
confluence_sniper,"{'prob_threshold': 0.3, 'kelly_multiplier': 0.8, 'kelly_cap': 0.3, 'profit_threshold': 0.06, 'hard_stop_loss': 0.025, 'max_quantile_spread': 0.15, 'max_iv': 55.0, 'max_concurrent_trades': 10}",0.4437,0.8874,0.0938,0.0,100.0,1,0.0,ok
confluence_sniper,"{'prob_threshold': 0.3, 'kelly_multiplier': 0.8, 'kelly_cap': 0.3, 'profit_threshold': 0.06, 'hard_stop_loss': 0.025, 'max_quantile_spread': 0.15, 'max_iv': 70.0, 'max_concurrent_trades': 5}",0.6055,1.211,0.2584,0.0,100.0,2,0.0,ok
confluence_sniper,"{'prob_threshold': 0.3, 'kelly_multiplier': 0.8, 'kelly_cap': 0.3, 'profit_threshold': 0.06, 'hard_stop_loss': 0.025, 'max_quantile_spread': 0.15, 'max_iv': 70.0, 'max_concurrent_trades': 10}",0.6055,1.211,0.2584,0.0,100.0,2,0.0,ok
confluence_sniper,"{'prob_threshold': 0.3, 'kelly_multiplier': 0.8, 'kelly_cap': 0.3, 'profit_threshold': 0.06, 'hard_stop_loss': 0.03, 'max_quantile_spread': 0.1, 'max_iv': 55.0, 'max_concurrent_trades': 5}",0.0,0.0,0.0,0.0,0.0,0,0.0,ok
confluence_sniper,"{'prob_threshold': 0.3, 'kelly_multiplier': 0.8, 'kelly_cap': 0.2, 'profit_threshold': 0.07, 'hard_stop_loss': 0.035, 'max_quantile_spread': 0.15, 'max_iv': 55.0, 'max_concurrent_trades': 5}",0.0,0.0,0.0,0.0,0.0,0,0.0,ok
confluence_sniper,"{'prob_threshold': 0.3, 'kelly_multiplier': 0.8, 'kelly_cap': 0.3, 'profit_threshold': 0.06, 'hard_stop_loss': 0.03, 'max_quantile_spread': 0.1, 'max_iv': 55.0, 'max_concurrent_trades': 10}",0.0,0.0,0.0,0.0,0.0,0,0.0,ok
confluence_sniper,"{'prob_threshold': 0.3, 'kelly_multiplier': 0.8, 'kelly_cap': 0.3, 'profit_threshold': 0.06, 'hard_stop_loss': 0.03, 'max_quantile_spread': 0.1, 'max_iv': 70.0, 'max_concurrent_trades': 10}",0.0,0.0,0.0,0.0,0.0,0,0.0,ok
confluence_sniper,"{'prob_threshold': 0.3, 'kelly_multiplier': 0.8, 'kelly_cap': 0.3, 'profit_threshold': 0.06, 'hard_stop_loss': 0.03, 'max_quantile_spread': 0.1, 'max_iv': 70.0, 'max_concurrent_trades': 5}",0.0,0.0,0.0,0.0,0.0,0,0.0,ok
confluence_sniper,"{'prob_threshold': 0.3, 'kelly_multiplier': 0.8, 'kelly_cap': 0.3, 'profit_threshold': 0.06, 'hard_stop_loss': 0.03, 'max_quantile_spread': 0.15, 'max_iv': 55.0, 'max_concurrent_trades': 5}",0.4437,0.8874,0.0664,0.0,100.0,1,0.0,ok
confluence_sniper,"{'prob_threshold': 0.3, 'kelly_multiplier': 0.8, 'kelly_cap': 0.3, 'profit_threshold': 0.06, 'hard_stop_loss': 0.03, 'max_quantile_spread': 0.15, 'max_iv': 70.0, 'max_concurrent_trades': 10}",0.4437,0.8874,0.0664,0.0,100.0,1,0.0,ok
confluence_sniper,"{'prob_threshold': 0.3, 'kelly_multiplier': 0.8, 'kelly_cap': 0.3, 'profit_threshold': 0.06, 'hard_stop_loss': 0.03, 'max_quantile_spread': 0.15, 'max_iv': 55.0, 'max_concurrent_trades': 10}",0.4437,0.8874,0.0664,0.0,100.0,1,0.0,ok
confluence_sniper,"{'prob_threshold': 0.3, 'kelly_multiplier': 0.8, 'kelly_cap': 0.3, 'profit_threshold': 0.06, 'hard_stop_loss': 0.035, 'max_quantile_spread': 0.1, 'max_iv': 55.0, 'max_concurrent_trades': 5}",0.0,0.0,0.0,0.0,0.0,0,0.0,ok
confluence_sniper,"{'prob_threshold': 0.3, 'kelly_multiplier': 0.8, 'kelly_cap': 0.3, 'profit_threshold': 0.06, 'hard_stop_loss': 0.035, 'max_quantile_spread': 0.1, 'max_iv': 70.0, 'max_concurrent_trades': 5}",0.0,0.0,0.0,0.0,0.0,0,0.0,ok
confluence_sniper,"{'prob_threshold': 0.3, 'kelly_multiplier': 0.8, 'kelly_cap': 0.3, 'profit_threshold': 0.06, 'hard_stop_loss': 0.035, 'max_quantile_spread': 0.1, 'max_iv': 55.0, 'max_concurrent_trades': 10}",0.0,0.0,0.0,0.0,0.0,0,0.0,ok
confluence_sniper,"{'prob_threshold': 0.3, 'kelly_multiplier': 0.8, 'kelly_cap': 0.3, 'profit_threshold': 0.06, 'hard_stop_loss': 0.035, 'max_quantile_spread': 0.1, 'max_iv': 70.0, 'max_concurrent_trades': 10}",0.0,0.0,0.0,0.0,0.0,0,0.0,ok
confluence_sniper,"{'prob_threshold': 0.3, 'kelly_multiplier': 0.8, 'kelly_cap': 0.3, 'profit_threshold': 0.06, 'hard_stop_loss': 0.035, 'max_quantile_spread': 0.15, 'max_iv': 55.0, 'max_concurrent_trades': 5}",0.4437,0.8874,0.039,0.0,100.0,1,0.0,ok
confluence_sniper,"{'prob_threshold': 0.3, 'kelly_multiplier': 0.8, 'kelly_cap': 0.3, 'profit_threshold': 0.06, 'hard_stop_loss': 0.035, 'max_quantile_spread': 0.15, 'max_iv': 55.0, 'max_concurrent_trades': 10}",0.4437,0.8874,0.039,0.0,100.0,1,0.0,ok
confluence_sniper,"{'prob_threshold': 0.3, 'kelly_multiplier': 0.8, 'kelly_cap': 0.3, 'profit_threshold': 0.06, 'hard_stop_loss': 0.035, 'max_quantile_spread': 0.15, 'max_iv': 70.0, 'max_concurrent_trades': 5}",0.4437,0.8874,0.039,0.0,100.0,1,0.0,ok
confluence_sniper,"{'prob_threshold': 0.3, 'kelly_multiplier': 0.8, 'kelly_cap': 0.3, 'profit_threshold': 0.07, 'hard_stop_loss': 0.025, 'max_quantile_spread': 0.1, 'max_iv': 55.0, 'max_concurrent_trades': 5}",0.0,0.0,0.0,0.0,0.0,0,0.0,ok
confluence_sniper,"{'prob_threshold': 0.3, 'kelly_multiplier': 0.8, 'kelly_cap': 0.3, 'profit_threshold': 0.06, 'hard_stop_loss': 0.035, 'max_quantile_spread': 0.15, 'max_iv': 70.0, 'max_concurrent_trades': 10}",0.4437,0.8874,0.039,0.0,100.0,1,0.0,ok
confluence_sniper,"{'prob_threshold': 0.3, 'kelly_multiplier': 0.8, 'kelly_cap': 0.3, 'profit_threshold': 0.07, 'hard_stop_loss': 0.025, 'max_quantile_spread': 0.1, 'max_iv': 70.0, 'max_concurrent_trades': 5}",0.0,0.0,0.0,0.0,0.0,0,0.0,ok
confluence_sniper,"{'prob_threshold': 0.3, 'kelly_multiplier': 0.8, 'kelly_cap': 0.3, 'profit_threshold': 0.07, 'hard_stop_loss': 0.025, 'max_quantile_spread': 0.1, 'max_iv': 70.0, 'max_concurrent_trades': 10}",0.0,0.0,0.0,0.0,0.0,0,0.0,ok
confluence_sniper,"{'prob_threshold': 0.3, 'kelly_multiplier': 0.8, 'kelly_cap': 0.3, 'profit_threshold': 0.07, 'hard_stop_loss': 0.025, 'max_quantile_spread': 0.1, 'max_iv': 55.0, 'max_concurrent_trades': 10}",0.0,0.0,0.0,0.0,0.0,0,0.0,ok
confluence_sniper,"{'prob_threshold': 0.3, 'kelly_multiplier': 0.8, 'kelly_cap': 0.3, 'profit_threshold': 0.07, 'hard_stop_loss': 0.025, 'max_quantile_spread': 0.15, 'max_iv': 55.0, 'max_concurrent_trades': 5}",0.4437,0.8874,0.048,0.0,100.0,1,0.0,ok
confluence_sniper,"{'prob_threshold': 0.3, 'kelly_multiplier': 0.8, 'kelly_cap': 0.3, 'profit_threshold': 0.07, 'hard_stop_loss': 0.025, 'max_quantile_spread': 0.15, 'max_iv': 55.0, 'max_concurrent_trades': 10}",0.4437,0.8874,0.048,0.0,100.0,1,0.0,ok
confluence_sniper,"{'prob_threshold': 0.3, 'kelly_multiplier': 0.8, 'kelly_cap': 0.3, 'profit_threshold': 0.07, 'hard_stop_loss': 0.025, 'max_quantile_spread': 0.15, 'max_iv': 70.0, 'max_concurrent_trades': 5}",0.4437,0.8874,0.048,0.0,100.0,1,0.0,ok
confluence_sniper,"{'prob_threshold': 0.3, 'kelly_multiplier': 0.8, 'kelly_cap': 0.3, 'profit_threshold': 0.07, 'hard_stop_loss': 0.025, 'max_quantile_spread': 0.15, 'max_iv': 70.0, 'max_concurrent_trades': 10}",0.4437,0.8874,0.048,0.0,100.0,1,0.0,ok
confluence_sniper,"{'prob_threshold': 0.3, 'kelly_multiplier': 0.8, 'kelly_cap': 0.3, 'profit_threshold': 0.07, 'hard_stop_loss': 0.03, 'max_quantile_spread': 0.1, 'max_iv': 55.0, 'max_concurrent_trades': 5}",0.0,0.0,0.0,0.0,0.0,0,0.0,ok
confluence_sniper,"{'prob_threshold': 0.3, 'kelly_multiplier': 0.8, 'kelly_cap': 0.3, 'profit_threshold': 0.07, 'hard_stop_loss': 0.03, 'max_quantile_spread': 0.1, 'max_iv': 55.0, 'max_concurrent_trades': 10}",0.0,0.0,0.0,0.0,0.0,0,0.0,ok
confluence_sniper,"{'prob_threshold': 0.3, 'kelly_multiplier': 0.8, 'kelly_cap': 0.3, 'profit_threshold': 0.07, 'hard_stop_loss': 0.03, 'max_quantile_spread': 0.1, 'max_iv': 70.0, 'max_concurrent_trades': 10}",0.0,0.0,0.0,0.0,0.0,0,0.0,ok
confluence_sniper,"{'prob_threshold': 0.3, 'kelly_multiplier': 0.8, 'kelly_cap': 0.3, 'profit_threshold': 0.07, 'hard_stop_loss': 0.03, 'max_quantile_spread': 0.15, 'max_iv': 55.0, 'max_concurrent_trades': 5}",0.4437,0.8874,0.021,0.0,100.0,1,0.0,ok
confluence_sniper,"{'prob_threshold': 0.3, 'kelly_multiplier': 0.8, 'kelly_cap': 0.3, 'profit_threshold': 0.07, 'hard_stop_loss': 0.03, 'max_quantile_spread': 0.1, 'max_iv': 70.0, 'max_concurrent_trades': 5}",0.0,0.0,0.0,0.0,0.0,0,0.0,ok
confluence_sniper,"{'prob_threshold': 0.3, 'kelly_multiplier': 0.8, 'kelly_cap': 0.3, 'profit_threshold': 0.07, 'hard_stop_loss': 0.03, 'max_quantile_spread': 0.15, 'max_iv': 70.0, 'max_concurrent_trades': 5}",0.4437,0.8874,0.021,0.0,100.0,1,0.0,ok
confluence_sniper,"{'prob_threshold': 0.3, 'kelly_multiplier': 0.8, 'kelly_cap': 0.3, 'profit_threshold': 0.07, 'hard_stop_loss': 0.03, 'max_quantile_spread': 0.15, 'max_iv': 55.0, 'max_concurrent_trades': 10}",0.4437,0.8874,0.021,0.0,100.0,1,0.0,ok
confluence_sniper,"{'prob_threshold': 0.3, 'kelly_multiplier': 0.8, 'kelly_cap': 0.3, 'profit_threshold': 0.07, 'hard_stop_loss': 0.035, 'max_quantile_spread': 0.1, 'max_iv': 55.0, 'max_concurrent_trades': 5}",0.0,0.0,0.0,0.0,0.0,0,0.0,ok
confluence_sniper,"{'prob_threshold': 0.3, 'kelly_multiplier': 0.8, 'kelly_cap': 0.3, 'profit_threshold': 0.07, 'hard_stop_loss': 0.03, 'max_quantile_spread': 0.15, 'max_iv': 70.0, 'max_concurrent_trades': 10}",0.4437,0.8874,0.021,0.0,100.0,1,0.0,ok
confluence_sniper,"{'prob_threshold': 0.3, 'kelly_multiplier': 0.8, 'kelly_cap': 0.3, 'profit_threshold': 0.07, 'hard_stop_loss': 0.035, 'max_quantile_spread': 0.1, 'max_iv': 55.0, 'max_concurrent_trades': 10}",0.0,0.0,0.0,0.0,0.0,0,0.0,ok
confluence_sniper,"{'prob_threshold': 0.3, 'kelly_multiplier': 0.8, 'kelly_cap': 0.3, 'profit_threshold': 0.07, 'hard_stop_loss': 0.035, 'max_quantile_spread': 0.1, 'max_iv': 70.0, 'max_concurrent_trades': 5}",0.0,0.0,0.0,0.0,0.0,0,0.0,ok
confluence_sniper,"{'prob_threshold': 0.3, 'kelly_multiplier': 0.8, 'kelly_cap': 0.3, 'profit_threshold': 0.07, 'hard_stop_loss': 0.035, 'max_quantile_spread': 0.1, 'max_iv': 70.0, 'max_concurrent_trades': 10}",0.0,0.0,0.0,0.0,0.0,0,0.0,ok
confluence_sniper,"{'prob_threshold': 0.3, 'kelly_multiplier': 0.8, 'kelly_cap': 0.3, 'profit_threshold': 0.07, 'hard_stop_loss': 0.035, 'max_quantile_spread': 0.15, 'max_iv': 55.0, 'max_concurrent_trades': 5}",0.0,0.0,0.0,0.0,0.0,0,0.0,ok
confluence_sniper,"{'prob_threshold': 0.3, 'kelly_multiplier': 0.8, 'kelly_cap': 0.3, 'profit_threshold': 0.07, 'hard_stop_loss': 0.035, 'max_quantile_spread': 0.15, 'max_iv': 55.0, 'max_concurrent_trades': 10}",0.0,0.0,0.0,0.0,0.0,0,0.0,ok
confluence_sniper,"{'prob_threshold': 0.3, 'kelly_multiplier': 0.8, 'kelly_cap': 0.3, 'profit_threshold': 0.07, 'hard_stop_loss': 0.035, 'max_quantile_spread': 0.15, 'max_iv': 70.0, 'max_concurrent_trades': 5}",0.0,0.0,0.0,0.0,0.0,0,0.0,ok
confluence_sniper,"{'prob_threshold': 0.3, 'kelly_multiplier': 0.8, 'kelly_cap': 0.3, 'profit_threshold': 0.07, 'hard_stop_loss': 0.035, 'max_quantile_spread': 0.15, 'max_iv': 70.0, 'max_concurrent_trades': 10}",0.0,0.0,0.0,0.0,0.0,0,0.0,ok
confluence_sniper,"{'prob_threshold': 0.4, 'kelly_multiplier': 0.4, 'kelly_cap': 0.2, 'profit_threshold': 0.05, 'hard_stop_loss': 0.025, 'max_quantile_spread': 0.1, 'max_iv': 55.0, 'max_concurrent_trades': 5}",0.0,0.0,0.0,0.0,0.0,0,0.0,ok
confluence_sniper,"{'prob_threshold': 0.4, 'kelly_multiplier': 0.4, 'kelly_cap': 0.2, 'profit_threshold': 0.05, 'hard_stop_loss': 0.025, 'max_quantile_spread': 0.1, 'max_iv': 55.0, 'max_concurrent_trades': 10}",0.0,0.0,0.0,0.0,0.0,0,0.0,ok
confluence_sniper,"{'prob_threshold': 0.4, 'kelly_multiplier': 0.4, 'kelly_cap': 0.2, 'profit_threshold': 0.05, 'hard_stop_loss': 0.025, 'max_quantile_spread': 0.1, 'max_iv': 70.0, 'max_concurrent_trades': 5}",0.0,0.0,0.0,0.0,0.0,0,0.0,ok
confluence_sniper,"{'prob_threshold': 0.4, 'kelly_multiplier': 0.4, 'kelly_cap': 0.2, 'profit_threshold': 0.05, 'hard_stop_loss': 0.025, 'max_quantile_spread': 0.15, 'max_iv': 55.0, 'max_concurrent_trades': 5}",0.4437,0.8874,0.056,0.0,100.0,1,0.0,ok
confluence_sniper,"{'prob_threshold': 0.4, 'kelly_multiplier': 0.4, 'kelly_cap': 0.2, 'profit_threshold': 0.05, 'hard_stop_loss': 0.025, 'max_quantile_spread': 0.1, 'max_iv': 70.0, 'max_concurrent_trades': 10}",0.0,0.0,0.0,0.0,0.0,0,0.0,ok
confluence_sniper,"{'prob_threshold': 0.4, 'kelly_multiplier': 0.4, 'kelly_cap': 0.2, 'profit_threshold': 0.05, 'hard_stop_loss': 0.025, 'max_quantile_spread': 0.15, 'max_iv': 70.0, 'max_concurrent_trades': 5}",-0.0651,-0.0022,-0.0649,0.36,66.67,3,0.8196,ok
confluence_sniper,"{'prob_threshold': 0.4, 'kelly_multiplier': 0.4, 'kelly_cap': 0.2, 'profit_threshold': 0.05, 'hard_stop_loss': 0.025, 'max_quantile_spread': 0.15, 'max_iv': 70.0, 'max_concurrent_trades': 10}",-0.0651,-0.0022,-0.0649,0.36,66.67,3,0.8196,ok
confluence_sniper,"{'prob_threshold': 0.4, 'kelly_multiplier': 0.4, 'kelly_cap': 0.2, 'profit_threshold': 0.05, 'hard_stop_loss': 0.025, 'max_quantile_spread': 0.15, 'max_iv': 55.0, 'max_concurrent_trades': 10}",0.4437,0.8874,0.056,0.0,100.0,1,0.0,ok
confluence_sniper,"{'prob_threshold': 0.4, 'kelly_multiplier': 0.4, 'kelly_cap': 0.2, 'profit_threshold': 0.05, 'hard_stop_loss': 0.03, 'max_quantile_spread': 0.1, 'max_iv': 55.0, 'max_concurrent_trades': 5}",0.0,0.0,0.0,0.0,0.0,0,0.0,ok
confluence_sniper,"{'prob_threshold': 0.3, 'kelly_multiplier': 0.8, 'kelly_cap': 0.3, 'profit_threshold': 0.06, 'hard_stop_loss': 0.03, 'max_quantile_spread': 0.15, 'max_iv': 70.0, 'max_concurrent_trades': 5}",0.4437,0.8874,0.0664,0.0,100.0,1,0.0,ok
confluence_sniper,"{'prob_threshold': 0.4, 'kelly_multiplier': 0.4, 'kelly_cap': 0.2, 'profit_threshold': 0.05, 'hard_stop_loss': 0.03, 'max_quantile_spread': 0.1, 'max_iv': 55.0, 'max_concurrent_trades': 10}",0.0,0.0,0.0,0.0,0.0,0,0.0,ok
confluence_sniper,"{'prob_threshold': 0.4, 'kelly_multiplier': 0.4, 'kelly_cap': 0.2, 'profit_threshold': 0.05, 'hard_stop_loss': 0.03, 'max_quantile_spread': 0.1, 'max_iv': 70.0, 'max_concurrent_trades': 5}",0.0,0.0,0.0,0.0,0.0,0,0.0,ok
confluence_sniper,"{'prob_threshold': 0.4, 'kelly_multiplier': 0.4, 'kelly_cap': 0.2, 'profit_threshold': 0.05, 'hard_stop_loss': 0.03, 'max_quantile_spread': 0.1, 'max_iv': 70.0, 'max_concurrent_trades': 10}",0.0,0.0,0.0,0.0,0.0,0,0.0,ok
confluence_sniper,"{'prob_threshold': 0.4, 'kelly_multiplier': 0.4, 'kelly_cap': 0.2, 'profit_threshold': 0.05, 'hard_stop_loss': 0.03, 'max_quantile_spread': 0.15, 'max_iv': 55.0, 'max_concurrent_trades': 5}",0.4437,0.8874,0.0553,0.0,100.0,1,0.0,ok
confluence_sniper,"{'prob_threshold': 0.4, 'kelly_multiplier': 0.4, 'kelly_cap': 0.2, 'profit_threshold': 0.05, 'hard_stop_loss': 0.03, 'max_quantile_spread': 0.15, 'max_iv': 55.0, 'max_concurrent_trades': 10}",0.4437,0.8874,0.0553,0.0,100.0,1,0.0,ok
confluence_sniper,"{'prob_threshold': 0.4, 'kelly_multiplier': 0.4, 'kelly_cap': 0.2, 'profit_threshold': 0.05, 'hard_stop_loss': 0.035, 'max_quantile_spread': 0.1, 'max_iv': 55.0, 'max_concurrent_trades': 5}",0.0,0.0,0.0,0.0,0.0,0,0.0,ok
confluence_sniper,"{'prob_threshold': 0.4, 'kelly_multiplier': 0.4, 'kelly_cap': 0.2, 'profit_threshold': 0.05, 'hard_stop_loss': 0.035, 'max_quantile_spread': 0.1, 'max_iv': 55.0, 'max_concurrent_trades': 10}",0.0,0.0,0.0,0.0,0.0,0,0.0,ok
confluence_sniper,"{'prob_threshold': 0.4, 'kelly_multiplier': 0.4, 'kelly_cap': 0.2, 'profit_threshold': 0.05, 'hard_stop_loss': 0.03, 'max_quantile_spread': 0.15, 'max_iv': 70.0, 'max_concurrent_trades': 10}",-0.1642,-0.0051,-0.1647,0.4,66.67,3,0.5884,ok
confluence_sniper,"{'prob_threshold': 0.4, 'kelly_multiplier': 0.4, 'kelly_cap': 0.2, 'profit_threshold': 0.05, 'hard_stop_loss': 0.035, 'max_quantile_spread': 0.1, 'max_iv': 70.0, 'max_concurrent_trades': 10}",0.0,0.0,0.0,0.0,0.0,0,0.0,ok
confluence_sniper,"{'prob_threshold': 0.4, 'kelly_multiplier': 0.4, 'kelly_cap': 0.2, 'profit_threshold': 0.05, 'hard_stop_loss': 0.035, 'max_quantile_spread': 0.1, 'max_iv': 70.0, 'max_concurrent_trades': 5}",0.0,0.0,0.0,0.0,0.0,0,0.0,ok
confluence_sniper,"{'prob_threshold': 0.4, 'kelly_multiplier': 0.4, 'kelly_cap': 0.2, 'profit_threshold': 0.05, 'hard_stop_loss': 0.035, 'max_quantile_spread': 0.15, 'max_iv': 55.0, 'max_concurrent_trades': 5}",0.4437,0.8874,0.0413,0.0,100.0,1,0.0,ok
confluence_sniper,"{'prob_threshold': 0.4, 'kelly_multiplier': 0.4, 'kelly_cap': 0.2, 'profit_threshold': 0.05, 'hard_stop_loss': 0.035, 'max_quantile_spread': 0.15, 'max_iv': 55.0, 'max_concurrent_trades': 10}",0.4437,0.8874,0.0413,0.0,100.0,1,0.0,ok
confluence_sniper,"{'prob_threshold': 0.4, 'kelly_multiplier': 0.4, 'kelly_cap': 0.2, 'profit_threshold': 0.05, 'hard_stop_loss': 0.035, 'max_quantile_spread': 0.15, 'max_iv': 70.0, 'max_concurrent_trades': 5}",-0.2355,-0.007,-0.2034,0.3614,66.67,3,0.437,ok
confluence_sniper,"{'prob_threshold': 0.4, 'kelly_multiplier': 0.4, 'kelly_cap': 0.2, 'profit_threshold': 0.05, 'hard_stop_loss': 0.035, 'max_quantile_spread': 0.15, 'max_iv': 70.0, 'max_concurrent_trades': 10}",-0.2355,-0.007,-0.2034,0.3614,66.67,3,0.437,ok
confluence_sniper,"{'prob_threshold': 0.4, 'kelly_multiplier': 0.4, 'kelly_cap': 0.2, 'profit_threshold': 0.06, 'hard_stop_loss': 0.025, 'max_quantile_spread': 0.1, 'max_iv': 55.0, 'max_concurrent_trades': 5}",0.0,0.0,0.0,0.0,0.0,0,0.0,ok
confluence_sniper,"{'prob_threshold': 0.4, 'kelly_multiplier': 0.4, 'kelly_cap': 0.2, 'profit_threshold': 0.06, 'hard_stop_loss': 0.025, 'max_quantile_spread': 0.1, 'max_iv': 55.0, 'max_concurrent_trades': 10}",0.0,0.0,0.0,0.0,0.0,0,0.0,ok
confluence_sniper,"{'prob_threshold': 0.4, 'kelly_multiplier': 0.4, 'kelly_cap': 0.2, 'profit_threshold': 0.06, 'hard_stop_loss': 0.025, 'max_quantile_spread': 0.1, 'max_iv': 70.0, 'max_concurrent_trades': 5}",0.0,0.0,0.0,0.0,0.0,0,0.0,ok
confluence_sniper,"{'prob_threshold': 0.4, 'kelly_multiplier': 0.4, 'kelly_cap': 0.2, 'profit_threshold': 0.06, 'hard_stop_loss': 0.025, 'max_quantile_spread': 0.15, 'max_iv': 55.0, 'max_concurrent_trades': 5}",0.4437,0.8874,0.0469,0.0,100.0,1,0.0,ok
confluence_sniper,"{'prob_threshold': 0.4, 'kelly_multiplier': 0.4, 'kelly_cap': 0.2, 'profit_threshold': 0.06, 'hard_stop_loss': 0.025, 'max_quantile_spread': 0.1, 'max_iv': 70.0, 'max_concurrent_trades': 10}",0.0,0.0,0.0,0.0,0.0,0,0.0,ok
confluence_sniper,"{'prob_threshold': 0.4, 'kelly_multiplier': 0.4, 'kelly_cap': 0.2, 'profit_threshold': 0.06, 'hard_stop_loss': 0.025, 'max_quantile_spread': 0.15, 'max_iv': 70.0, 'max_concurrent_trades': 5}",0.4437,0.8874,0.0469,0.0,100.0,1,0.0,ok
confluence_sniper,"{'prob_threshold': 0.4, 'kelly_multiplier': 0.4, 'kelly_cap': 0.2, 'profit_threshold': 0.06, 'hard_stop_loss': 0.025, 'max_quantile_spread': 0.15, 'max_iv': 70.0, 'max_concurrent_trades': 10}",0.4437,0.8874,0.0469,0.0,100.0,1,0.0,ok
confluence_sniper,"{'prob_threshold': 0.4, 'kelly_multiplier': 0.4, 'kelly_cap': 0.2, 'profit_threshold': 0.06, 'hard_stop_loss': 0.025, 'max_quantile_spread': 0.15, 'max_iv': 55.0, 'max_concurrent_trades': 10}",0.4437,0.8874,0.0469,0.0,100.0,1,0.0,ok
confluence_sniper,"{'prob_threshold': 0.4, 'kelly_multiplier': 0.4, 'kelly_cap': 0.2, 'profit_threshold': 0.06, 'hard_stop_loss': 0.03, 'max_quantile_spread': 0.1, 'max_iv': 55.0, 'max_concurrent_trades': 5}",0.0,0.0,0.0,0.0,0.0,0,0.0,ok
confluence_sniper,"{'prob_threshold': 0.4, 'kelly_multiplier': 0.4, 'kelly_cap': 0.2, 'profit_threshold': 0.06, 'hard_stop_loss': 0.03, 'max_quantile_spread': 0.1, 'max_iv': 55.0, 'max_concurrent_trades': 10}",0.0,0.0,0.0,0.0,0.0,0,0.0,ok
confluence_sniper,"{'prob_threshold': 0.4, 'kelly_multiplier': 0.4, 'kelly_cap': 0.2, 'profit_threshold': 0.06, 'hard_stop_loss': 0.03, 'max_quantile_spread': 0.1, 'max_iv': 70.0, 'max_concurrent_trades': 5}",0.0,0.0,0.0,0.0,0.0,0,0.0,ok
confluence_sniper,"{'prob_threshold': 0.4, 'kelly_multiplier': 0.4, 'kelly_cap': 0.2, 'profit_threshold': 0.06, 'hard_stop_loss': 0.03, 'max_quantile_spread': 0.1, 'max_iv': 70.0, 'max_concurrent_trades': 10}",0.0,0.0,0.0,0.0,0.0,0,0.0,ok
confluence_sniper,"{'prob_threshold': 0.4, 'kelly_multiplier': 0.4, 'kelly_cap': 0.2, 'profit_threshold': 0.06, 'hard_stop_loss': 0.03, 'max_quantile_spread': 0.15, 'max_iv': 55.0, 'max_concurrent_trades': 5}",0.4437,0.8874,0.0332,0.0,100.0,1,0.0,ok
confluence_sniper,"{'prob_threshold': 0.4, 'kelly_multiplier': 0.4, 'kelly_cap': 0.2, 'profit_threshold': 0.06, 'hard_stop_loss': 0.03, 'max_quantile_spread': 0.15, 'max_iv': 55.0, 'max_concurrent_trades': 10}",0.4437,0.8874,0.0332,0.0,100.0,1,0.0,ok
confluence_sniper,"{'prob_threshold': 0.4, 'kelly_multiplier': 0.4, 'kelly_cap': 0.2, 'profit_threshold': 0.06, 'hard_stop_loss': 0.03, 'max_quantile_spread': 0.15, 'max_iv': 70.0, 'max_concurrent_trades': 10}",0.4437,0.8874,0.0332,0.0,100.0,1,0.0,ok
confluence_sniper,"{'prob_threshold': 0.4, 'kelly_multiplier': 0.4, 'kelly_cap': 0.2, 'profit_threshold': 0.06, 'hard_stop_loss': 0.03, 'max_quantile_spread': 0.15, 'max_iv': 70.0, 'max_concurrent_trades': 5}",0.4437,0.8874,0.0332,0.0,100.0,1,0.0,ok
confluence_sniper,"{'prob_threshold': 0.4, 'kelly_multiplier': 0.4, 'kelly_cap': 0.2, 'profit_threshold': 0.06, 'hard_stop_loss': 0.035, 'max_quantile_spread': 0.1, 'max_iv': 55.0, 'max_concurrent_trades': 5}",0.0,0.0,0.0,0.0,0.0,0,0.0,ok
confluence_sniper,"{'prob_threshold': 0.4, 'kelly_multiplier': 0.4, 'kelly_cap': 0.2, 'profit_threshold': 0.06, 'hard_stop_loss': 0.035, 'max_quantile_spread': 0.1, 'max_iv': 70.0, 'max_concurrent_trades': 5}",0.0,0.0,0.0,0.0,0.0,0,0.0,ok
confluence_sniper,"{'prob_threshold': 0.4, 'kelly_multiplier': 0.4, 'kelly_cap': 0.2, 'profit_threshold': 0.06, 'hard_stop_loss': 0.035, 'max_quantile_spread': 0.1, 'max_iv': 55.0, 'max_concurrent_trades': 10}",0.0,0.0,0.0,0.0,0.0,0,0.0,ok
confluence_sniper,"{'prob_threshold': 0.4, 'kelly_multiplier': 0.4, 'kelly_cap': 0.2, 'profit_threshold': 0.06, 'hard_stop_loss': 0.035, 'max_quantile_spread': 0.1, 'max_iv': 70.0, 'max_concurrent_trades': 10}",0.0,0.0,0.0,0.0,0.0,0,0.0,ok
confluence_sniper,"{'prob_threshold': 0.4, 'kelly_multiplier': 0.4, 'kelly_cap': 0.2, 'profit_threshold': 0.06, 'hard_stop_loss': 0.035, 'max_quantile_spread': 0.15, 'max_iv': 55.0, 'max_concurrent_trades': 10}",0.4437,0.8874,0.0195,0.0,100.0,1,0.0,ok
confluence_sniper,"{'prob_threshold': 0.4, 'kelly_multiplier': 0.4, 'kelly_cap': 0.2, 'profit_threshold': 0.06, 'hard_stop_loss': 0.035, 'max_quantile_spread': 0.15, 'max_iv': 55.0, 'max_concurrent_trades': 5}",0.4437,0.8874,0.0195,0.0,100.0,1,0.0,ok
confluence_sniper,"{'prob_threshold': 0.4, 'kelly_multiplier': 0.4, 'kelly_cap': 0.2, 'profit_threshold': 0.06, 'hard_stop_loss': 0.035, 'max_quantile_spread': 0.15, 'max_iv': 70.0, 'max_concurrent_trades': 5}",0.4437,0.8874,0.0195,0.0,100.0,1,0.0,ok
confluence_sniper,"{'prob_threshold': 0.4, 'kelly_multiplier': 0.4, 'kelly_cap': 0.2, 'profit_threshold': 0.06, 'hard_stop_loss': 0.035, 'max_quantile_spread': 0.15, 'max_iv': 70.0, 'max_concurrent_trades': 10}",0.4437,0.8874,0.0195,0.0,100.0,1,0.0,ok
confluence_sniper,"{'prob_threshold': 0.4, 'kelly_multiplier': 0.4, 'kelly_cap': 0.2, 'profit_threshold': 0.07, 'hard_stop_loss': 0.025, 'max_quantile_spread': 0.1, 'max_iv': 55.0, 'max_concurrent_trades': 5}",0.0,0.0,0.0,0.0,0.0,0,0.0,ok
confluence_sniper,"{'prob_threshold': 0.4, 'kelly_multiplier': 0.4, 'kelly_cap': 0.2, 'profit_threshold': 0.07, 'hard_stop_loss': 0.025, 'max_quantile_spread': 0.1, 'max_iv': 55.0, 'max_concurrent_trades': 10}",0.0,0.0,0.0,0.0,0.0,0,0.0,ok
confluence_sniper,"{'prob_threshold': 0.4, 'kelly_multiplier': 0.4, 'kelly_cap': 0.2, 'profit_threshold': 0.07, 'hard_stop_loss': 0.025, 'max_quantile_spread': 0.1, 'max_iv': 70.0, 'max_concurrent_trades': 5}",0.0,0.0,0.0,0.0,0.0,0,0.0,ok
confluence_sniper,"{'prob_threshold': 0.4, 'kelly_multiplier': 0.4, 'kelly_cap': 0.2, 'profit_threshold': 0.07, 'hard_stop_loss': 0.025, 'max_quantile_spread': 0.15, 'max_iv': 55.0, 'max_concurrent_trades': 10}",0.0,0.0,0.0,0.0,0.0,0,0.0,ok
confluence_sniper,"{'prob_threshold': 0.4, 'kelly_multiplier': 0.4, 'kelly_cap': 0.2, 'profit_threshold': 0.07, 'hard_stop_loss': 0.025, 'max_quantile_spread': 0.15, 'max_iv': 55.0, 'max_concurrent_trades': 5}",0.0,0.0,0.0,0.0,0.0,0,0.0,ok
confluence_sniper,"{'prob_threshold': 0.4, 'kelly_multiplier': 0.4, 'kelly_cap': 0.2, 'profit_threshold': 0.07, 'hard_stop_loss': 0.025, 'max_quantile_spread': 0.15, 'max_iv': 70.0, 'max_concurrent_trades': 5}",0.0,0.0,0.0,0.0,0.0,0,0.0,ok
confluence_sniper,"{'prob_threshold': 0.4, 'kelly_multiplier': 0.4, 'kelly_cap': 0.2, 'profit_threshold': 0.07, 'hard_stop_loss': 0.025, 'max_quantile_spread': 0.1, 'max_iv': 70.0, 'max_concurrent_trades': 10}",0.0,0.0,0.0,0.0,0.0,0,0.0,ok
confluence_sniper,"{'prob_threshold': 0.4, 'kelly_multiplier': 0.4, 'kelly_cap': 0.2, 'profit_threshold': 0.07, 'hard_stop_loss': 0.025, 'max_quantile_spread': 0.15, 'max_iv': 70.0, 'max_concurrent_trades': 10}",0.0,0.0,0.0,0.0,0.0,0,0.0,ok
confluence_sniper,"{'prob_threshold': 0.4, 'kelly_multiplier': 0.4, 'kelly_cap': 0.2, 'profit_threshold': 0.07, 'hard_stop_loss': 0.03, 'max_quantile_spread': 0.1, 'max_iv': 55.0, 'max_concurrent_trades': 5}",0.0,0.0,0.0,0.0,0.0,0,0.0,ok
confluence_sniper,"{'prob_threshold': 0.4, 'kelly_multiplier': 0.4, 'kelly_cap': 0.2, 'profit_threshold': 0.05, 'hard_stop_loss': 0.03, 'max_quantile_spread': 0.15, 'max_iv': 70.0, 'max_concurrent_trades': 5}",-0.1642,-0.0051,-0.1647,0.4,66.67,3,0.5884,ok
confluence_sniper,"{'prob_threshold': 0.4, 'kelly_multiplier': 0.4, 'kelly_cap': 0.2, 'profit_threshold': 0.07, 'hard_stop_loss': 0.03, 'max_quantile_spread': 0.1, 'max_iv': 70.0, 'max_concurrent_trades': 5}",0.0,0.0,0.0,0.0,0.0,0,0.0,ok
confluence_sniper,"{'prob_threshold': 0.4, 'kelly_multiplier': 0.4, 'kelly_cap': 0.2, 'profit_threshold': 0.07, 'hard_stop_loss': 0.03, 'max_quantile_spread': 0.1, 'max_iv': 55.0, 'max_concurrent_trades': 10}",0.0,0.0,0.0,0.0,0.0,0,0.0,ok
confluence_sniper,"{'prob_threshold': 0.4, 'kelly_multiplier': 0.4, 'kelly_cap': 0.2, 'profit_threshold': 0.07, 'hard_stop_loss': 0.03, 'max_quantile_spread': 0.1, 'max_iv': 70.0, 'max_concurrent_trades': 10}",0.0,0.0,0.0,0.0,0.0,0,0.0,ok
confluence_sniper,"{'prob_threshold': 0.4, 'kelly_multiplier': 0.4, 'kelly_cap': 0.2, 'profit_threshold': 0.07, 'hard_stop_loss': 0.03, 'max_quantile_spread': 0.15, 'max_iv': 55.0, 'max_concurrent_trades': 10}",0.0,0.0,0.0,0.0,0.0,0,0.0,ok
confluence_sniper,"{'prob_threshold': 0.4, 'kelly_multiplier': 0.4, 'kelly_cap': 0.2, 'profit_threshold': 0.07, 'hard_stop_loss': 0.03, 'max_quantile_spread': 0.15, 'max_iv': 55.0, 'max_concurrent_trades': 5}",0.0,0.0,0.0,0.0,0.0,0,0.0,ok
confluence_sniper,"{'prob_threshold': 0.4, 'kelly_multiplier': 0.4, 'kelly_cap': 0.2, 'profit_threshold': 0.07, 'hard_stop_loss': 0.03, 'max_quantile_spread': 0.15, 'max_iv': 70.0, 'max_concurrent_trades': 5}",0.0,0.0,0.0,0.0,0.0,0,0.0,ok
confluence_sniper,"{'prob_threshold': 0.4, 'kelly_multiplier': 0.4, 'kelly_cap': 0.2, 'profit_threshold': 0.07, 'hard_stop_loss': 0.03, 'max_quantile_spread': 0.15, 'max_iv': 70.0, 'max_concurrent_trades': 10}",0.0,0.0,0.0,0.0,0.0,0,0.0,ok
confluence_sniper,"{'prob_threshold': 0.4, 'kelly_multiplier': 0.4, 'kelly_cap': 0.2, 'profit_threshold': 0.07, 'hard_stop_loss': 0.035, 'max_quantile_spread': 0.1, 'max_iv': 55.0, 'max_concurrent_trades': 5}",0.0,0.0,0.0,0.0,0.0,0,0.0,ok
confluence_sniper,"{'prob_threshold': 0.4, 'kelly_multiplier': 0.4, 'kelly_cap': 0.2, 'profit_threshold': 0.07, 'hard_stop_loss': 0.035, 'max_quantile_spread': 0.1, 'max_iv': 55.0, 'max_concurrent_trades': 10}",0.0,0.0,0.0,0.0,0.0,0,0.0,ok
confluence_sniper,"{'prob_threshold': 0.4, 'kelly_multiplier': 0.4, 'kelly_cap': 0.2, 'profit_threshold': 0.07, 'hard_stop_loss': 0.035, 'max_quantile_spread': 0.1, 'max_iv': 70.0, 'max_concurrent_trades': 5}",0.0,0.0,0.0,0.0,0.0,0,0.0,ok
confluence_sniper,"{'prob_threshold': 0.4, 'kelly_multiplier': 0.4, 'kelly_cap': 0.2, 'profit_threshold': 0.07, 'hard_stop_loss': 0.035, 'max_quantile_spread': 0.1, 'max_iv': 70.0, 'max_concurrent_trades': 10}",0.0,0.0,0.0,0.0,0.0,0,0.0,ok
confluence_sniper,"{'prob_threshold': 0.4, 'kelly_multiplier': 0.4, 'kelly_cap': 0.2, 'profit_threshold': 0.07, 'hard_stop_loss': 0.035, 'max_quantile_spread': 0.15, 'max_iv': 55.0, 'max_concurrent_trades': 10}",0.0,0.0,0.0,0.0,0.0,0,0.0,ok
confluence_sniper,"{'prob_threshold': 0.4, 'kelly_multiplier': 0.4, 'kelly_cap': 0.2, 'profit_threshold': 0.07, 'hard_stop_loss': 0.035, 'max_quantile_spread': 0.15, 'max_iv': 55.0, 'max_concurrent_trades': 5}",0.0,0.0,0.0,0.0,0.0,0,0.0,ok
confluence_sniper,"{'prob_threshold': 0.4, 'kelly_multiplier': 0.4, 'kelly_cap': 0.2, 'profit_threshold': 0.07, 'hard_stop_loss': 0.035, 'max_quantile_spread': 0.15, 'max_iv': 70.0, 'max_concurrent_trades': 10}",0.0,0.0,0.0,0.0,0.0,0,0.0,ok
confluence_sniper,"{'prob_threshold': 0.4, 'kelly_multiplier': 0.4, 'kelly_cap': 0.2, 'profit_threshold': 0.07, 'hard_stop_loss': 0.035, 'max_quantile_spread': 0.15, 'max_iv': 70.0, 'max_concurrent_trades': 5}",0.0,0.0,0.0,0.0,0.0,0,0.0,ok
confluence_sniper,"{'prob_threshold': 0.4, 'kelly_multiplier': 0.4, 'kelly_cap': 0.3, 'profit_threshold': 0.05, 'hard_stop_loss': 0.025, 'max_quantile_spread': 0.1, 'max_iv': 55.0, 'max_concurrent_trades': 5}",0.0,0.0,0.0,0.0,0.0,0,0.0,ok
confluence_sniper,"{'prob_threshold': 0.4, 'kelly_multiplier': 0.4, 'kelly_cap': 0.3, 'profit_threshold': 0.05, 'hard_stop_loss': 0.025, 'max_quantile_spread': 0.1, 'max_iv': 70.0, 'max_concurrent_trades': 5}",0.0,0.0,0.0,0.0,0.0,0,0.0,ok
confluence_sniper,"{'prob_threshold': 0.4, 'kelly_multiplier': 0.4, 'kelly_cap': 0.3, 'profit_threshold': 0.05, 'hard_stop_loss': 0.025, 'max_quantile_spread': 0.1, 'max_iv': 55.0, 'max_concurrent_trades': 10}",0.0,0.0,0.0,0.0,0.0,0,0.0,ok
confluence_sniper,"{'prob_threshold': 0.4, 'kelly_multiplier': 0.4, 'kelly_cap': 0.3, 'profit_threshold': 0.05, 'hard_stop_loss': 0.025, 'max_quantile_spread': 0.1, 'max_iv': 70.0, 'max_concurrent_trades': 10}",0.0,0.0,0.0,0.0,0.0,0,0.0,ok
confluence_sniper,"{'prob_threshold': 0.4, 'kelly_multiplier': 0.4, 'kelly_cap': 0.3, 'profit_threshold': 0.05, 'hard_stop_loss': 0.025, 'max_quantile_spread': 0.15, 'max_iv': 55.0, 'max_concurrent_trades': 5}",0.4437,0.8874,0.0694,0.0,100.0,1,0.0,ok
confluence_sniper,"{'prob_threshold': 0.4, 'kelly_multiplier': 0.4, 'kelly_cap': 0.3, 'profit_threshold': 0.05, 'hard_stop_loss': 0.025, 'max_quantile_spread': 0.15, 'max_iv': 70.0, 'max_concurrent_trades': 5}",-0.1312,-0.0042,-0.16,0.4726,66.67,3,0.6614,ok
confluence_sniper,"{'prob_threshold': 0.4, 'kelly_multiplier': 0.4, 'kelly_cap': 0.3, 'profit_threshold': 0.05, 'hard_stop_loss': 0.025, 'max_quantile_spread': 0.15, 'max_iv': 55.0, 'max_concurrent_trades': 10}",0.4437,0.8874,0.0694,0.0,100.0,1,0.0,ok
confluence_sniper,"{'prob_threshold': 0.4, 'kelly_multiplier': 0.4, 'kelly_cap': 0.3, 'profit_threshold': 0.05, 'hard_stop_loss': 0.025, 'max_quantile_spread': 0.15, 'max_iv': 70.0, 'max_concurrent_trades': 10}",-0.1312,-0.0042,-0.16,0.4726,66.67,3,0.6614,ok
confluence_sniper,"{'prob_threshold': 0.4, 'kelly_multiplier': 0.4, 'kelly_cap': 0.3, 'profit_threshold': 0.05, 'hard_stop_loss': 0.03, 'max_quantile_spread': 0.1, 'max_iv': 70.0, 'max_concurrent_trades': 5}",0.0,0.0,0.0,0.0,0.0,0,0.0,ok
confluence_sniper,"{'prob_threshold': 0.4, 'kelly_multiplier': 0.4, 'kelly_cap': 0.3, 'profit_threshold': 0.05, 'hard_stop_loss': 0.03, 'max_quantile_spread': 0.1, 'max_iv': 55.0, 'max_concurrent_trades': 5}",0.0,0.0,0.0,0.0,0.0,0,0.0,ok
confluence_sniper,"{'prob_threshold': 0.4, 'kelly_multiplier': 0.4, 'kelly_cap': 0.3, 'profit_threshold': 0.05, 'hard_stop_loss': 0.03, 'max_quantile_spread': 0.1, 'max_iv': 55.0, 'max_concurrent_trades': 10}",0.0,0.0,0.0,0.0,0.0,0,0.0,ok
confluence_sniper,"{'prob_threshold': 0.4, 'kelly_multiplier': 0.4, 'kelly_cap': 0.3, 'profit_threshold': 0.05, 'hard_stop_loss': 0.03, 'max_quantile_spread': 0.1, 'max_iv': 70.0, 'max_concurrent_trades': 10}",0.0,0.0,0.0,0.0,0.0,0,0.0,ok
confluence_sniper,"{'prob_threshold': 0.4, 'kelly_multiplier': 0.4, 'kelly_cap': 0.3, 'profit_threshold': 0.05, 'hard_stop_loss': 0.03, 'max_quantile_spread': 0.15, 'max_iv': 55.0, 'max_concurrent_trades': 10}",0.4437,0.8874,0.0553,0.0,100.0,1,0.0,ok
confluence_sniper,"{'prob_threshold': 0.4, 'kelly_multiplier': 0.4, 'kelly_cap': 0.3, 'profit_threshold': 0.05, 'hard_stop_loss': 0.03, 'max_quantile_spread': 0.15, 'max_iv': 55.0, 'max_concurrent_trades': 5}",0.4437,0.8874,0.0553,0.0,100.0,1,0.0,ok
confluence_sniper,"{'prob_threshold': 0.4, 'kelly_multiplier': 0.4, 'kelly_cap': 0.3, 'profit_threshold': 0.05, 'hard_stop_loss': 0.03, 'max_quantile_spread': 0.15, 'max_iv': 70.0, 'max_concurrent_trades': 5}",-0.1811,-0.0055,-0.1915,0.4268,66.67,3,0.5512,ok
confluence_sniper,"{'prob_threshold': 0.4, 'kelly_multiplier': 0.4, 'kelly_cap': 0.3, 'profit_threshold': 0.05, 'hard_stop_loss': 0.035, 'max_quantile_spread': 0.1, 'max_iv': 55.0, 'max_concurrent_trades': 10}",0.0,0.0,0.0,0.0,0.0,0,0.0,ok
confluence_sniper,"{'prob_threshold': 0.4, 'kelly_multiplier': 0.4, 'kelly_cap': 0.3, 'profit_threshold': 0.05, 'hard_stop_loss': 0.03, 'max_quantile_spread': 0.15, 'max_iv': 70.0, 'max_concurrent_trades': 10}",-0.1811,-0.0055,-0.1915,0.4268,66.67,3,0.5512,ok
confluence_sniper,"{'prob_threshold': 0.4, 'kelly_multiplier': 0.4, 'kelly_cap': 0.3, 'profit_threshold': 0.05, 'hard_stop_loss': 0.035, 'max_quantile_spread': 0.1, 'max_iv': 55.0, 'max_concurrent_trades': 5}",0.0,0.0,0.0,0.0,0.0,0,0.0,ok
confluence_sniper,"{'prob_threshold': 0.4, 'kelly_multiplier': 0.4, 'kelly_cap': 0.3, 'profit_threshold': 0.05, 'hard_stop_loss': 0.035, 'max_quantile_spread': 0.1, 'max_iv': 70.0, 'max_concurrent_trades': 5}",0.0,0.0,0.0,0.0,0.0,0,0.0,ok
confluence_sniper,"{'prob_threshold': 0.4, 'kelly_multiplier': 0.4, 'kelly_cap': 0.3, 'profit_threshold': 0.05, 'hard_stop_loss': 0.035, 'max_quantile_spread': 0.1, 'max_iv': 70.0, 'max_concurrent_trades': 10}",0.0,0.0,0.0,0.0,0.0,0,0.0,ok
confluence_sniper,"{'prob_threshold': 0.4, 'kelly_multiplier': 0.4, 'kelly_cap': 0.3, 'profit_threshold': 0.05, 'hard_stop_loss': 0.035, 'max_quantile_spread': 0.15, 'max_iv': 55.0, 'max_concurrent_trades': 5}",0.4437,0.8874,0.0413,0.0,100.0,1,0.0,ok
confluence_sniper,"{'prob_threshold': 0.4, 'kelly_multiplier': 0.4, 'kelly_cap': 0.3, 'profit_threshold': 0.05, 'hard_stop_loss': 0.035, 'max_quantile_spread': 0.15, 'max_iv': 55.0, 'max_concurrent_trades': 10}",0.4437,0.8874,0.0413,0.0,100.0,1,0.0,ok
confluence_sniper,"{'prob_threshold': 0.4, 'kelly_multiplier': 0.4, 'kelly_cap': 0.3, 'profit_threshold': 0.05, 'hard_stop_loss': 0.035, 'max_quantile_spread': 0.15, 'max_iv': 70.0, 'max_concurrent_trades': 5}",-0.2355,-0.007,-0.2034,0.3614,66.67,3,0.437,ok
confluence_sniper,"{'prob_threshold': 0.4, 'kelly_multiplier': 0.4, 'kelly_cap': 0.3, 'profit_threshold': 0.05, 'hard_stop_loss': 0.035, 'max_quantile_spread': 0.15, 'max_iv': 70.0, 'max_concurrent_trades': 10}",-0.2355,-0.007,-0.2034,0.3614,66.67,3,0.437,ok
confluence_sniper,"{'prob_threshold': 0.4, 'kelly_multiplier': 0.4, 'kelly_cap': 0.3, 'profit_threshold': 0.06, 'hard_stop_loss': 0.025, 'max_quantile_spread': 0.1, 'max_iv': 55.0, 'max_concurrent_trades': 5}",0.0,0.0,0.0,0.0,0.0,0,0.0,ok
confluence_sniper,"{'prob_threshold': 0.4, 'kelly_multiplier': 0.4, 'kelly_cap': 0.3, 'profit_threshold': 0.06, 'hard_stop_loss': 0.025, 'max_quantile_spread': 0.1, 'max_iv': 70.0, 'max_concurrent_trades': 5}",0.0,0.0,0.0,0.0,0.0,0,0.0,ok
confluence_sniper,"{'prob_threshold': 0.4, 'kelly_multiplier': 0.4, 'kelly_cap': 0.3, 'profit_threshold': 0.06, 'hard_stop_loss': 0.025, 'max_quantile_spread': 0.1, 'max_iv': 55.0, 'max_concurrent_trades': 10}",0.0,0.0,0.0,0.0,0.0,0,0.0,ok
confluence_sniper,"{'prob_threshold': 0.4, 'kelly_multiplier': 0.4, 'kelly_cap': 0.3, 'profit_threshold': 0.06, 'hard_stop_loss': 0.025, 'max_quantile_spread': 0.1, 'max_iv': 70.0, 'max_concurrent_trades': 10}",0.0,0.0,0.0,0.0,0.0,0,0.0,ok
confluence_sniper,"{'prob_threshold': 0.4, 'kelly_multiplier': 0.4, 'kelly_cap': 0.3, 'profit_threshold': 0.06, 'hard_stop_loss': 0.025, 'max_quantile_spread': 0.15, 'max_iv': 70.0, 'max_concurrent_trades': 5}",0.4437,0.8874,0.0469,0.0,100.0,1,0.0,ok
confluence_sniper,"{'prob_threshold': 0.4, 'kelly_multiplier': 0.4, 'kelly_cap': 0.3, 'profit_threshold': 0.06, 'hard_stop_loss': 0.025, 'max_quantile_spread': 0.15, 'max_iv': 55.0, 'max_concurrent_trades': 5}",0.4437,0.8874,0.0469,0.0,100.0,1,0.0,ok
confluence_sniper,"{'prob_threshold': 0.4, 'kelly_multiplier': 0.4, 'kelly_cap': 0.3, 'profit_threshold': 0.06, 'hard_stop_loss': 0.025, 'max_quantile_spread': 0.15, 'max_iv': 55.0, 'max_concurrent_trades': 10}",0.4437,0.8874,0.0469,0.0,100.0,1,0.0,ok
confluence_sniper,"{'prob_threshold': 0.4, 'kelly_multiplier': 0.4, 'kelly_cap': 0.3, 'profit_threshold': 0.06, 'hard_stop_loss': 0.025, 'max_quantile_spread': 0.15, 'max_iv': 70.0, 'max_concurrent_trades': 10}",0.4437,0.8874,0.0469,0.0,100.0,1,0.0,ok
confluence_sniper,"{'prob_threshold': 0.4, 'kelly_multiplier': 0.4, 'kelly_cap': 0.3, 'profit_threshold': 0.06, 'hard_stop_loss': 0.03, 'max_quantile_spread': 0.1, 'max_iv': 55.0, 'max_concurrent_trades': 10}",0.0,0.0,0.0,0.0,0.0,0,0.0,ok
confluence_sniper,"{'prob_threshold': 0.4, 'kelly_multiplier': 0.4, 'kelly_cap': 0.3, 'profit_threshold': 0.06, 'hard_stop_loss': 0.03, 'max_quantile_spread': 0.1, 'max_iv': 55.0, 'max_concurrent_trades': 5}",0.0,0.0,0.0,0.0,0.0,0,0.0,ok
confluence_sniper,"{'prob_threshold': 0.4, 'kelly_multiplier': 0.4, 'kelly_cap': 0.3, 'profit_threshold': 0.06, 'hard_stop_loss': 0.03, 'max_quantile_spread': 0.1, 'max_iv': 70.0, 'max_concurrent_trades': 5}",0.0,0.0,0.0,0.0,0.0,0,0.0,ok
confluence_sniper,"{'prob_threshold': 0.4, 'kelly_multiplier': 0.4, 'kelly_cap': 0.3, 'profit_threshold': 0.06, 'hard_stop_loss': 0.03, 'max_quantile_spread': 0.15, 'max_iv': 55.0, 'max_concurrent_trades': 5}",0.4437,0.8874,0.0332,0.0,100.0,1,0.0,ok
confluence_sniper,"{'prob_threshold': 0.4, 'kelly_multiplier': 0.4, 'kelly_cap': 0.3, 'profit_threshold': 0.06, 'hard_stop_loss': 0.03, 'max_quantile_spread': 0.1, 'max_iv': 70.0, 'max_concurrent_trades': 10}",0.0,0.0,0.0,0.0,0.0,0,0.0,ok
confluence_sniper,"{'prob_threshold': 0.4, 'kelly_multiplier': 0.4, 'kelly_cap': 0.3, 'profit_threshold': 0.06, 'hard_stop_loss': 0.03, 'max_quantile_spread': 0.15, 'max_iv': 55.0, 'max_concurrent_trades': 10}",0.4437,0.8874,0.0332,0.0,100.0,1,0.0,ok
confluence_sniper,"{'prob_threshold': 0.4, 'kelly_multiplier': 0.4, 'kelly_cap': 0.3, 'profit_threshold': 0.06, 'hard_stop_loss': 0.03, 'max_quantile_spread': 0.15, 'max_iv': 70.0, 'max_concurrent_trades': 5}",0.4437,0.8874,0.0332,0.0,100.0,1,0.0,ok
confluence_sniper,"{'prob_threshold': 0.4, 'kelly_multiplier': 0.4, 'kelly_cap': 0.3, 'profit_threshold': 0.06, 'hard_stop_loss': 0.03, 'max_quantile_spread': 0.15, 'max_iv': 70.0, 'max_concurrent_trades': 10}",0.4437,0.8874,0.0332,0.0,100.0,1,0.0,ok
confluence_sniper,"{'prob_threshold': 0.4, 'kelly_multiplier': 0.4, 'kelly_cap': 0.3, 'profit_threshold': 0.06, 'hard_stop_loss': 0.035, 'max_quantile_spread': 0.1, 'max_iv': 55.0, 'max_concurrent_trades': 5}",0.0,0.0,0.0,0.0,0.0,0,0.0,ok
confluence_sniper,"{'prob_threshold': 0.4, 'kelly_multiplier': 0.4, 'kelly_cap': 0.3, 'profit_threshold': 0.06, 'hard_stop_loss': 0.035, 'max_quantile_spread': 0.1, 'max_iv': 70.0, 'max_concurrent_trades': 10}",0.0,0.0,0.0,0.0,0.0,0,0.0,ok
confluence_sniper,"{'prob_threshold': 0.4, 'kelly_multiplier': 0.4, 'kelly_cap': 0.3, 'profit_threshold': 0.06, 'hard_stop_loss': 0.035, 'max_quantile_spread': 0.15, 'max_iv': 55.0, 'max_concurrent_trades': 5}",0.4437,0.8874,0.0195,0.0,100.0,1,0.0,ok
confluence_sniper,"{'prob_threshold': 0.4, 'kelly_multiplier': 0.4, 'kelly_cap': 0.3, 'profit_threshold': 0.06, 'hard_stop_loss': 0.035, 'max_quantile_spread': 0.1, 'max_iv': 55.0, 'max_concurrent_trades': 10}",0.0,0.0,0.0,0.0,0.0,0,0.0,ok
confluence_sniper,"{'prob_threshold': 0.4, 'kelly_multiplier': 0.4, 'kelly_cap': 0.3, 'profit_threshold': 0.06, 'hard_stop_loss': 0.035, 'max_quantile_spread': 0.1, 'max_iv': 70.0, 'max_concurrent_trades': 5}",0.0,0.0,0.0,0.0,0.0,0,0.0,ok
confluence_sniper,"{'prob_threshold': 0.4, 'kelly_multiplier': 0.4, 'kelly_cap': 0.3, 'profit_threshold': 0.06, 'hard_stop_loss': 0.035, 'max_quantile_spread': 0.15, 'max_iv': 55.0, 'max_concurrent_trades': 10}",0.4437,0.8874,0.0195,0.0,100.0,1,0.0,ok
confluence_sniper,"{'prob_threshold': 0.4, 'kelly_multiplier': 0.4, 'kelly_cap': 0.3, 'profit_threshold': 0.06, 'hard_stop_loss': 0.035, 'max_quantile_spread': 0.15, 'max_iv': 70.0, 'max_concurrent_trades': 5}",0.4437,0.8874,0.0195,0.0,100.0,1,0.0,ok
confluence_sniper,"{'prob_threshold': 0.4, 'kelly_multiplier': 0.4, 'kelly_cap': 0.3, 'profit_threshold': 0.07, 'hard_stop_loss': 0.025, 'max_quantile_spread': 0.1, 'max_iv': 55.0, 'max_concurrent_trades': 5}",0.0,0.0,0.0,0.0,0.0,0,0.0,ok
confluence_sniper,"{'prob_threshold': 0.4, 'kelly_multiplier': 0.4, 'kelly_cap': 0.3, 'profit_threshold': 0.06, 'hard_stop_loss': 0.035, 'max_quantile_spread': 0.15, 'max_iv': 70.0, 'max_concurrent_trades': 10}",0.4437,0.8874,0.0195,0.0,100.0,1,0.0,ok
confluence_sniper,"{'prob_threshold': 0.4, 'kelly_multiplier': 0.4, 'kelly_cap': 0.3, 'profit_threshold': 0.07, 'hard_stop_loss': 0.025, 'max_quantile_spread': 0.1, 'max_iv': 55.0, 'max_concurrent_trades': 10}",0.0,0.0,0.0,0.0,0.0,0,0.0,ok
confluence_sniper,"{'prob_threshold': 0.4, 'kelly_multiplier': 0.4, 'kelly_cap': 0.3, 'profit_threshold': 0.07, 'hard_stop_loss': 0.025, 'max_quantile_spread': 0.1, 'max_iv': 70.0, 'max_concurrent_trades': 5}",0.0,0.0,0.0,0.0,0.0,0,0.0,ok
confluence_sniper,"{'prob_threshold': 0.4, 'kelly_multiplier': 0.4, 'kelly_cap': 0.3, 'profit_threshold': 0.07, 'hard_stop_loss': 0.025, 'max_quantile_spread': 0.15, 'max_iv': 55.0, 'max_concurrent_trades': 5}",0.0,0.0,0.0,0.0,0.0,0,0.0,ok
confluence_sniper,"{'prob_threshold': 0.4, 'kelly_multiplier': 0.4, 'kelly_cap': 0.3, 'profit_threshold': 0.07, 'hard_stop_loss': 0.025, 'max_quantile_spread': 0.1, 'max_iv': 70.0, 'max_concurrent_trades': 10}",0.0,0.0,0.0,0.0,0.0,0,0.0,ok
confluence_sniper,"{'prob_threshold': 0.4, 'kelly_multiplier': 0.4, 'kelly_cap': 0.3, 'profit_threshold': 0.07, 'hard_stop_loss': 0.025, 'max_quantile_spread': 0.15, 'max_iv': 55.0, 'max_concurrent_trades': 10}",0.0,0.0,0.0,0.0,0.0,0,0.0,ok
confluence_sniper,"{'prob_threshold': 0.4, 'kelly_multiplier': 0.4, 'kelly_cap': 0.3, 'profit_threshold': 0.07, 'hard_stop_loss': 0.025, 'max_quantile_spread': 0.15, 'max_iv': 70.0, 'max_concurrent_trades': 5}",0.0,0.0,0.0,0.0,0.0,0,0.0,ok
confluence_sniper,"{'prob_threshold': 0.4, 'kelly_multiplier': 0.4, 'kelly_cap': 0.3, 'profit_threshold': 0.07, 'hard_stop_loss': 0.025, 'max_quantile_spread': 0.15, 'max_iv': 70.0, 'max_concurrent_trades': 10}",0.0,0.0,0.0,0.0,0.0,0,0.0,ok
confluence_sniper,"{'prob_threshold': 0.4, 'kelly_multiplier': 0.4, 'kelly_cap': 0.3, 'profit_threshold': 0.07, 'hard_stop_loss': 0.03, 'max_quantile_spread': 0.1, 'max_iv': 55.0, 'max_concurrent_trades': 5}",0.0,0.0,0.0,0.0,0.0,0,0.0,ok
confluence_sniper,"{'prob_threshold': 0.4, 'kelly_multiplier': 0.4, 'kelly_cap': 0.3, 'profit_threshold': 0.07, 'hard_stop_loss': 0.03, 'max_quantile_spread': 0.1, 'max_iv': 55.0, 'max_concurrent_trades': 10}",0.0,0.0,0.0,0.0,0.0,0,0.0,ok
confluence_sniper,"{'prob_threshold': 0.4, 'kelly_multiplier': 0.4, 'kelly_cap': 0.3, 'profit_threshold': 0.07, 'hard_stop_loss': 0.03, 'max_quantile_spread': 0.1, 'max_iv': 70.0, 'max_concurrent_trades': 10}",0.0,0.0,0.0,0.0,0.0,0,0.0,ok
confluence_sniper,"{'prob_threshold': 0.4, 'kelly_multiplier': 0.4, 'kelly_cap': 0.3, 'profit_threshold': 0.07, 'hard_stop_loss': 0.03, 'max_quantile_spread': 0.15, 'max_iv': 55.0, 'max_concurrent_trades': 5}",0.0,0.0,0.0,0.0,0.0,0,0.0,ok
confluence_sniper,"{'prob_threshold': 0.4, 'kelly_multiplier': 0.4, 'kelly_cap': 0.3, 'profit_threshold': 0.07, 'hard_stop_loss': 0.03, 'max_quantile_spread': 0.1, 'max_iv': 70.0, 'max_concurrent_trades': 5}",0.0,0.0,0.0,0.0,0.0,0,0.0,ok
confluence_sniper,"{'prob_threshold': 0.4, 'kelly_multiplier': 0.4, 'kelly_cap': 0.3, 'profit_threshold': 0.07, 'hard_stop_loss': 0.03, 'max_quantile_spread': 0.15, 'max_iv': 55.0, 'max_concurrent_trades': 10}",0.0,0.0,0.0,0.0,0.0,0,0.0,ok
confluence_sniper,"{'prob_threshold': 0.4, 'kelly_multiplier': 0.4, 'kelly_cap': 0.3, 'profit_threshold': 0.07, 'hard_stop_loss': 0.03, 'max_quantile_spread': 0.15, 'max_iv': 70.0, 'max_concurrent_trades': 10}",0.0,0.0,0.0,0.0,0.0,0,0.0,ok
confluence_sniper,"{'prob_threshold': 0.4, 'kelly_multiplier': 0.4, 'kelly_cap': 0.3, 'profit_threshold': 0.07, 'hard_stop_loss': 0.03, 'max_quantile_spread': 0.15, 'max_iv': 70.0, 'max_concurrent_trades': 5}",0.0,0.0,0.0,0.0,0.0,0,0.0,ok
confluence_sniper,"{'prob_threshold': 0.4, 'kelly_multiplier': 0.4, 'kelly_cap': 0.3, 'profit_threshold': 0.07, 'hard_stop_loss': 0.035, 'max_quantile_spread': 0.1, 'max_iv': 55.0, 'max_concurrent_trades': 5}",0.0,0.0,0.0,0.0,0.0,0,0.0,ok
confluence_sniper,"{'prob_threshold': 0.4, 'kelly_multiplier': 0.4, 'kelly_cap': 0.3, 'profit_threshold': 0.07, 'hard_stop_loss': 0.035, 'max_quantile_spread': 0.1, 'max_iv': 55.0, 'max_concurrent_trades': 10}",0.0,0.0,0.0,0.0,0.0,0,0.0,ok
confluence_sniper,"{'prob_threshold': 0.4, 'kelly_multiplier': 0.4, 'kelly_cap': 0.3, 'profit_threshold': 0.07, 'hard_stop_loss': 0.035, 'max_quantile_spread': 0.1, 'max_iv': 70.0, 'max_concurrent_trades': 5}",0.0,0.0,0.0,0.0,0.0,0,0.0,ok
confluence_sniper,"{'prob_threshold': 0.4, 'kelly_multiplier': 0.4, 'kelly_cap': 0.3, 'profit_threshold': 0.07, 'hard_stop_loss': 0.035, 'max_quantile_spread': 0.15, 'max_iv': 55.0, 'max_concurrent_trades': 5}",0.0,0.0,0.0,0.0,0.0,0,0.0,ok
confluence_sniper,"{'prob_threshold': 0.4, 'kelly_multiplier': 0.4, 'kelly_cap': 0.3, 'profit_threshold': 0.07, 'hard_stop_loss': 0.035, 'max_quantile_spread': 0.1, 'max_iv': 70.0, 'max_concurrent_trades': 10}",0.0,0.0,0.0,0.0,0.0,0,0.0,ok
confluence_sniper,"{'prob_threshold': 0.4, 'kelly_multiplier': 0.4, 'kelly_cap': 0.3, 'profit_threshold': 0.07, 'hard_stop_loss': 0.035, 'max_quantile_spread': 0.15, 'max_iv': 70.0, 'max_concurrent_trades': 5}",0.0,0.0,0.0,0.0,0.0,0,0.0,ok
confluence_sniper,"{'prob_threshold': 0.4, 'kelly_multiplier': 0.4, 'kelly_cap': 0.3, 'profit_threshold': 0.07, 'hard_stop_loss': 0.035, 'max_quantile_spread': 0.15, 'max_iv': 55.0, 'max_concurrent_trades': 10}",0.0,0.0,0.0,0.0,0.0,0,0.0,ok
confluence_sniper,"{'prob_threshold': 0.4, 'kelly_multiplier': 0.4, 'kelly_cap': 0.3, 'profit_threshold': 0.07, 'hard_stop_loss': 0.035, 'max_quantile_spread': 0.15, 'max_iv': 70.0, 'max_concurrent_trades': 10}",0.0,0.0,0.0,0.0,0.0,0,0.0,ok
confluence_sniper,"{'prob_threshold': 0.4, 'kelly_multiplier': 0.6, 'kelly_cap': 0.2, 'profit_threshold': 0.05, 'hard_stop_loss': 0.025, 'max_quantile_spread': 0.1, 'max_iv': 55.0, 'max_concurrent_trades': 5}",0.0,0.0,0.0,0.0,0.0,0,0.0,ok
confluence_sniper,"{'prob_threshold': 0.4, 'kelly_multiplier': 0.6, 'kelly_cap': 0.2, 'profit_threshold': 0.05, 'hard_stop_loss': 0.025, 'max_quantile_spread': 0.1, 'max_iv': 55.0, 'max_concurrent_trades': 10}",0.0,0.0,0.0,0.0,0.0,0,0.0,ok
confluence_sniper,"{'prob_threshold': 0.4, 'kelly_multiplier': 0.6, 'kelly_cap': 0.2, 'profit_threshold': 0.05, 'hard_stop_loss': 0.025, 'max_quantile_spread': 0.1, 'max_iv': 70.0, 'max_concurrent_trades': 10}",0.0,0.0,0.0,0.0,0.0,0,0.0,ok
confluence_sniper,"{'prob_threshold': 0.4, 'kelly_multiplier': 0.6, 'kelly_cap': 0.2, 'profit_threshold': 0.05, 'hard_stop_loss': 0.025, 'max_quantile_spread': 0.1, 'max_iv': 70.0, 'max_concurrent_trades': 5}",0.0,0.0,0.0,0.0,0.0,0,0.0,ok
confluence_sniper,"{'prob_threshold': 0.4, 'kelly_multiplier': 0.6, 'kelly_cap': 0.2, 'profit_threshold': 0.05, 'hard_stop_loss': 0.025, 'max_quantile_spread': 0.15, 'max_iv': 55.0, 'max_concurrent_trades': 10}",0.4437,0.8874,0.084,0.0,100.0,1,0.0,ok
confluence_sniper,"{'prob_threshold': 0.4, 'kelly_multiplier': 0.6, 'kelly_cap': 0.2, 'profit_threshold': 0.05, 'hard_stop_loss': 0.025, 'max_quantile_spread': 0.15, 'max_iv': 55.0, 'max_concurrent_trades': 5}",0.4437,0.8874,0.084,0.0,100.0,1,0.0,ok
confluence_sniper,"{'prob_threshold': 0.4, 'kelly_multiplier': 0.6, 'kelly_cap': 0.2, 'profit_threshold': 0.05, 'hard_stop_loss': 0.025, 'max_quantile_spread': 0.15, 'max_iv': 70.0, 'max_concurrent_trades': 10}",-0.0651,-0.0022,-0.0981,0.54,66.67,3,0.8184,ok
confluence_sniper,"{'prob_threshold': 0.4, 'kelly_multiplier': 0.6, 'kelly_cap': 0.2, 'profit_threshold': 0.05, 'hard_stop_loss': 0.025, 'max_quantile_spread': 0.15, 'max_iv': 70.0, 'max_concurrent_trades': 5}",-0.0651,-0.0022,-0.0981,0.54,66.67,3,0.8184,ok
confluence_sniper,"{'prob_threshold': 0.4, 'kelly_multiplier': 0.6, 'kelly_cap': 0.2, 'profit_threshold': 0.05, 'hard_stop_loss': 0.03, 'max_quantile_spread': 0.1, 'max_iv': 55.0, 'max_concurrent_trades': 5}",0.0,0.0,0.0,0.0,0.0,0,0.0,ok
confluence_sniper,"{'prob_threshold': 0.4, 'kelly_multiplier': 0.6, 'kelly_cap': 0.2, 'profit_threshold': 0.05, 'hard_stop_loss': 0.03, 'max_quantile_spread': 0.1, 'max_iv': 70.0, 'max_concurrent_trades': 5}",0.0,0.0,0.0,0.0,0.0,0,0.0,ok
confluence_sniper,"{'prob_threshold': 0.4, 'kelly_multiplier': 0.6, 'kelly_cap': 0.2, 'profit_threshold': 0.05, 'hard_stop_loss': 0.03, 'max_quantile_spread': 0.1, 'max_iv': 55.0, 'max_concurrent_trades': 10}",0.0,0.0,0.0,0.0,0.0,0,0.0,ok
confluence_sniper,"{'prob_threshold': 0.4, 'kelly_multiplier': 0.6, 'kelly_cap': 0.2, 'profit_threshold': 0.05, 'hard_stop_loss': 0.03, 'max_quantile_spread': 0.1, 'max_iv': 70.0, 'max_concurrent_trades': 10}",0.0,0.0,0.0,0.0,0.0,0,0.0,ok
confluence_sniper,"{'prob_threshold': 0.4, 'kelly_multiplier': 0.6, 'kelly_cap': 0.2, 'profit_threshold': 0.05, 'hard_stop_loss': 0.03, 'max_quantile_spread': 0.15, 'max_iv': 55.0, 'max_concurrent_trades': 5}",0.4437,0.8874,0.083,0.0,100.0,1,0.0,ok
confluence_sniper,"{'prob_threshold': 0.4, 'kelly_multiplier': 0.6, 'kelly_cap': 0.2, 'profit_threshold': 0.05, 'hard_stop_loss': 0.03, 'max_quantile_spread': 0.15, 'max_iv': 70.0, 'max_concurrent_trades': 5}",-0.1642,-0.0051,-0.2476,0.6,66.67,3,0.5873,ok
confluence_sniper,"{'prob_threshold': 0.4, 'kelly_multiplier': 0.6, 'kelly_cap': 0.2, 'profit_threshold': 0.05, 'hard_stop_loss': 0.03, 'max_quantile_spread': 0.15, 'max_iv': 55.0, 'max_concurrent_trades': 10}",0.4437,0.8874,0.083,0.0,100.0,1,0.0,ok
confluence_sniper,"{'prob_threshold': 0.4, 'kelly_multiplier': 0.6, 'kelly_cap': 0.2, 'profit_threshold': 0.05, 'hard_stop_loss': 0.03, 'max_quantile_spread': 0.15, 'max_iv': 70.0, 'max_concurrent_trades': 10}",-0.1642,-0.0051,-0.2476,0.6,66.67,3,0.5873,ok
confluence_sniper,"{'prob_threshold': 0.4, 'kelly_multiplier': 0.6, 'kelly_cap': 0.2, 'profit_threshold': 0.05, 'hard_stop_loss': 0.035, 'max_quantile_spread': 0.1, 'max_iv': 55.0, 'max_concurrent_trades': 5}",0.0,0.0,0.0,0.0,0.0,0,0.0,ok
confluence_sniper,"{'prob_threshold': 0.4, 'kelly_multiplier': 0.6, 'kelly_cap': 0.2, 'profit_threshold': 0.05, 'hard_stop_loss': 0.035, 'max_quantile_spread': 0.1, 'max_iv': 55.0, 'max_concurrent_trades': 10}",0.0,0.0,0.0,0.0,0.0,0,0.0,ok
confluence_sniper,"{'prob_threshold': 0.4, 'kelly_multiplier': 0.6, 'kelly_cap': 0.2, 'profit_threshold': 0.05, 'hard_stop_loss': 0.035, 'max_quantile_spread': 0.1, 'max_iv': 70.0, 'max_concurrent_trades': 5}",0.0,0.0,0.0,0.0,0.0,0,0.0,ok
confluence_sniper,"{'prob_threshold': 0.4, 'kelly_multiplier': 0.6, 'kelly_cap': 0.2, 'profit_threshold': 0.05, 'hard_stop_loss': 0.035, 'max_quantile_spread': 0.1, 'max_iv': 70.0, 'max_concurrent_trades': 10}",0.0,0.0,0.0,0.0,0.0,0,0.0,ok
confluence_sniper,"{'prob_threshold': 0.4, 'kelly_multiplier': 0.6, 'kelly_cap': 0.2, 'profit_threshold': 0.05, 'hard_stop_loss': 0.035, 'max_quantile_spread': 0.15, 'max_iv': 55.0, 'max_concurrent_trades': 10}",0.4437,0.8874,0.0619,0.0,100.0,1,0.0,ok
confluence_sniper,"{'prob_threshold': 0.4, 'kelly_multiplier': 0.6, 'kelly_cap': 0.2, 'profit_threshold': 0.05, 'hard_stop_loss': 0.035, 'max_quantile_spread': 0.15, 'max_iv': 55.0, 'max_concurrent_trades': 5}",0.4437,0.8874,0.0619,0.0,100.0,1,0.0,ok
confluence_sniper,"{'prob_threshold': 0.4, 'kelly_multiplier': 0.6, 'kelly_cap': 0.2, 'profit_threshold': 0.05, 'hard_stop_loss': 0.035, 'max_quantile_spread': 0.15, 'max_iv': 70.0, 'max_concurrent_trades': 5}",-0.2356,-0.007,-0.3055,0.542,66.67,3,0.4363,ok
confluence_sniper,"{'prob_threshold': 0.4, 'kelly_multiplier': 0.6, 'kelly_cap': 0.2, 'profit_threshold': 0.06, 'hard_stop_loss': 0.025, 'max_quantile_spread': 0.1, 'max_iv': 55.0, 'max_concurrent_trades': 5}",0.0,0.0,0.0,0.0,0.0,0,0.0,ok
confluence_sniper,"{'prob_threshold': 0.4, 'kelly_multiplier': 0.6, 'kelly_cap': 0.2, 'profit_threshold': 0.05, 'hard_stop_loss': 0.035, 'max_quantile_spread': 0.15, 'max_iv': 70.0, 'max_concurrent_trades': 10}",-0.2356,-0.007,-0.3055,0.542,66.67,3,0.4363,ok
confluence_sniper,"{'prob_threshold': 0.4, 'kelly_multiplier': 0.6, 'kelly_cap': 0.2, 'profit_threshold': 0.06, 'hard_stop_loss': 0.025, 'max_quantile_spread': 0.1, 'max_iv': 55.0, 'max_concurrent_trades': 10}",0.0,0.0,0.0,0.0,0.0,0,0.0,ok
confluence_sniper,"{'prob_threshold': 0.4, 'kelly_multiplier': 0.6, 'kelly_cap': 0.2, 'profit_threshold': 0.06, 'hard_stop_loss': 0.025, 'max_quantile_spread': 0.1, 'max_iv': 70.0, 'max_concurrent_trades': 5}",0.0,0.0,0.0,0.0,0.0,0,0.0,ok
confluence_sniper,"{'prob_threshold': 0.4, 'kelly_multiplier': 0.6, 'kelly_cap': 0.2, 'profit_threshold': 0.06, 'hard_stop_loss': 0.025, 'max_quantile_spread': 0.1, 'max_iv': 70.0, 'max_concurrent_trades': 10}",0.0,0.0,0.0,0.0,0.0,0,0.0,ok
confluence_sniper,"{'prob_threshold': 0.4, 'kelly_multiplier': 0.6, 'kelly_cap': 0.2, 'profit_threshold': 0.06, 'hard_stop_loss': 0.025, 'max_quantile_spread': 0.15, 'max_iv': 55.0, 'max_concurrent_trades': 10}",0.4437,0.8874,0.0704,0.0,100.0,1,0.0,ok
confluence_sniper,"{'prob_threshold': 0.4, 'kelly_multiplier': 0.6, 'kelly_cap': 0.2, 'profit_threshold': 0.06, 'hard_stop_loss': 0.025, 'max_quantile_spread': 0.15, 'max_iv': 55.0, 'max_concurrent_trades': 5}",0.4437,0.8874,0.0704,0.0,100.0,1,0.0,ok
confluence_sniper,"{'prob_threshold': 0.4, 'kelly_multiplier': 0.6, 'kelly_cap': 0.2, 'profit_threshold': 0.06, 'hard_stop_loss': 0.025, 'max_quantile_spread': 0.15, 'max_iv': 70.0, 'max_concurrent_trades': 10}",0.4437,0.8874,0.0704,0.0,100.0,1,0.0,ok
confluence_sniper,"{'prob_threshold': 0.4, 'kelly_multiplier': 0.6, 'kelly_cap': 0.2, 'profit_threshold': 0.06, 'hard_stop_loss': 0.025, 'max_quantile_spread': 0.15, 'max_iv': 70.0, 'max_concurrent_trades': 5}",0.4437,0.8874,0.0704,0.0,100.0,1,0.0,ok
confluence_sniper,"{'prob_threshold': 0.4, 'kelly_multiplier': 0.6, 'kelly_cap': 0.2, 'profit_threshold': 0.06, 'hard_stop_loss': 0.03, 'max_quantile_spread': 0.1, 'max_iv': 55.0, 'max_concurrent_trades': 5}",0.0,0.0,0.0,0.0,0.0,0,0.0,ok
confluence_sniper,"{'prob_threshold': 0.4, 'kelly_multiplier': 0.6, 'kelly_cap': 0.2, 'profit_threshold': 0.06, 'hard_stop_loss': 0.03, 'max_quantile_spread': 0.1, 'max_iv': 55.0, 'max_concurrent_trades': 10}",0.0,0.0,0.0,0.0,0.0,0,0.0,ok
confluence_sniper,"{'prob_threshold': 0.4, 'kelly_multiplier': 0.6, 'kelly_cap': 0.2, 'profit_threshold': 0.06, 'hard_stop_loss': 0.03, 'max_quantile_spread': 0.1, 'max_iv': 70.0, 'max_concurrent_trades': 5}",0.0,0.0,0.0,0.0,0.0,0,0.0,ok
confluence_sniper,"{'prob_threshold': 0.4, 'kelly_multiplier': 0.6, 'kelly_cap': 0.2, 'profit_threshold': 0.06, 'hard_stop_loss': 0.03, 'max_quantile_spread': 0.15, 'max_iv': 55.0, 'max_concurrent_trades': 5}",0.4437,0.8874,0.0498,0.0,100.0,1,0.0,ok
confluence_sniper,"{'prob_threshold': 0.4, 'kelly_multiplier': 0.6, 'kelly_cap': 0.2, 'profit_threshold': 0.06, 'hard_stop_loss': 0.03, 'max_quantile_spread': 0.1, 'max_iv': 70.0, 'max_concurrent_trades': 10}",0.0,0.0,0.0,0.0,0.0,0,0.0,ok
confluence_sniper,"{'prob_threshold': 0.4, 'kelly_multiplier': 0.6, 'kelly_cap': 0.2, 'profit_threshold': 0.06, 'hard_stop_loss': 0.03, 'max_quantile_spread': 0.15, 'max_iv': 70.0, 'max_concurrent_trades': 5}",0.4437,0.8874,0.0498,0.0,100.0,1,0.0,ok
confluence_sniper,"{'prob_threshold': 0.4, 'kelly_multiplier': 0.6, 'kelly_cap': 0.2, 'profit_threshold': 0.06, 'hard_stop_loss': 0.03, 'max_quantile_spread': 0.15, 'max_iv': 55.0, 'max_concurrent_trades': 10}",0.4437,0.8874,0.0498,0.0,100.0,1,0.0,ok
confluence_sniper,"{'prob_threshold': 0.4, 'kelly_multiplier': 0.6, 'kelly_cap': 0.2, 'profit_threshold': 0.06, 'hard_stop_loss': 0.035, 'max_quantile_spread': 0.1, 'max_iv': 55.0, 'max_concurrent_trades': 5}",0.0,0.0,0.0,0.0,0.0,0,0.0,ok
confluence_sniper,"{'prob_threshold': 0.4, 'kelly_multiplier': 0.6, 'kelly_cap': 0.2, 'profit_threshold': 0.06, 'hard_stop_loss': 0.03, 'max_quantile_spread': 0.15, 'max_iv': 70.0, 'max_concurrent_trades': 10}",0.4437,0.8874,0.0498,0.0,100.0,1,0.0,ok
confluence_sniper,"{'prob_threshold': 0.4, 'kelly_multiplier': 0.6, 'kelly_cap': 0.2, 'profit_threshold': 0.06, 'hard_stop_loss': 0.035, 'max_quantile_spread': 0.1, 'max_iv': 55.0, 'max_concurrent_trades': 10}",0.0,0.0,0.0,0.0,0.0,0,0.0,ok
confluence_sniper,"{'prob_threshold': 0.4, 'kelly_multiplier': 0.6, 'kelly_cap': 0.2, 'profit_threshold': 0.06, 'hard_stop_loss': 0.035, 'max_quantile_spread': 0.1, 'max_iv': 70.0, 'max_concurrent_trades': 5}",0.0,0.0,0.0,0.0,0.0,0,0.0,ok
confluence_sniper,"{'prob_threshold': 0.4, 'kelly_multiplier': 0.6, 'kelly_cap': 0.2, 'profit_threshold': 0.06, 'hard_stop_loss': 0.035, 'max_quantile_spread': 0.1, 'max_iv': 70.0, 'max_concurrent_trades': 10}",0.0,0.0,0.0,0.0,0.0,0,0.0,ok
confluence_sniper,"{'prob_threshold': 0.4, 'kelly_multiplier': 0.6, 'kelly_cap': 0.2, 'profit_threshold': 0.06, 'hard_stop_loss': 0.035, 'max_quantile_spread': 0.15, 'max_iv': 55.0, 'max_concurrent_trades': 5}",0.4437,0.8874,0.0292,0.0,100.0,1,0.0,ok
confluence_sniper,"{'prob_threshold': 0.4, 'kelly_multiplier': 0.6, 'kelly_cap': 0.2, 'profit_threshold': 0.06, 'hard_stop_loss': 0.035, 'max_quantile_spread': 0.15, 'max_iv': 55.0, 'max_concurrent_trades': 10}",0.4437,0.8874,0.0292,0.0,100.0,1,0.0,ok
confluence_sniper,"{'prob_threshold': 0.4, 'kelly_multiplier': 0.6, 'kelly_cap': 0.2, 'profit_threshold': 0.06, 'hard_stop_loss': 0.035, 'max_quantile_spread': 0.15, 'max_iv': 70.0, 'max_concurrent_trades': 10}",0.4437,0.8874,0.0292,0.0,100.0,1,0.0,ok
confluence_sniper,"{'prob_threshold': 0.4, 'kelly_multiplier': 0.6, 'kelly_cap': 0.2, 'profit_threshold': 0.06, 'hard_stop_loss': 0.035, 'max_quantile_spread': 0.15, 'max_iv': 70.0, 'max_concurrent_trades': 5}",0.4437,0.8874,0.0292,0.0,100.0,1,0.0,ok
confluence_sniper,"{'prob_threshold': 0.4, 'kelly_multiplier': 0.6, 'kelly_cap': 0.2, 'profit_threshold': 0.07, 'hard_stop_loss': 0.025, 'max_quantile_spread': 0.1, 'max_iv': 55.0, 'max_concurrent_trades': 10}",0.0,0.0,0.0,0.0,0.0,0,0.0,ok
confluence_sniper,"{'prob_threshold': 0.4, 'kelly_multiplier': 0.6, 'kelly_cap': 0.2, 'profit_threshold': 0.07, 'hard_stop_loss': 0.025, 'max_quantile_spread': 0.1, 'max_iv': 55.0, 'max_concurrent_trades': 5}",0.0,0.0,0.0,0.0,0.0,0,0.0,ok
confluence_sniper,"{'prob_threshold': 0.4, 'kelly_multiplier': 0.6, 'kelly_cap': 0.2, 'profit_threshold': 0.07, 'hard_stop_loss': 0.025, 'max_quantile_spread': 0.1, 'max_iv': 70.0, 'max_concurrent_trades': 10}",0.0,0.0,0.0,0.0,0.0,0,0.0,ok
confluence_sniper,"{'prob_threshold': 0.4, 'kelly_multiplier': 0.6, 'kelly_cap': 0.2, 'profit_threshold': 0.07, 'hard_stop_loss': 0.025, 'max_quantile_spread': 0.1, 'max_iv': 70.0, 'max_concurrent_trades': 5}",0.0,0.0,0.0,0.0,0.0,0,0.0,ok
confluence_sniper,"{'prob_threshold': 0.4, 'kelly_multiplier': 0.6, 'kelly_cap': 0.2, 'profit_threshold': 0.07, 'hard_stop_loss': 0.025, 'max_quantile_spread': 0.15, 'max_iv': 55.0, 'max_concurrent_trades': 5}",0.0,0.0,0.0,0.0,0.0,0,0.0,ok
confluence_sniper,"{'prob_threshold': 0.4, 'kelly_multiplier': 0.6, 'kelly_cap': 0.2, 'profit_threshold': 0.07, 'hard_stop_loss': 0.025, 'max_quantile_spread': 0.15, 'max_iv': 70.0, 'max_concurrent_trades': 5}",0.0,0.0,0.0,0.0,0.0,0,0.0,ok
confluence_sniper,"{'prob_threshold': 0.4, 'kelly_multiplier': 0.6, 'kelly_cap': 0.2, 'profit_threshold': 0.07, 'hard_stop_loss': 0.025, 'max_quantile_spread': 0.15, 'max_iv': 55.0, 'max_concurrent_trades': 10}",0.0,0.0,0.0,0.0,0.0,0,0.0,ok
confluence_sniper,"{'prob_threshold': 0.4, 'kelly_multiplier': 0.6, 'kelly_cap': 0.2, 'profit_threshold': 0.07, 'hard_stop_loss': 0.025, 'max_quantile_spread': 0.15, 'max_iv': 70.0, 'max_concurrent_trades': 10}",0.0,0.0,0.0,0.0,0.0,0,0.0,ok
confluence_sniper,"{'prob_threshold': 0.4, 'kelly_multiplier': 0.6, 'kelly_cap': 0.2, 'profit_threshold': 0.07, 'hard_stop_loss': 0.03, 'max_quantile_spread': 0.1, 'max_iv': 55.0, 'max_concurrent_trades': 5}",0.0,0.0,0.0,0.0,0.0,0,0.0,ok
confluence_sniper,"{'prob_threshold': 0.4, 'kelly_multiplier': 0.6, 'kelly_cap': 0.2, 'profit_threshold': 0.07, 'hard_stop_loss': 0.03, 'max_quantile_spread': 0.1, 'max_iv': 70.0, 'max_concurrent_trades': 5}",0.0,0.0,0.0,0.0,0.0,0,0.0,ok
confluence_sniper,"{'prob_threshold': 0.4, 'kelly_multiplier': 0.6, 'kelly_cap': 0.2, 'profit_threshold': 0.07, 'hard_stop_loss': 0.03, 'max_quantile_spread': 0.1, 'max_iv': 55.0, 'max_concurrent_trades': 10}",0.0,0.0,0.0,0.0,0.0,0,0.0,ok
confluence_sniper,"{'prob_threshold': 0.4, 'kelly_multiplier': 0.6, 'kelly_cap': 0.2, 'profit_threshold': 0.07, 'hard_stop_loss': 0.03, 'max_quantile_spread': 0.1, 'max_iv': 70.0, 'max_concurrent_trades': 10}",0.0,0.0,0.0,0.0,0.0,0,0.0,ok
confluence_sniper,"{'prob_threshold': 0.4, 'kelly_multiplier': 0.6, 'kelly_cap': 0.2, 'profit_threshold': 0.07, 'hard_stop_loss': 0.03, 'max_quantile_spread': 0.15, 'max_iv': 55.0, 'max_concurrent_trades': 5}",0.0,0.0,0.0,0.0,0.0,0,0.0,ok
confluence_sniper,"{'prob_threshold': 0.4, 'kelly_multiplier': 0.6, 'kelly_cap': 0.2, 'profit_threshold': 0.07, 'hard_stop_loss': 0.03, 'max_quantile_spread': 0.15, 'max_iv': 70.0, 'max_concurrent_trades': 5}",0.0,0.0,0.0,0.0,0.0,0,0.0,ok
confluence_sniper,"{'prob_threshold': 0.4, 'kelly_multiplier': 0.6, 'kelly_cap': 0.2, 'profit_threshold': 0.07, 'hard_stop_loss': 0.03, 'max_quantile_spread': 0.15, 'max_iv': 55.0, 'max_concurrent_trades': 10}",0.0,0.0,0.0,0.0,0.0,0,0.0,ok
confluence_sniper,"{'prob_threshold': 0.4, 'kelly_multiplier': 0.6, 'kelly_cap': 0.2, 'profit_threshold': 0.07, 'hard_stop_loss': 0.03, 'max_quantile_spread': 0.15, 'max_iv': 70.0, 'max_concurrent_trades': 10}",0.0,0.0,0.0,0.0,0.0,0,0.0,ok
confluence_sniper,"{'prob_threshold': 0.4, 'kelly_multiplier': 0.6, 'kelly_cap': 0.2, 'profit_threshold': 0.07, 'hard_stop_loss': 0.035, 'max_quantile_spread': 0.1, 'max_iv': 55.0, 'max_concurrent_trades': 5}",0.0,0.0,0.0,0.0,0.0,0,0.0,ok
confluence_sniper,"{'prob_threshold': 0.4, 'kelly_multiplier': 0.6, 'kelly_cap': 0.2, 'profit_threshold': 0.07, 'hard_stop_loss': 0.035, 'max_quantile_spread': 0.1, 'max_iv': 55.0, 'max_concurrent_trades': 10}",0.0,0.0,0.0,0.0,0.0,0,0.0,ok
confluence_sniper,"{'prob_threshold': 0.4, 'kelly_multiplier': 0.6, 'kelly_cap': 0.2, 'profit_threshold': 0.07, 'hard_stop_loss': 0.035, 'max_quantile_spread': 0.1, 'max_iv': 70.0, 'max_concurrent_trades': 5}",0.0,0.0,0.0,0.0,0.0,0,0.0,ok
confluence_sniper,"{'prob_threshold': 0.4, 'kelly_multiplier': 0.6, 'kelly_cap': 0.2, 'profit_threshold': 0.07, 'hard_stop_loss': 0.035, 'max_quantile_spread': 0.1, 'max_iv': 70.0, 'max_concurrent_trades': 10}",0.0,0.0,0.0,0.0,0.0,0,0.0,ok
confluence_sniper,"{'prob_threshold': 0.4, 'kelly_multiplier': 0.6, 'kelly_cap': 0.2, 'profit_threshold': 0.07, 'hard_stop_loss': 0.035, 'max_quantile_spread': 0.15, 'max_iv': 55.0, 'max_concurrent_trades': 10}",0.0,0.0,0.0,0.0,0.0,0,0.0,ok
confluence_sniper,"{'prob_threshold': 0.4, 'kelly_multiplier': 0.6, 'kelly_cap': 0.2, 'profit_threshold': 0.07, 'hard_stop_loss': 0.035, 'max_quantile_spread': 0.15, 'max_iv': 55.0, 'max_concurrent_trades': 5}",0.0,0.0,0.0,0.0,0.0,0,0.0,ok
confluence_sniper,"{'prob_threshold': 0.4, 'kelly_multiplier': 0.6, 'kelly_cap': 0.2, 'profit_threshold': 0.07, 'hard_stop_loss': 0.035, 'max_quantile_spread': 0.15, 'max_iv': 70.0, 'max_concurrent_trades': 10}",0.0,0.0,0.0,0.0,0.0,0,0.0,ok
confluence_sniper,"{'prob_threshold': 0.4, 'kelly_multiplier': 0.6, 'kelly_cap': 0.2, 'profit_threshold': 0.07, 'hard_stop_loss': 0.035, 'max_quantile_spread': 0.15, 'max_iv': 70.0, 'max_concurrent_trades': 5}",0.0,0.0,0.0,0.0,0.0,0,0.0,ok
confluence_sniper,"{'prob_threshold': 0.4, 'kelly_multiplier': 0.6, 'kelly_cap': 0.3, 'profit_threshold': 0.05, 'hard_stop_loss': 0.025, 'max_quantile_spread': 0.1, 'max_iv': 55.0, 'max_concurrent_trades': 10}",0.0,0.0,0.0,0.0,0.0,0,0.0,ok
confluence_sniper,"{'prob_threshold': 0.4, 'kelly_multiplier': 0.6, 'kelly_cap': 0.3, 'profit_threshold': 0.05, 'hard_stop_loss': 0.025, 'max_quantile_spread': 0.1, 'max_iv': 70.0, 'max_concurrent_trades': 5}",0.0,0.0,0.0,0.0,0.0,0,0.0,ok
confluence_sniper,"{'prob_threshold': 0.4, 'kelly_multiplier': 0.6, 'kelly_cap': 0.3, 'profit_threshold': 0.05, 'hard_stop_loss': 0.025, 'max_quantile_spread': 0.1, 'max_iv': 55.0, 'max_concurrent_trades': 5}",0.0,0.0,0.0,0.0,0.0,0,0.0,ok
confluence_sniper,"{'prob_threshold': 0.4, 'kelly_multiplier': 0.6, 'kelly_cap': 0.3, 'profit_threshold': 0.05, 'hard_stop_loss': 0.025, 'max_quantile_spread': 0.1, 'max_iv': 70.0, 'max_concurrent_trades': 10}",0.0,0.0,0.0,0.0,0.0,0,0.0,ok
confluence_sniper,"{'prob_threshold': 0.4, 'kelly_multiplier': 0.6, 'kelly_cap': 0.3, 'profit_threshold': 0.05, 'hard_stop_loss': 0.025, 'max_quantile_spread': 0.15, 'max_iv': 55.0, 'max_concurrent_trades': 5}",0.4437,0.8874,0.104,0.0,100.0,1,0.0,ok
confluence_sniper,"{'prob_threshold': 0.4, 'kelly_multiplier': 0.6, 'kelly_cap': 0.3, 'profit_threshold': 0.05, 'hard_stop_loss': 0.025, 'max_quantile_spread': 0.15, 'max_iv': 55.0, 'max_concurrent_trades': 10}",0.4437,0.8874,0.104,0.0,100.0,1,0.0,ok
confluence_sniper,"{'prob_threshold': 0.4, 'kelly_multiplier': 0.6, 'kelly_cap': 0.3, 'profit_threshold': 0.05, 'hard_stop_loss': 0.025, 'max_quantile_spread': 0.15, 'max_iv': 70.0, 'max_concurrent_trades': 5}",-0.1312,-0.0042,-0.241,0.7089,66.67,3,0.66,ok
confluence_sniper,"{'prob_threshold': 0.4, 'kelly_multiplier': 0.6, 'kelly_cap': 0.3, 'profit_threshold': 0.05, 'hard_stop_loss': 0.025, 'max_quantile_spread': 0.15, 'max_iv': 70.0, 'max_concurrent_trades': 10}",-0.1312,-0.0042,-0.241,0.7089,66.67,3,0.66,ok
confluence_sniper,"{'prob_threshold': 0.4, 'kelly_multiplier': 0.6, 'kelly_cap': 0.3, 'profit_threshold': 0.05, 'hard_stop_loss': 0.03, 'max_quantile_spread': 0.1, 'max_iv': 55.0, 'max_concurrent_trades': 5}",0.0,0.0,0.0,0.0,0.0,0,0.0,ok
confluence_sniper,"{'prob_threshold': 0.4, 'kelly_multiplier': 0.6, 'kelly_cap': 0.3, 'profit_threshold': 0.05, 'hard_stop_loss': 0.03, 'max_quantile_spread': 0.1, 'max_iv': 70.0, 'max_concurrent_trades': 5}",0.0,0.0,0.0,0.0,0.0,0,0.0,ok
confluence_sniper,"{'prob_threshold': 0.4, 'kelly_multiplier': 0.6, 'kelly_cap': 0.3, 'profit_threshold': 0.05, 'hard_stop_loss': 0.03, 'max_quantile_spread': 0.1, 'max_iv': 55.0, 'max_concurrent_trades': 10}",0.0,0.0,0.0,0.0,0.0,0,0.0,ok
confluence_sniper,"{'prob_threshold': 0.4, 'kelly_multiplier': 0.6, 'kelly_cap': 0.3, 'profit_threshold': 0.05, 'hard_stop_loss': 0.03, 'max_quantile_spread': 0.15, 'max_iv': 55.0, 'max_concurrent_trades': 5}",0.4437,0.8874,0.083,0.0,100.0,1,0.0,ok
confluence_sniper,"{'prob_threshold': 0.4, 'kelly_multiplier': 0.6, 'kelly_cap': 0.3, 'profit_threshold': 0.05, 'hard_stop_loss': 0.03, 'max_quantile_spread': 0.15, 'max_iv': 55.0, 'max_concurrent_trades': 10}",0.4437,0.8874,0.083,0.0,100.0,1,0.0,ok
confluence_sniper,"{'prob_threshold': 0.4, 'kelly_multiplier': 0.6, 'kelly_cap': 0.3, 'profit_threshold': 0.05, 'hard_stop_loss': 0.03, 'max_quantile_spread': 0.1, 'max_iv': 70.0, 'max_concurrent_trades': 10}",0.0,0.0,0.0,0.0,0.0,0,0.0,ok
confluence_sniper,"{'prob_threshold': 0.4, 'kelly_multiplier': 0.6, 'kelly_cap': 0.3, 'profit_threshold': 0.05, 'hard_stop_loss': 0.03, 'max_quantile_spread': 0.15, 'max_iv': 70.0, 'max_concurrent_trades': 10}",-0.1811,-0.0055,-0.288,0.6402,66.67,3,0.5502,ok
confluence_sniper,"{'prob_threshold': 0.4, 'kelly_multiplier': 0.6, 'kelly_cap': 0.3, 'profit_threshold': 0.05, 'hard_stop_loss': 0.03, 'max_quantile_spread': 0.15, 'max_iv': 70.0, 'max_concurrent_trades': 5}",-0.1811,-0.0055,-0.288,0.6402,66.67,3,0.5502,ok
confluence_sniper,"{'prob_threshold': 0.4, 'kelly_multiplier': 0.6, 'kelly_cap': 0.3, 'profit_threshold': 0.05, 'hard_stop_loss': 0.035, 'max_quantile_spread': 0.1, 'max_iv': 55.0, 'max_concurrent_trades': 5}",0.0,0.0,0.0,0.0,0.0,0,0.0,ok
confluence_sniper,"{'prob_threshold': 0.4, 'kelly_multiplier': 0.6, 'kelly_cap': 0.3, 'profit_threshold': 0.05, 'hard_stop_loss': 0.035, 'max_quantile_spread': 0.1, 'max_iv': 55.0, 'max_concurrent_trades': 10}",0.0,0.0,0.0,0.0,0.0,0,0.0,ok
confluence_sniper,"{'prob_threshold': 0.4, 'kelly_multiplier': 0.6, 'kelly_cap': 0.3, 'profit_threshold': 0.05, 'hard_stop_loss': 0.035, 'max_quantile_spread': 0.1, 'max_iv': 70.0, 'max_concurrent_trades': 5}",0.0,0.0,0.0,0.0,0.0,0,0.0,ok
confluence_sniper,"{'prob_threshold': 0.4, 'kelly_multiplier': 0.6, 'kelly_cap': 0.3, 'profit_threshold': 0.05, 'hard_stop_loss': 0.035, 'max_quantile_spread': 0.1, 'max_iv': 70.0, 'max_concurrent_trades': 10}",0.0,0.0,0.0,0.0,0.0,0,0.0,ok
confluence_sniper,"{'prob_threshold': 0.4, 'kelly_multiplier': 0.6, 'kelly_cap': 0.3, 'profit_threshold': 0.05, 'hard_stop_loss': 0.035, 'max_quantile_spread': 0.15, 'max_iv': 55.0, 'max_concurrent_trades': 5}",0.4437,0.8874,0.0619,0.0,100.0,1,0.0,ok
confluence_sniper,"{'prob_threshold': 0.4, 'kelly_multiplier': 0.6, 'kelly_cap': 0.3, 'profit_threshold': 0.05, 'hard_stop_loss': 0.035, 'max_quantile_spread': 0.15, 'max_iv': 55.0, 'max_concurrent_trades': 10}",0.4437,0.8874,0.0619,0.0,100.0,1,0.0,ok
confluence_sniper,"{'prob_threshold': 0.4, 'kelly_multiplier': 0.6, 'kelly_cap': 0.3, 'profit_threshold': 0.05, 'hard_stop_loss': 0.035, 'max_quantile_spread': 0.15, 'max_iv': 70.0, 'max_concurrent_trades': 5}",-0.2356,-0.007,-0.3055,0.542,66.67,3,0.4363,ok
confluence_sniper,"{'prob_threshold': 0.4, 'kelly_multiplier': 0.6, 'kelly_cap': 0.3, 'profit_threshold': 0.06, 'hard_stop_loss': 0.025, 'max_quantile_spread': 0.1, 'max_iv': 55.0, 'max_concurrent_trades': 5}",0.0,0.0,0.0,0.0,0.0,0,0.0,ok
confluence_sniper,"{'prob_threshold': 0.4, 'kelly_multiplier': 0.6, 'kelly_cap': 0.3, 'profit_threshold': 0.05, 'hard_stop_loss': 0.035, 'max_quantile_spread': 0.15, 'max_iv': 70.0, 'max_concurrent_trades': 10}",-0.2356,-0.007,-0.3055,0.542,66.67,3,0.4363,ok
confluence_sniper,"{'prob_threshold': 0.4, 'kelly_multiplier': 0.6, 'kelly_cap': 0.3, 'profit_threshold': 0.06, 'hard_stop_loss': 0.025, 'max_quantile_spread': 0.1, 'max_iv': 70.0, 'max_concurrent_trades': 5}",0.0,0.0,0.0,0.0,0.0,0,0.0,ok
confluence_sniper,"{'prob_threshold': 0.4, 'kelly_multiplier': 0.6, 'kelly_cap': 0.3, 'profit_threshold': 0.06, 'hard_stop_loss': 0.025, 'max_quantile_spread': 0.1, 'max_iv': 55.0, 'max_concurrent_trades': 10}",0.0,0.0,0.0,0.0,0.0,0,0.0,ok
confluence_sniper,"{'prob_threshold': 0.4, 'kelly_multiplier': 0.6, 'kelly_cap': 0.3, 'profit_threshold': 0.06, 'hard_stop_loss': 0.025, 'max_quantile_spread': 0.15, 'max_iv': 55.0, 'max_concurrent_trades': 10}",0.4437,0.8874,0.0704,0.0,100.0,1,0.0,ok
confluence_sniper,"{'prob_threshold': 0.4, 'kelly_multiplier': 0.6, 'kelly_cap': 0.3, 'profit_threshold': 0.06, 'hard_stop_loss': 0.025, 'max_quantile_spread': 0.15, 'max_iv': 70.0, 'max_concurrent_trades': 5}",0.4437,0.8874,0.0704,0.0,100.0,1,0.0,ok
confluence_sniper,"{'prob_threshold': 0.4, 'kelly_multiplier': 0.6, 'kelly_cap': 0.3, 'profit_threshold': 0.06, 'hard_stop_loss': 0.025, 'max_quantile_spread': 0.1, 'max_iv': 70.0, 'max_concurrent_trades': 10}",0.0,0.0,0.0,0.0,0.0,0,0.0,ok
confluence_sniper,"{'prob_threshold': 0.4, 'kelly_multiplier': 0.6, 'kelly_cap': 0.3, 'profit_threshold': 0.06, 'hard_stop_loss': 0.025, 'max_quantile_spread': 0.15, 'max_iv': 55.0, 'max_concurrent_trades': 5}",0.4437,0.8874,0.0704,0.0,100.0,1,0.0,ok
confluence_sniper,"{'prob_threshold': 0.4, 'kelly_multiplier': 0.6, 'kelly_cap': 0.3, 'profit_threshold': 0.06, 'hard_stop_loss': 0.025, 'max_quantile_spread': 0.15, 'max_iv': 70.0, 'max_concurrent_trades': 10}",0.4437,0.8874,0.0704,0.0,100.0,1,0.0,ok
confluence_sniper,"{'prob_threshold': 0.4, 'kelly_multiplier': 0.6, 'kelly_cap': 0.3, 'profit_threshold': 0.06, 'hard_stop_loss': 0.03, 'max_quantile_spread': 0.1, 'max_iv': 55.0, 'max_concurrent_trades': 5}",0.0,0.0,0.0,0.0,0.0,0,0.0,ok
confluence_sniper,"{'prob_threshold': 0.4, 'kelly_multiplier': 0.6, 'kelly_cap': 0.3, 'profit_threshold': 0.06, 'hard_stop_loss': 0.03, 'max_quantile_spread': 0.1, 'max_iv': 55.0, 'max_concurrent_trades': 10}",0.0,0.0,0.0,0.0,0.0,0,0.0,ok
confluence_sniper,"{'prob_threshold': 0.4, 'kelly_multiplier': 0.6, 'kelly_cap': 0.3, 'profit_threshold': 0.06, 'hard_stop_loss': 0.03, 'max_quantile_spread': 0.1, 'max_iv': 70.0, 'max_concurrent_trades': 5}",0.0,0.0,0.0,0.0,0.0,0,0.0,ok
confluence_sniper,"{'prob_threshold': 0.4, 'kelly_multiplier': 0.6, 'kelly_cap': 0.3, 'profit_threshold': 0.06, 'hard_stop_loss': 0.03, 'max_quantile_spread': 0.1, 'max_iv': 70.0, 'max_concurrent_trades': 10}",0.0,0.0,0.0,0.0,0.0,0,0.0,ok
confluence_sniper,"{'prob_threshold': 0.4, 'kelly_multiplier': 0.6, 'kelly_cap': 0.3, 'profit_threshold': 0.06, 'hard_stop_loss': 0.03, 'max_quantile_spread': 0.15, 'max_iv': 55.0, 'max_concurrent_trades': 5}",0.4437,0.8874,0.0498,0.0,100.0,1,0.0,ok
confluence_sniper,"{'prob_threshold': 0.4, 'kelly_multiplier': 0.6, 'kelly_cap': 0.3, 'profit_threshold': 0.06, 'hard_stop_loss': 0.03, 'max_quantile_spread': 0.15, 'max_iv': 55.0, 'max_concurrent_trades': 10}",0.4437,0.8874,0.0498,0.0,100.0,1,0.0,ok
confluence_sniper,"{'prob_threshold': 0.4, 'kelly_multiplier': 0.6, 'kelly_cap': 0.3, 'profit_threshold': 0.06, 'hard_stop_loss': 0.03, 'max_quantile_spread': 0.15, 'max_iv': 70.0, 'max_concurrent_trades': 10}",0.4437,0.8874,0.0498,0.0,100.0,1,0.0,ok
confluence_sniper,"{'prob_threshold': 0.4, 'kelly_multiplier': 0.6, 'kelly_cap': 0.3, 'profit_threshold': 0.06, 'hard_stop_loss': 0.03, 'max_quantile_spread': 0.15, 'max_iv': 70.0, 'max_concurrent_trades': 5}",0.4437,0.8874,0.0498,0.0,100.0,1,0.0,ok
confluence_sniper,"{'prob_threshold': 0.4, 'kelly_multiplier': 0.6, 'kelly_cap': 0.3, 'profit_threshold': 0.06, 'hard_stop_loss': 0.035, 'max_quantile_spread': 0.1, 'max_iv': 55.0, 'max_concurrent_trades': 5}",0.0,0.0,0.0,0.0,0.0,0,0.0,ok
confluence_sniper,"{'prob_threshold': 0.4, 'kelly_multiplier': 0.6, 'kelly_cap': 0.3, 'profit_threshold': 0.06, 'hard_stop_loss': 0.035, 'max_quantile_spread': 0.1, 'max_iv': 55.0, 'max_concurrent_trades': 10}",0.0,0.0,0.0,0.0,0.0,0,0.0,ok
confluence_sniper,"{'prob_threshold': 0.4, 'kelly_multiplier': 0.6, 'kelly_cap': 0.3, 'profit_threshold': 0.06, 'hard_stop_loss': 0.035, 'max_quantile_spread': 0.1, 'max_iv': 70.0, 'max_concurrent_trades': 10}",0.0,0.0,0.0,0.0,0.0,0,0.0,ok
confluence_sniper,"{'prob_threshold': 0.4, 'kelly_multiplier': 0.6, 'kelly_cap': 0.3, 'profit_threshold': 0.06, 'hard_stop_loss': 0.035, 'max_quantile_spread': 0.1, 'max_iv': 70.0, 'max_concurrent_trades': 5}",0.0,0.0,0.0,0.0,0.0,0,0.0,ok
confluence_sniper,"{'prob_threshold': 0.4, 'kelly_multiplier': 0.6, 'kelly_cap': 0.3, 'profit_threshold': 0.06, 'hard_stop_loss': 0.035, 'max_quantile_spread': 0.15, 'max_iv': 55.0, 'max_concurrent_trades': 5}",0.4437,0.8874,0.0292,0.0,100.0,1,0.0,ok
confluence_sniper,"{'prob_threshold': 0.4, 'kelly_multiplier': 0.6, 'kelly_cap': 0.3, 'profit_threshold': 0.06, 'hard_stop_loss': 0.035, 'max_quantile_spread': 0.15, 'max_iv': 70.0, 'max_concurrent_trades': 5}",0.4437,0.8874,0.0292,0.0,100.0,1,0.0,ok
confluence_sniper,"{'prob_threshold': 0.4, 'kelly_multiplier': 0.6, 'kelly_cap': 0.3, 'profit_threshold': 0.06, 'hard_stop_loss': 0.035, 'max_quantile_spread': 0.15, 'max_iv': 55.0, 'max_concurrent_trades': 10}",0.4437,0.8874,0.0292,0.0,100.0,1,0.0,ok
confluence_sniper,"{'prob_threshold': 0.4, 'kelly_multiplier': 0.6, 'kelly_cap': 0.3, 'profit_threshold': 0.07, 'hard_stop_loss': 0.025, 'max_quantile_spread': 0.1, 'max_iv': 55.0, 'max_concurrent_trades': 5}",0.0,0.0,0.0,0.0,0.0,0,0.0,ok
confluence_sniper,"{'prob_threshold': 0.4, 'kelly_multiplier': 0.6, 'kelly_cap': 0.3, 'profit_threshold': 0.06, 'hard_stop_loss': 0.035, 'max_quantile_spread': 0.15, 'max_iv': 70.0, 'max_concurrent_trades': 10}",0.4437,0.8874,0.0292,0.0,100.0,1,0.0,ok
confluence_sniper,"{'prob_threshold': 0.4, 'kelly_multiplier': 0.6, 'kelly_cap': 0.3, 'profit_threshold': 0.07, 'hard_stop_loss': 0.025, 'max_quantile_spread': 0.1, 'max_iv': 55.0, 'max_concurrent_trades': 10}",0.0,0.0,0.0,0.0,0.0,0,0.0,ok
confluence_sniper,"{'prob_threshold': 0.4, 'kelly_multiplier': 0.6, 'kelly_cap': 0.3, 'profit_threshold': 0.07, 'hard_stop_loss': 0.025, 'max_quantile_spread': 0.1, 'max_iv': 70.0, 'max_concurrent_trades': 5}",0.0,0.0,0.0,0.0,0.0,0,0.0,ok
confluence_sniper,"{'prob_threshold': 0.4, 'kelly_multiplier': 0.6, 'kelly_cap': 0.3, 'profit_threshold': 0.07, 'hard_stop_loss': 0.025, 'max_quantile_spread': 0.1, 'max_iv': 70.0, 'max_concurrent_trades': 10}",0.0,0.0,0.0,0.0,0.0,0,0.0,ok
confluence_sniper,"{'prob_threshold': 0.4, 'kelly_multiplier': 0.6, 'kelly_cap': 0.3, 'profit_threshold': 0.07, 'hard_stop_loss': 0.025, 'max_quantile_spread': 0.15, 'max_iv': 55.0, 'max_concurrent_trades': 5}",0.0,0.0,0.0,0.0,0.0,0,0.0,ok
confluence_sniper,"{'prob_threshold': 0.4, 'kelly_multiplier': 0.6, 'kelly_cap': 0.3, 'profit_threshold': 0.07, 'hard_stop_loss': 0.025, 'max_quantile_spread': 0.15, 'max_iv': 55.0, 'max_concurrent_trades': 10}",0.0,0.0,0.0,0.0,0.0,0,0.0,ok
confluence_sniper,"{'prob_threshold': 0.4, 'kelly_multiplier': 0.6, 'kelly_cap': 0.3, 'profit_threshold': 0.07, 'hard_stop_loss': 0.03, 'max_quantile_spread': 0.1, 'max_iv': 55.0, 'max_concurrent_trades': 5}",0.0,0.0,0.0,0.0,0.0,0,0.0,ok
confluence_sniper,"{'prob_threshold': 0.4, 'kelly_multiplier': 0.6, 'kelly_cap': 0.3, 'profit_threshold': 0.07, 'hard_stop_loss': 0.025, 'max_quantile_spread': 0.15, 'max_iv': 70.0, 'max_concurrent_trades': 5}",0.0,0.0,0.0,0.0,0.0,0,0.0,ok
confluence_sniper,"{'prob_threshold': 0.4, 'kelly_multiplier': 0.6, 'kelly_cap': 0.3, 'profit_threshold': 0.07, 'hard_stop_loss': 0.025, 'max_quantile_spread': 0.15, 'max_iv': 70.0, 'max_concurrent_trades': 10}",0.0,0.0,0.0,0.0,0.0,0,0.0,ok
confluence_sniper,"{'prob_threshold': 0.4, 'kelly_multiplier': 0.6, 'kelly_cap': 0.3, 'profit_threshold': 0.07, 'hard_stop_loss': 0.03, 'max_quantile_spread': 0.1, 'max_iv': 55.0, 'max_concurrent_trades': 10}",0.0,0.0,0.0,0.0,0.0,0,0.0,ok
confluence_sniper,"{'prob_threshold': 0.4, 'kelly_multiplier': 0.6, 'kelly_cap': 0.3, 'profit_threshold': 0.07, 'hard_stop_loss': 0.03, 'max_quantile_spread': 0.1, 'max_iv': 70.0, 'max_concurrent_trades': 10}",0.0,0.0,0.0,0.0,0.0,0,0.0,ok
confluence_sniper,"{'prob_threshold': 0.4, 'kelly_multiplier': 0.6, 'kelly_cap': 0.3, 'profit_threshold': 0.07, 'hard_stop_loss': 0.03, 'max_quantile_spread': 0.1, 'max_iv': 70.0, 'max_concurrent_trades': 5}",0.0,0.0,0.0,0.0,0.0,0,0.0,ok
confluence_sniper,"{'prob_threshold': 0.4, 'kelly_multiplier': 0.6, 'kelly_cap': 0.3, 'profit_threshold': 0.07, 'hard_stop_loss': 0.03, 'max_quantile_spread': 0.15, 'max_iv': 55.0, 'max_concurrent_trades': 5}",0.0,0.0,0.0,0.0,0.0,0,0.0,ok
confluence_sniper,"{'prob_threshold': 0.4, 'kelly_multiplier': 0.6, 'kelly_cap': 0.3, 'profit_threshold': 0.07, 'hard_stop_loss': 0.03, 'max_quantile_spread': 0.15, 'max_iv': 70.0, 'max_concurrent_trades': 10}",0.0,0.0,0.0,0.0,0.0,0,0.0,ok
confluence_sniper,"{'prob_threshold': 0.4, 'kelly_multiplier': 0.6, 'kelly_cap': 0.3, 'profit_threshold': 0.07, 'hard_stop_loss': 0.03, 'max_quantile_spread': 0.15, 'max_iv': 55.0, 'max_concurrent_trades': 10}",0.0,0.0,0.0,0.0,0.0,0,0.0,ok
confluence_sniper,"{'prob_threshold': 0.4, 'kelly_multiplier': 0.6, 'kelly_cap': 0.3, 'profit_threshold': 0.07, 'hard_stop_loss': 0.03, 'max_quantile_spread': 0.15, 'max_iv': 70.0, 'max_concurrent_trades': 5}",0.0,0.0,0.0,0.0,0.0,0,0.0,ok
confluence_sniper,"{'prob_threshold': 0.4, 'kelly_multiplier': 0.6, 'kelly_cap': 0.3, 'profit_threshold': 0.07, 'hard_stop_loss': 0.035, 'max_quantile_spread': 0.1, 'max_iv': 55.0, 'max_concurrent_trades': 5}",0.0,0.0,0.0,0.0,0.0,0,0.0,ok
confluence_sniper,"{'prob_threshold': 0.4, 'kelly_multiplier': 0.6, 'kelly_cap': 0.3, 'profit_threshold': 0.07, 'hard_stop_loss': 0.035, 'max_quantile_spread': 0.1, 'max_iv': 70.0, 'max_concurrent_trades': 5}",0.0,0.0,0.0,0.0,0.0,0,0.0,ok
confluence_sniper,"{'prob_threshold': 0.4, 'kelly_multiplier': 0.6, 'kelly_cap': 0.3, 'profit_threshold': 0.07, 'hard_stop_loss': 0.035, 'max_quantile_spread': 0.1, 'max_iv': 55.0, 'max_concurrent_trades': 10}",0.0,0.0,0.0,0.0,0.0,0,0.0,ok
confluence_sniper,"{'prob_threshold': 0.4, 'kelly_multiplier': 0.6, 'kelly_cap': 0.3, 'profit_threshold': 0.07, 'hard_stop_loss': 0.035, 'max_quantile_spread': 0.1, 'max_iv': 70.0, 'max_concurrent_trades': 10}",0.0,0.0,0.0,0.0,0.0,0,0.0,ok
confluence_sniper,"{'prob_threshold': 0.4, 'kelly_multiplier': 0.6, 'kelly_cap': 0.3, 'profit_threshold': 0.07, 'hard_stop_loss': 0.035, 'max_quantile_spread': 0.15, 'max_iv': 55.0, 'max_concurrent_trades': 10}",0.0,0.0,0.0,0.0,0.0,0,0.0,ok
confluence_sniper,"{'prob_threshold': 0.4, 'kelly_multiplier': 0.6, 'kelly_cap': 0.3, 'profit_threshold': 0.07, 'hard_stop_loss': 0.035, 'max_quantile_spread': 0.15, 'max_iv': 55.0, 'max_concurrent_trades': 5}",0.0,0.0,0.0,0.0,0.0,0,0.0,ok
confluence_sniper,"{'prob_threshold': 0.4, 'kelly_multiplier': 0.6, 'kelly_cap': 0.3, 'profit_threshold': 0.07, 'hard_stop_loss': 0.035, 'max_quantile_spread': 0.15, 'max_iv': 70.0, 'max_concurrent_trades': 5}",0.0,0.0,0.0,0.0,0.0,0,0.0,ok
confluence_sniper,"{'prob_threshold': 0.4, 'kelly_multiplier': 0.6, 'kelly_cap': 0.3, 'profit_threshold': 0.07, 'hard_stop_loss': 0.035, 'max_quantile_spread': 0.15, 'max_iv': 70.0, 'max_concurrent_trades': 10}",0.0,0.0,0.0,0.0,0.0,0,0.0,ok
confluence_sniper,"{'prob_threshold': 0.4, 'kelly_multiplier': 0.8, 'kelly_cap': 0.2, 'profit_threshold': 0.05, 'hard_stop_loss': 0.025, 'max_quantile_spread': 0.1, 'max_iv': 55.0, 'max_concurrent_trades': 10}",0.0,0.0,0.0,0.0,0.0,0,0.0,ok
confluence_sniper,"{'prob_threshold': 0.4, 'kelly_multiplier': 0.8, 'kelly_cap': 0.2, 'profit_threshold': 0.05, 'hard_stop_loss': 0.025, 'max_quantile_spread': 0.1, 'max_iv': 55.0, 'max_concurrent_trades': 5}",0.0,0.0,0.0,0.0,0.0,0,0.0,ok
confluence_sniper,"{'prob_threshold': 0.4, 'kelly_multiplier': 0.8, 'kelly_cap': 0.2, 'profit_threshold': 0.05, 'hard_stop_loss': 0.025, 'max_quantile_spread': 0.1, 'max_iv': 70.0, 'max_concurrent_trades': 5}",0.0,0.0,0.0,0.0,0.0,0,0.0,ok
confluence_sniper,"{'prob_threshold': 0.4, 'kelly_multiplier': 0.8, 'kelly_cap': 0.2, 'profit_threshold': 0.05, 'hard_stop_loss': 0.025, 'max_quantile_spread': 0.15, 'max_iv': 55.0, 'max_concurrent_trades': 5}",0.4437,0.8874,0.112,0.0,100.0,1,0.0,ok
confluence_sniper,"{'prob_threshold': 0.4, 'kelly_multiplier': 0.8, 'kelly_cap': 0.2, 'profit_threshold': 0.05, 'hard_stop_loss': 0.025, 'max_quantile_spread': 0.1, 'max_iv': 70.0, 'max_concurrent_trades': 10}",0.0,0.0,0.0,0.0,0.0,0,0.0,ok
confluence_sniper,"{'prob_threshold': 0.4, 'kelly_multiplier': 0.8, 'kelly_cap': 0.2, 'profit_threshold': 0.05, 'hard_stop_loss': 0.025, 'max_quantile_spread': 0.15, 'max_iv': 55.0, 'max_concurrent_trades': 10}",0.4437,0.8874,0.112,0.0,100.0,1,0.0,ok
confluence_sniper,"{'prob_threshold': 0.4, 'kelly_multiplier': 0.8, 'kelly_cap': 0.2, 'profit_threshold': 0.05, 'hard_stop_loss': 0.025, 'max_quantile_spread': 0.15, 'max_iv': 70.0, 'max_concurrent_trades': 5}",-0.0651,-0.0022,-0.1317,0.72,66.67,3,0.817,ok
confluence_sniper,"{'prob_threshold': 0.4, 'kelly_multiplier': 0.8, 'kelly_cap': 0.2, 'profit_threshold': 0.05, 'hard_stop_loss': 0.025, 'max_quantile_spread': 0.15, 'max_iv': 70.0, 'max_concurrent_trades': 10}",-0.0651,-0.0022,-0.1317,0.72,66.67,3,0.817,ok
confluence_sniper,"{'prob_threshold': 0.4, 'kelly_multiplier': 0.8, 'kelly_cap': 0.2, 'profit_threshold': 0.05, 'hard_stop_loss': 0.03, 'max_quantile_spread': 0.1, 'max_iv': 55.0, 'max_concurrent_trades': 10}",0.0,0.0,0.0,0.0,0.0,0,0.0,ok
confluence_sniper,"{'prob_threshold': 0.4, 'kelly_multiplier': 0.8, 'kelly_cap': 0.2, 'profit_threshold': 0.05, 'hard_stop_loss': 0.03, 'max_quantile_spread': 0.1, 'max_iv': 55.0, 'max_concurrent_trades': 5}",0.0,0.0,0.0,0.0,0.0,0,0.0,ok
confluence_sniper,"{'prob_threshold': 0.4, 'kelly_multiplier': 0.8, 'kelly_cap': 0.2, 'profit_threshold': 0.05, 'hard_stop_loss': 0.03, 'max_quantile_spread': 0.1, 'max_iv': 70.0, 'max_concurrent_trades': 5}",0.0,0.0,0.0,0.0,0.0,0,0.0,ok
confluence_sniper,"{'prob_threshold': 0.4, 'kelly_multiplier': 0.8, 'kelly_cap': 0.2, 'profit_threshold': 0.05, 'hard_stop_loss': 0.03, 'max_quantile_spread': 0.1, 'max_iv': 70.0, 'max_concurrent_trades': 10}",0.0,0.0,0.0,0.0,0.0,0,0.0,ok
confluence_sniper,"{'prob_threshold': 0.4, 'kelly_multiplier': 0.8, 'kelly_cap': 0.2, 'profit_threshold': 0.05, 'hard_stop_loss': 0.03, 'max_quantile_spread': 0.15, 'max_iv': 55.0, 'max_concurrent_trades': 5}",0.4437,0.8874,0.1106,0.0,100.0,1,0.0,ok
confluence_sniper,"{'prob_threshold': 0.4, 'kelly_multiplier': 0.8, 'kelly_cap': 0.2, 'profit_threshold': 0.05, 'hard_stop_loss': 0.03, 'max_quantile_spread': 0.15, 'max_iv': 55.0, 'max_concurrent_trades': 10}",0.4437,0.8874,0.1106,0.0,100.0,1,0.0,ok
confluence_sniper,"{'prob_threshold': 0.4, 'kelly_multiplier': 0.8, 'kelly_cap': 0.2, 'profit_threshold': 0.05, 'hard_stop_loss': 0.03, 'max_quantile_spread': 0.15, 'max_iv': 70.0, 'max_concurrent_trades': 5}",-0.1642,-0.0051,-0.331,0.8,66.67,3,0.5862,ok
confluence_sniper,"{'prob_threshold': 0.4, 'kelly_multiplier': 0.8, 'kelly_cap': 0.2, 'profit_threshold': 0.05, 'hard_stop_loss': 0.035, 'max_quantile_spread': 0.1, 'max_iv': 55.0, 'max_concurrent_trades': 10}",0.0,0.0,0.0,0.0,0.0,0,0.0,ok
confluence_sniper,"{'prob_threshold': 0.4, 'kelly_multiplier': 0.8, 'kelly_cap': 0.2, 'profit_threshold': 0.05, 'hard_stop_loss': 0.03, 'max_quantile_spread': 0.15, 'max_iv': 70.0, 'max_concurrent_trades': 10}",-0.1642,-0.0051,-0.331,0.8,66.67,3,0.5862,ok
confluence_sniper,"{'prob_threshold': 0.4, 'kelly_multiplier': 0.8, 'kelly_cap': 0.2, 'profit_threshold': 0.05, 'hard_stop_loss': 0.035, 'max_quantile_spread': 0.1, 'max_iv': 55.0, 'max_concurrent_trades': 5}",0.0,0.0,0.0,0.0,0.0,0,0.0,ok
confluence_sniper,"{'prob_threshold': 0.4, 'kelly_multiplier': 0.8, 'kelly_cap': 0.2, 'profit_threshold': 0.05, 'hard_stop_loss': 0.035, 'max_quantile_spread': 0.1, 'max_iv': 70.0, 'max_concurrent_trades': 5}",0.0,0.0,0.0,0.0,0.0,0,0.0,ok
confluence_sniper,"{'prob_threshold': 0.4, 'kelly_multiplier': 0.8, 'kelly_cap': 0.2, 'profit_threshold': 0.05, 'hard_stop_loss': 0.035, 'max_quantile_spread': 0.15, 'max_iv': 55.0, 'max_concurrent_trades': 5}",0.4437,0.8874,0.0825,0.0,100.0,1,0.0,ok
confluence_sniper,"{'prob_threshold': 0.4, 'kelly_multiplier': 0.8, 'kelly_cap': 0.2, 'profit_threshold': 0.05, 'hard_stop_loss': 0.035, 'max_quantile_spread': 0.1, 'max_iv': 70.0, 'max_concurrent_trades': 10}",0.0,0.0,0.0,0.0,0.0,0,0.0,ok
confluence_sniper,"{'prob_threshold': 0.4, 'kelly_multiplier': 0.8, 'kelly_cap': 0.2, 'profit_threshold': 0.05, 'hard_stop_loss': 0.035, 'max_quantile_spread': 0.15, 'max_iv': 55.0, 'max_concurrent_trades': 10}",0.4437,0.8874,0.0825,0.0,100.0,1,0.0,ok
confluence_sniper,"{'prob_threshold': 0.4, 'kelly_multiplier': 0.8, 'kelly_cap': 0.2, 'profit_threshold': 0.06, 'hard_stop_loss': 0.025, 'max_quantile_spread': 0.1, 'max_iv': 55.0, 'max_concurrent_trades': 5}",0.0,0.0,0.0,0.0,0.0,0,0.0,ok
confluence_sniper,"{'prob_threshold': 0.4, 'kelly_multiplier': 0.8, 'kelly_cap': 0.2, 'profit_threshold': 0.05, 'hard_stop_loss': 0.035, 'max_quantile_spread': 0.15, 'max_iv': 70.0, 'max_concurrent_trades': 5}",-0.2356,-0.007,-0.4079,0.7227,66.67,3,0.4356,ok
confluence_sniper,"{'prob_threshold': 0.4, 'kelly_multiplier': 0.8, 'kelly_cap': 0.2, 'profit_threshold': 0.05, 'hard_stop_loss': 0.035, 'max_quantile_spread': 0.15, 'max_iv': 70.0, 'max_concurrent_trades': 10}",-0.2356,-0.007,-0.4079,0.7227,66.67,3,0.4356,ok
confluence_sniper,"{'prob_threshold': 0.4, 'kelly_multiplier': 0.8, 'kelly_cap': 0.2, 'profit_threshold': 0.06, 'hard_stop_loss': 0.025, 'max_quantile_spread': 0.1, 'max_iv': 55.0, 'max_concurrent_trades': 10}",0.0,0.0,0.0,0.0,0.0,0,0.0,ok
confluence_sniper,"{'prob_threshold': 0.4, 'kelly_multiplier': 0.8, 'kelly_cap': 0.2, 'profit_threshold': 0.06, 'hard_stop_loss': 0.025, 'max_quantile_spread': 0.1, 'max_iv': 70.0, 'max_concurrent_trades': 10}",0.0,0.0,0.0,0.0,0.0,0,0.0,ok
confluence_sniper,"{'prob_threshold': 0.4, 'kelly_multiplier': 0.8, 'kelly_cap': 0.2, 'profit_threshold': 0.06, 'hard_stop_loss': 0.025, 'max_quantile_spread': 0.1, 'max_iv': 70.0, 'max_concurrent_trades': 5}",0.0,0.0,0.0,0.0,0.0,0,0.0,ok
confluence_sniper,"{'prob_threshold': 0.4, 'kelly_multiplier': 0.8, 'kelly_cap': 0.2, 'profit_threshold': 0.06, 'hard_stop_loss': 0.025, 'max_quantile_spread': 0.15, 'max_iv': 55.0, 'max_concurrent_trades': 5}",0.4437,0.8874,0.0938,0.0,100.0,1,0.0,ok
confluence_sniper,"{'prob_threshold': 0.4, 'kelly_multiplier': 0.8, 'kelly_cap': 0.2, 'profit_threshold': 0.06, 'hard_stop_loss': 0.025, 'max_quantile_spread': 0.15, 'max_iv': 55.0, 'max_concurrent_trades': 10}",0.4437,0.8874,0.0938,0.0,100.0,1,0.0,ok
confluence_sniper,"{'prob_threshold': 0.4, 'kelly_multiplier': 0.8, 'kelly_cap': 0.2, 'profit_threshold': 0.06, 'hard_stop_loss': 0.025, 'max_quantile_spread': 0.15, 'max_iv': 70.0, 'max_concurrent_trades': 5}",0.4437,0.8874,0.0938,0.0,100.0,1,0.0,ok
confluence_sniper,"{'prob_threshold': 0.4, 'kelly_multiplier': 0.8, 'kelly_cap': 0.2, 'profit_threshold': 0.06, 'hard_stop_loss': 0.025, 'max_quantile_spread': 0.15, 'max_iv': 70.0, 'max_concurrent_trades': 10}",0.4437,0.8874,0.0938,0.0,100.0,1,0.0,ok
confluence_sniper,"{'prob_threshold': 0.4, 'kelly_multiplier': 0.8, 'kelly_cap': 0.2, 'profit_threshold': 0.06, 'hard_stop_loss': 0.03, 'max_quantile_spread': 0.1, 'max_iv': 55.0, 'max_concurrent_trades': 5}",0.0,0.0,0.0,0.0,0.0,0,0.0,ok
confluence_sniper,"{'prob_threshold': 0.4, 'kelly_multiplier': 0.8, 'kelly_cap': 0.2, 'profit_threshold': 0.06, 'hard_stop_loss': 0.03, 'max_quantile_spread': 0.1, 'max_iv': 70.0, 'max_concurrent_trades': 5}",0.0,0.0,0.0,0.0,0.0,0,0.0,ok
confluence_sniper,"{'prob_threshold': 0.4, 'kelly_multiplier': 0.8, 'kelly_cap': 0.2, 'profit_threshold': 0.06, 'hard_stop_loss': 0.03, 'max_quantile_spread': 0.1, 'max_iv': 55.0, 'max_concurrent_trades': 10}",0.0,0.0,0.0,0.0,0.0,0,0.0,ok
confluence_sniper,"{'prob_threshold': 0.4, 'kelly_multiplier': 0.8, 'kelly_cap': 0.2, 'profit_threshold': 0.06, 'hard_stop_loss': 0.03, 'max_quantile_spread': 0.1, 'max_iv': 70.0, 'max_concurrent_trades': 10}",0.0,0.0,0.0,0.0,0.0,0,0.0,ok
confluence_sniper,"{'prob_threshold': 0.4, 'kelly_multiplier': 0.8, 'kelly_cap': 0.2, 'profit_threshold': 0.06, 'hard_stop_loss': 0.03, 'max_quantile_spread': 0.15, 'max_iv': 55.0, 'max_concurrent_trades': 10}",0.4437,0.8874,0.0664,0.0,100.0,1,0.0,ok
confluence_sniper,"{'prob_threshold': 0.4, 'kelly_multiplier': 0.8, 'kelly_cap': 0.2, 'profit_threshold': 0.06, 'hard_stop_loss': 0.03, 'max_quantile_spread': 0.15, 'max_iv': 55.0, 'max_concurrent_trades': 5}",0.4437,0.8874,0.0664,0.0,100.0,1,0.0,ok
confluence_sniper,"{'prob_threshold': 0.4, 'kelly_multiplier': 0.8, 'kelly_cap': 0.2, 'profit_threshold': 0.06, 'hard_stop_loss': 0.03, 'max_quantile_spread': 0.15, 'max_iv': 70.0, 'max_concurrent_trades': 5}",0.4437,0.8874,0.0664,0.0,100.0,1,0.0,ok
confluence_sniper,"{'prob_threshold': 0.4, 'kelly_multiplier': 0.8, 'kelly_cap': 0.2, 'profit_threshold': 0.06, 'hard_stop_loss': 0.03, 'max_quantile_spread': 0.15, 'max_iv': 70.0, 'max_concurrent_trades': 10}",0.4437,0.8874,0.0664,0.0,100.0,1,0.0,ok
confluence_sniper,"{'prob_threshold': 0.4, 'kelly_multiplier': 0.8, 'kelly_cap': 0.2, 'profit_threshold': 0.06, 'hard_stop_loss': 0.035, 'max_quantile_spread': 0.1, 'max_iv': 55.0, 'max_concurrent_trades': 5}",0.0,0.0,0.0,0.0,0.0,0,0.0,ok
confluence_sniper,"{'prob_threshold': 0.4, 'kelly_multiplier': 0.8, 'kelly_cap': 0.2, 'profit_threshold': 0.06, 'hard_stop_loss': 0.035, 'max_quantile_spread': 0.1, 'max_iv': 70.0, 'max_concurrent_trades': 5}",0.0,0.0,0.0,0.0,0.0,0,0.0,ok
confluence_sniper,"{'prob_threshold': 0.4, 'kelly_multiplier': 0.8, 'kelly_cap': 0.2, 'profit_threshold': 0.06, 'hard_stop_loss': 0.035, 'max_quantile_spread': 0.15, 'max_iv': 55.0, 'max_concurrent_trades': 5}",0.4437,0.8874,0.039,0.0,100.0,1,0.0,ok
confluence_sniper,"{'prob_threshold': 0.4, 'kelly_multiplier': 0.8, 'kelly_cap': 0.2, 'profit_threshold': 0.06, 'hard_stop_loss': 0.035, 'max_quantile_spread': 0.1, 'max_iv': 55.0, 'max_concurrent_trades': 10}",0.0,0.0,0.0,0.0,0.0,0,0.0,ok
confluence_sniper,"{'prob_threshold': 0.4, 'kelly_multiplier': 0.8, 'kelly_cap': 0.2, 'profit_threshold': 0.06, 'hard_stop_loss': 0.035, 'max_quantile_spread': 0.1, 'max_iv': 70.0, 'max_concurrent_trades': 10}",0.0,0.0,0.0,0.0,0.0,0,0.0,ok
confluence_sniper,"{'prob_threshold': 0.4, 'kelly_multiplier': 0.8, 'kelly_cap': 0.2, 'profit_threshold': 0.06, 'hard_stop_loss': 0.035, 'max_quantile_spread': 0.15, 'max_iv': 55.0, 'max_concurrent_trades': 10}",0.4437,0.8874,0.039,0.0,100.0,1,0.0,ok
confluence_sniper,"{'prob_threshold': 0.4, 'kelly_multiplier': 0.8, 'kelly_cap': 0.2, 'profit_threshold': 0.06, 'hard_stop_loss': 0.035, 'max_quantile_spread': 0.15, 'max_iv': 70.0, 'max_concurrent_trades': 10}",0.4437,0.8874,0.039,0.0,100.0,1,0.0,ok
confluence_sniper,"{'prob_threshold': 0.4, 'kelly_multiplier': 0.8, 'kelly_cap': 0.2, 'profit_threshold': 0.06, 'hard_stop_loss': 0.035, 'max_quantile_spread': 0.15, 'max_iv': 70.0, 'max_concurrent_trades': 5}",0.4437,0.8874,0.039,0.0,100.0,1,0.0,ok
confluence_sniper,"{'prob_threshold': 0.4, 'kelly_multiplier': 0.8, 'kelly_cap': 0.2, 'profit_threshold': 0.07, 'hard_stop_loss': 0.025, 'max_quantile_spread': 0.1, 'max_iv': 55.0, 'max_concurrent_trades': 5}",0.0,0.0,0.0,0.0,0.0,0,0.0,ok
confluence_sniper,"{'prob_threshold': 0.4, 'kelly_multiplier': 0.8, 'kelly_cap': 0.2, 'profit_threshold': 0.07, 'hard_stop_loss': 0.025, 'max_quantile_spread': 0.1, 'max_iv': 55.0, 'max_concurrent_trades': 10}",0.0,0.0,0.0,0.0,0.0,0,0.0,ok
confluence_sniper,"{'prob_threshold': 0.4, 'kelly_multiplier': 0.8, 'kelly_cap': 0.2, 'profit_threshold': 0.07, 'hard_stop_loss': 0.025, 'max_quantile_spread': 0.1, 'max_iv': 70.0, 'max_concurrent_trades': 10}",0.0,0.0,0.0,0.0,0.0,0,0.0,ok
confluence_sniper,"{'prob_threshold': 0.4, 'kelly_multiplier': 0.8, 'kelly_cap': 0.2, 'profit_threshold': 0.07, 'hard_stop_loss': 0.025, 'max_quantile_spread': 0.1, 'max_iv': 70.0, 'max_concurrent_trades': 5}",0.0,0.0,0.0,0.0,0.0,0,0.0,ok
confluence_sniper,"{'prob_threshold': 0.4, 'kelly_multiplier': 0.8, 'kelly_cap': 0.2, 'profit_threshold': 0.07, 'hard_stop_loss': 0.025, 'max_quantile_spread': 0.15, 'max_iv': 55.0, 'max_concurrent_trades': 5}",0.0,0.0,0.0,0.0,0.0,0,0.0,ok
confluence_sniper,"{'prob_threshold': 0.4, 'kelly_multiplier': 0.8, 'kelly_cap': 0.2, 'profit_threshold': 0.07, 'hard_stop_loss': 0.025, 'max_quantile_spread': 0.15, 'max_iv': 70.0, 'max_concurrent_trades': 5}",0.0,0.0,0.0,0.0,0.0,0,0.0,ok
confluence_sniper,"{'prob_threshold': 0.4, 'kelly_multiplier': 0.8, 'kelly_cap': 0.2, 'profit_threshold': 0.07, 'hard_stop_loss': 0.025, 'max_quantile_spread': 0.15, 'max_iv': 55.0, 'max_concurrent_trades': 10}",0.0,0.0,0.0,0.0,0.0,0,0.0,ok
confluence_sniper,"{'prob_threshold': 0.4, 'kelly_multiplier': 0.8, 'kelly_cap': 0.2, 'profit_threshold': 0.07, 'hard_stop_loss': 0.025, 'max_quantile_spread': 0.15, 'max_iv': 70.0, 'max_concurrent_trades': 10}",0.0,0.0,0.0,0.0,0.0,0,0.0,ok
confluence_sniper,"{'prob_threshold': 0.4, 'kelly_multiplier': 0.8, 'kelly_cap': 0.2, 'profit_threshold': 0.07, 'hard_stop_loss': 0.03, 'max_quantile_spread': 0.1, 'max_iv': 55.0, 'max_concurrent_trades': 5}",0.0,0.0,0.0,0.0,0.0,0,0.0,ok
confluence_sniper,"{'prob_threshold': 0.4, 'kelly_multiplier': 0.8, 'kelly_cap': 0.2, 'profit_threshold': 0.07, 'hard_stop_loss': 0.03, 'max_quantile_spread': 0.1, 'max_iv': 55.0, 'max_concurrent_trades': 10}",0.0,0.0,0.0,0.0,0.0,0,0.0,ok
confluence_sniper,"{'prob_threshold': 0.4, 'kelly_multiplier': 0.8, 'kelly_cap': 0.2, 'profit_threshold': 0.07, 'hard_stop_loss': 0.03, 'max_quantile_spread': 0.1, 'max_iv': 70.0, 'max_concurrent_trades': 5}",0.0,0.0,0.0,0.0,0.0,0,0.0,ok
confluence_sniper,"{'prob_threshold': 0.4, 'kelly_multiplier': 0.8, 'kelly_cap': 0.2, 'profit_threshold': 0.07, 'hard_stop_loss': 0.03, 'max_quantile_spread': 0.1, 'max_iv': 70.0, 'max_concurrent_trades': 10}",0.0,0.0,0.0,0.0,0.0,0,0.0,ok
confluence_sniper,"{'prob_threshold': 0.4, 'kelly_multiplier': 0.8, 'kelly_cap': 0.2, 'profit_threshold': 0.07, 'hard_stop_loss': 0.03, 'max_quantile_spread': 0.15, 'max_iv': 55.0, 'max_concurrent_trades': 5}",0.0,0.0,0.0,0.0,0.0,0,0.0,ok
confluence_sniper,"{'prob_threshold': 0.4, 'kelly_multiplier': 0.8, 'kelly_cap': 0.2, 'profit_threshold': 0.07, 'hard_stop_loss': 0.03, 'max_quantile_spread': 0.15, 'max_iv': 70.0, 'max_concurrent_trades': 5}",0.0,0.0,0.0,0.0,0.0,0,0.0,ok
confluence_sniper,"{'prob_threshold': 0.4, 'kelly_multiplier': 0.8, 'kelly_cap': 0.2, 'profit_threshold': 0.07, 'hard_stop_loss': 0.03, 'max_quantile_spread': 0.15, 'max_iv': 55.0, 'max_concurrent_trades': 10}",0.0,0.0,0.0,0.0,0.0,0,0.0,ok
confluence_sniper,"{'prob_threshold': 0.4, 'kelly_multiplier': 0.8, 'kelly_cap': 0.2, 'profit_threshold': 0.07, 'hard_stop_loss': 0.03, 'max_quantile_spread': 0.15, 'max_iv': 70.0, 'max_concurrent_trades': 10}",0.0,0.0,0.0,0.0,0.0,0,0.0,ok
confluence_sniper,"{'prob_threshold': 0.4, 'kelly_multiplier': 0.8, 'kelly_cap': 0.2, 'profit_threshold': 0.07, 'hard_stop_loss': 0.035, 'max_quantile_spread': 0.1, 'max_iv': 55.0, 'max_concurrent_trades': 5}",0.0,0.0,0.0,0.0,0.0,0,0.0,ok
confluence_sniper,"{'prob_threshold': 0.4, 'kelly_multiplier': 0.8, 'kelly_cap': 0.2, 'profit_threshold': 0.07, 'hard_stop_loss': 0.035, 'max_quantile_spread': 0.1, 'max_iv': 55.0, 'max_concurrent_trades': 10}",0.0,0.0,0.0,0.0,0.0,0,0.0,ok
confluence_sniper,"{'prob_threshold': 0.4, 'kelly_multiplier': 0.8, 'kelly_cap': 0.2, 'profit_threshold': 0.07, 'hard_stop_loss': 0.035, 'max_quantile_spread': 0.1, 'max_iv': 70.0, 'max_concurrent_trades': 10}",0.0,0.0,0.0,0.0,0.0,0,0.0,ok
confluence_sniper,"{'prob_threshold': 0.4, 'kelly_multiplier': 0.8, 'kelly_cap': 0.2, 'profit_threshold': 0.07, 'hard_stop_loss': 0.035, 'max_quantile_spread': 0.1, 'max_iv': 70.0, 'max_concurrent_trades': 5}",0.0,0.0,0.0,0.0,0.0,0,0.0,ok
confluence_sniper,"{'prob_threshold': 0.4, 'kelly_multiplier': 0.8, 'kelly_cap': 0.2, 'profit_threshold': 0.07, 'hard_stop_loss': 0.035, 'max_quantile_spread': 0.15, 'max_iv': 55.0, 'max_concurrent_trades': 5}",0.0,0.0,0.0,0.0,0.0,0,0.0,ok
confluence_sniper,"{'prob_threshold': 0.4, 'kelly_multiplier': 0.8, 'kelly_cap': 0.2, 'profit_threshold': 0.07, 'hard_stop_loss': 0.035, 'max_quantile_spread': 0.15, 'max_iv': 70.0, 'max_concurrent_trades': 10}",0.0,0.0,0.0,0.0,0.0,0,0.0,ok
confluence_sniper,"{'prob_threshold': 0.4, 'kelly_multiplier': 0.8, 'kelly_cap': 0.2, 'profit_threshold': 0.07, 'hard_stop_loss': 0.035, 'max_quantile_spread': 0.15, 'max_iv': 70.0, 'max_concurrent_trades': 5}",0.0,0.0,0.0,0.0,0.0,0,0.0,ok
confluence_sniper,"{'prob_threshold': 0.4, 'kelly_multiplier': 0.8, 'kelly_cap': 0.2, 'profit_threshold': 0.07, 'hard_stop_loss': 0.035, 'max_quantile_spread': 0.15, 'max_iv': 55.0, 'max_concurrent_trades': 10}",0.0,0.0,0.0,0.0,0.0,0,0.0,ok
confluence_sniper,"{'prob_threshold': 0.4, 'kelly_multiplier': 0.8, 'kelly_cap': 0.3, 'profit_threshold': 0.05, 'hard_stop_loss': 0.025, 'max_quantile_spread': 0.1, 'max_iv': 55.0, 'max_concurrent_trades': 5}",0.0,0.0,0.0,0.0,0.0,0,0.0,ok
confluence_sniper,"{'prob_threshold': 0.4, 'kelly_multiplier': 0.8, 'kelly_cap': 0.3, 'profit_threshold': 0.05, 'hard_stop_loss': 0.025, 'max_quantile_spread': 0.1, 'max_iv': 55.0, 'max_concurrent_trades': 10}",0.0,0.0,0.0,0.0,0.0,0,0.0,ok
confluence_sniper,"{'prob_threshold': 0.4, 'kelly_multiplier': 0.8, 'kelly_cap': 0.3, 'profit_threshold': 0.05, 'hard_stop_loss': 0.025, 'max_quantile_spread': 0.1, 'max_iv': 70.0, 'max_concurrent_trades': 10}",0.0,0.0,0.0,0.0,0.0,0,0.0,ok
confluence_sniper,"{'prob_threshold': 0.4, 'kelly_multiplier': 0.8, 'kelly_cap': 0.3, 'profit_threshold': 0.05, 'hard_stop_loss': 0.025, 'max_quantile_spread': 0.15, 'max_iv': 55.0, 'max_concurrent_trades': 5}",0.4437,0.8874,0.1387,0.0,100.0,1,0.0,ok
confluence_sniper,"{'prob_threshold': 0.4, 'kelly_multiplier': 0.8, 'kelly_cap': 0.3, 'profit_threshold': 0.05, 'hard_stop_loss': 0.025, 'max_quantile_spread': 0.1, 'max_iv': 70.0, 'max_concurrent_trades': 5}",0.0,0.0,0.0,0.0,0.0,0,0.0,ok
confluence_sniper,"{'prob_threshold': 0.4, 'kelly_multiplier': 0.8, 'kelly_cap': 0.3, 'profit_threshold': 0.05, 'hard_stop_loss': 0.025, 'max_quantile_spread': 0.15, 'max_iv': 55.0, 'max_concurrent_trades': 10}",0.4437,0.8874,0.1387,0.0,100.0,1,0.0,ok
confluence_sniper,"{'prob_threshold': 0.4, 'kelly_multiplier': 0.8, 'kelly_cap': 0.3, 'profit_threshold': 0.05, 'hard_stop_loss': 0.025, 'max_quantile_spread': 0.15, 'max_iv': 70.0, 'max_concurrent_trades': 5}",-0.1312,-0.0042,-0.3227,0.9453,66.67,3,0.6586,ok
confluence_sniper,"{'prob_threshold': 0.4, 'kelly_multiplier': 0.8, 'kelly_cap': 0.3, 'profit_threshold': 0.05, 'hard_stop_loss': 0.03, 'max_quantile_spread': 0.1, 'max_iv': 55.0, 'max_concurrent_trades': 5}",0.0,0.0,0.0,0.0,0.0,0,0.0,ok
confluence_sniper,"{'prob_threshold': 0.4, 'kelly_multiplier': 0.8, 'kelly_cap': 0.3, 'profit_threshold': 0.05, 'hard_stop_loss': 0.03, 'max_quantile_spread': 0.1, 'max_iv': 55.0, 'max_concurrent_trades': 10}",0.0,0.0,0.0,0.0,0.0,0,0.0,ok
confluence_sniper,"{'prob_threshold': 0.4, 'kelly_multiplier': 0.8, 'kelly_cap': 0.3, 'profit_threshold': 0.05, 'hard_stop_loss': 0.025, 'max_quantile_spread': 0.15, 'max_iv': 70.0, 'max_concurrent_trades': 10}",-0.1312,-0.0042,-0.3227,0.9453,66.67,3,0.6586,ok
confluence_sniper,"{'prob_threshold': 0.4, 'kelly_multiplier': 0.8, 'kelly_cap': 0.3, 'profit_threshold': 0.05, 'hard_stop_loss': 0.03, 'max_quantile_spread': 0.1, 'max_iv': 70.0, 'max_concurrent_trades': 5}",0.0,0.0,0.0,0.0,0.0,0,0.0,ok
confluence_sniper,"{'prob_threshold': 0.4, 'kelly_multiplier': 0.8, 'kelly_cap': 0.3, 'profit_threshold': 0.05, 'hard_stop_loss': 0.03, 'max_quantile_spread': 0.15, 'max_iv': 55.0, 'max_concurrent_trades': 5}",0.4437,0.8874,0.1106,0.0,100.0,1,0.0,ok
confluence_sniper,"{'prob_threshold': 0.4, 'kelly_multiplier': 0.8, 'kelly_cap': 0.3, 'profit_threshold': 0.05, 'hard_stop_loss': 0.03, 'max_quantile_spread': 0.1, 'max_iv': 70.0, 'max_concurrent_trades': 10}",0.0,0.0,0.0,0.0,0.0,0,0.0,ok
confluence_sniper,"{'prob_threshold': 0.4, 'kelly_multiplier': 0.8, 'kelly_cap': 0.3, 'profit_threshold': 0.05, 'hard_stop_loss': 0.03, 'max_quantile_spread': 0.15, 'max_iv': 55.0, 'max_concurrent_trades': 10}",0.4437,0.8874,0.1106,0.0,100.0,1,0.0,ok
confluence_sniper,"{'prob_threshold': 0.4, 'kelly_multiplier': 0.8, 'kelly_cap': 0.3, 'profit_threshold': 0.05, 'hard_stop_loss': 0.03, 'max_quantile_spread': 0.15, 'max_iv': 70.0, 'max_concurrent_trades': 5}",-0.1811,-0.0055,-0.3849,0.8536,66.67,3,0.5491,ok
confluence_sniper,"{'prob_threshold': 0.4, 'kelly_multiplier': 0.8, 'kelly_cap': 0.3, 'profit_threshold': 0.05, 'hard_stop_loss': 0.03, 'max_quantile_spread': 0.15, 'max_iv': 70.0, 'max_concurrent_trades': 10}",-0.1811,-0.0055,-0.3849,0.8536,66.67,3,0.5491,ok
confluence_sniper,"{'prob_threshold': 0.4, 'kelly_multiplier': 0.8, 'kelly_cap': 0.3, 'profit_threshold': 0.05, 'hard_stop_loss': 0.035, 'max_quantile_spread': 0.1, 'max_iv': 55.0, 'max_concurrent_trades': 5}",0.0,0.0,0.0,0.0,0.0,0,0.0,ok
confluence_sniper,"{'prob_threshold': 0.4, 'kelly_multiplier': 0.8, 'kelly_cap': 0.3, 'profit_threshold': 0.05, 'hard_stop_loss': 0.035, 'max_quantile_spread': 0.1, 'max_iv': 55.0, 'max_concurrent_trades': 10}",0.0,0.0,0.0,0.0,0.0,0,0.0,ok
confluence_sniper,"{'prob_threshold': 0.4, 'kelly_multiplier': 0.8, 'kelly_cap': 0.3, 'profit_threshold': 0.05, 'hard_stop_loss': 0.035, 'max_quantile_spread': 0.1, 'max_iv': 70.0, 'max_concurrent_trades': 5}",0.0,0.0,0.0,0.0,0.0,0,0.0,ok
confluence_sniper,"{'prob_threshold': 0.4, 'kelly_multiplier': 0.8, 'kelly_cap': 0.3, 'profit_threshold': 0.05, 'hard_stop_loss': 0.035, 'max_quantile_spread': 0.1, 'max_iv': 70.0, 'max_concurrent_trades': 10}",0.0,0.0,0.0,0.0,0.0,0,0.0,ok
confluence_sniper,"{'prob_threshold': 0.4, 'kelly_multiplier': 0.8, 'kelly_cap': 0.3, 'profit_threshold': 0.05, 'hard_stop_loss': 0.035, 'max_quantile_spread': 0.15, 'max_iv': 55.0, 'max_concurrent_trades': 5}",0.4437,0.8874,0.0825,0.0,100.0,1,0.0,ok
confluence_sniper,"{'prob_threshold': 0.4, 'kelly_multiplier': 0.8, 'kelly_cap': 0.3, 'profit_threshold': 0.05, 'hard_stop_loss': 0.035, 'max_quantile_spread': 0.15, 'max_iv': 70.0, 'max_concurrent_trades': 10}",-0.2356,-0.007,-0.4079,0.7227,66.67,3,0.4356,ok
confluence_sniper,"{'prob_threshold': 0.4, 'kelly_multiplier': 0.8, 'kelly_cap': 0.3, 'profit_threshold': 0.05, 'hard_stop_loss': 0.035, 'max_quantile_spread': 0.15, 'max_iv': 55.0, 'max_concurrent_trades': 10}",0.4437,0.8874,0.0825,0.0,100.0,1,0.0,ok
confluence_sniper,"{'prob_threshold': 0.4, 'kelly_multiplier': 0.8, 'kelly_cap': 0.3, 'profit_threshold': 0.05, 'hard_stop_loss': 0.035, 'max_quantile_spread': 0.15, 'max_iv': 70.0, 'max_concurrent_trades': 5}",-0.2356,-0.007,-0.4079,0.7227,66.67,3,0.4356,ok
confluence_sniper,"{'prob_threshold': 0.4, 'kelly_multiplier': 0.8, 'kelly_cap': 0.3, 'profit_threshold': 0.06, 'hard_stop_loss': 0.025, 'max_quantile_spread': 0.1, 'max_iv': 55.0, 'max_concurrent_trades': 10}",0.0,0.0,0.0,0.0,0.0,0,0.0,ok
confluence_sniper,"{'prob_threshold': 0.4, 'kelly_multiplier': 0.8, 'kelly_cap': 0.3, 'profit_threshold': 0.06, 'hard_stop_loss': 0.025, 'max_quantile_spread': 0.1, 'max_iv': 70.0, 'max_concurrent_trades': 5}",0.0,0.0,0.0,0.0,0.0,0,0.0,ok
confluence_sniper,"{'prob_threshold': 0.4, 'kelly_multiplier': 0.8, 'kelly_cap': 0.3, 'profit_threshold': 0.06, 'hard_stop_loss': 0.025, 'max_quantile_spread': 0.1, 'max_iv': 55.0, 'max_concurrent_trades': 5}",0.0,0.0,0.0,0.0,0.0,0,0.0,ok
confluence_sniper,"{'prob_threshold': 0.4, 'kelly_multiplier': 0.8, 'kelly_cap': 0.3, 'profit_threshold': 0.06, 'hard_stop_loss': 0.025, 'max_quantile_spread': 0.1, 'max_iv': 70.0, 'max_concurrent_trades': 10}",0.0,0.0,0.0,0.0,0.0,0,0.0,ok
confluence_sniper,"{'prob_threshold': 0.4, 'kelly_multiplier': 0.8, 'kelly_cap': 0.3, 'profit_threshold': 0.06, 'hard_stop_loss': 0.025, 'max_quantile_spread': 0.15, 'max_iv': 55.0, 'max_concurrent_trades': 5}",0.4437,0.8874,0.0938,0.0,100.0,1,0.0,ok
confluence_sniper,"{'prob_threshold': 0.4, 'kelly_multiplier': 0.8, 'kelly_cap': 0.3, 'profit_threshold': 0.06, 'hard_stop_loss': 0.025, 'max_quantile_spread': 0.15, 'max_iv': 55.0, 'max_concurrent_trades': 10}",0.4437,0.8874,0.0938,0.0,100.0,1,0.0,ok
confluence_sniper,"{'prob_threshold': 0.4, 'kelly_multiplier': 0.8, 'kelly_cap': 0.3, 'profit_threshold': 0.06, 'hard_stop_loss': 0.025, 'max_quantile_spread': 0.15, 'max_iv': 70.0, 'max_concurrent_trades': 5}",0.4437,0.8874,0.0938,0.0,100.0,1,0.0,ok
confluence_sniper,"{'prob_threshold': 0.4, 'kelly_multiplier': 0.8, 'kelly_cap': 0.3, 'profit_threshold': 0.06, 'hard_stop_loss': 0.025, 'max_quantile_spread': 0.15, 'max_iv': 70.0, 'max_concurrent_trades': 10}",0.4437,0.8874,0.0938,0.0,100.0,1,0.0,ok
confluence_sniper,"{'prob_threshold': 0.4, 'kelly_multiplier': 0.8, 'kelly_cap': 0.3, 'profit_threshold': 0.06, 'hard_stop_loss': 0.03, 'max_quantile_spread': 0.1, 'max_iv': 55.0, 'max_concurrent_trades': 5}",0.0,0.0,0.0,0.0,0.0,0,0.0,ok
confluence_sniper,"{'prob_threshold': 0.4, 'kelly_multiplier': 0.8, 'kelly_cap': 0.3, 'profit_threshold': 0.06, 'hard_stop_loss': 0.03, 'max_quantile_spread': 0.1, 'max_iv': 55.0, 'max_concurrent_trades': 10}",0.0,0.0,0.0,0.0,0.0,0,0.0,ok
confluence_sniper,"{'prob_threshold': 0.4, 'kelly_multiplier': 0.8, 'kelly_cap': 0.3, 'profit_threshold': 0.06, 'hard_stop_loss': 0.03, 'max_quantile_spread': 0.15, 'max_iv': 55.0, 'max_concurrent_trades': 5}",0.4437,0.8874,0.0664,0.0,100.0,1,0.0,ok
confluence_sniper,"{'prob_threshold': 0.4, 'kelly_multiplier': 0.8, 'kelly_cap': 0.3, 'profit_threshold': 0.06, 'hard_stop_loss': 0.03, 'max_quantile_spread': 0.1, 'max_iv': 70.0, 'max_concurrent_trades': 5}",0.0,0.0,0.0,0.0,0.0,0,0.0,ok
confluence_sniper,"{'prob_threshold': 0.4, 'kelly_multiplier': 0.8, 'kelly_cap': 0.3, 'profit_threshold': 0.06, 'hard_stop_loss': 0.03, 'max_quantile_spread': 0.15, 'max_iv': 55.0, 'max_concurrent_trades': 10}",0.4437,0.8874,0.0664,0.0,100.0,1,0.0,ok
confluence_sniper,"{'prob_threshold': 0.4, 'kelly_multiplier': 0.8, 'kelly_cap': 0.3, 'profit_threshold': 0.06, 'hard_stop_loss': 0.03, 'max_quantile_spread': 0.1, 'max_iv': 70.0, 'max_concurrent_trades': 10}",0.0,0.0,0.0,0.0,0.0,0,0.0,ok
confluence_sniper,"{'prob_threshold': 0.4, 'kelly_multiplier': 0.8, 'kelly_cap': 0.3, 'profit_threshold': 0.06, 'hard_stop_loss': 0.03, 'max_quantile_spread': 0.15, 'max_iv': 70.0, 'max_concurrent_trades': 10}",0.4437,0.8874,0.0664,0.0,100.0,1,0.0,ok
confluence_sniper,"{'prob_threshold': 0.4, 'kelly_multiplier': 0.8, 'kelly_cap': 0.3, 'profit_threshold': 0.06, 'hard_stop_loss': 0.03, 'max_quantile_spread': 0.15, 'max_iv': 70.0, 'max_concurrent_trades': 5}",0.4437,0.8874,0.0664,0.0,100.0,1,0.0,ok
confluence_sniper,"{'prob_threshold': 0.4, 'kelly_multiplier': 0.8, 'kelly_cap': 0.3, 'profit_threshold': 0.06, 'hard_stop_loss': 0.035, 'max_quantile_spread': 0.1, 'max_iv': 55.0, 'max_concurrent_trades': 5}",0.0,0.0,0.0,0.0,0.0,0,0.0,ok
confluence_sniper,"{'prob_threshold': 0.4, 'kelly_multiplier': 0.8, 'kelly_cap': 0.3, 'profit_threshold': 0.06, 'hard_stop_loss': 0.035, 'max_quantile_spread': 0.1, 'max_iv': 70.0, 'max_concurrent_trades': 5}",0.0,0.0,0.0,0.0,0.0,0,0.0,ok
confluence_sniper,"{'prob_threshold': 0.4, 'kelly_multiplier': 0.8, 'kelly_cap': 0.3, 'profit_threshold': 0.06, 'hard_stop_loss': 0.035, 'max_quantile_spread': 0.1, 'max_iv': 55.0, 'max_concurrent_trades': 10}",0.0,0.0,0.0,0.0,0.0,0,0.0,ok
confluence_sniper,"{'prob_threshold': 0.4, 'kelly_multiplier': 0.8, 'kelly_cap': 0.3, 'profit_threshold': 0.06, 'hard_stop_loss': 0.035, 'max_quantile_spread': 0.1, 'max_iv': 70.0, 'max_concurrent_trades': 10}",0.0,0.0,0.0,0.0,0.0,0,0.0,ok
confluence_sniper,"{'prob_threshold': 0.4, 'kelly_multiplier': 0.8, 'kelly_cap': 0.3, 'profit_threshold': 0.06, 'hard_stop_loss': 0.035, 'max_quantile_spread': 0.15, 'max_iv': 55.0, 'max_concurrent_trades': 5}",0.4437,0.8874,0.039,0.0,100.0,1,0.0,ok
confluence_sniper,"{'prob_threshold': 0.4, 'kelly_multiplier': 0.8, 'kelly_cap': 0.3, 'profit_threshold': 0.06, 'hard_stop_loss': 0.035, 'max_quantile_spread': 0.15, 'max_iv': 55.0, 'max_concurrent_trades': 10}",0.4437,0.8874,0.039,0.0,100.0,1,0.0,ok
confluence_sniper,"{'prob_threshold': 0.4, 'kelly_multiplier': 0.8, 'kelly_cap': 0.3, 'profit_threshold': 0.06, 'hard_stop_loss': 0.035, 'max_quantile_spread': 0.15, 'max_iv': 70.0, 'max_concurrent_trades': 5}",0.4437,0.8874,0.039,0.0,100.0,1,0.0,ok
confluence_sniper,"{'prob_threshold': 0.4, 'kelly_multiplier': 0.8, 'kelly_cap': 0.3, 'profit_threshold': 0.06, 'hard_stop_loss': 0.035, 'max_quantile_spread': 0.15, 'max_iv': 70.0, 'max_concurrent_trades': 10}",0.4437,0.8874,0.039,0.0,100.0,1,0.0,ok
confluence_sniper,"{'prob_threshold': 0.4, 'kelly_multiplier': 0.8, 'kelly_cap': 0.3, 'profit_threshold': 0.07, 'hard_stop_loss': 0.025, 'max_quantile_spread': 0.1, 'max_iv': 55.0, 'max_concurrent_trades': 10}",0.0,0.0,0.0,0.0,0.0,0,0.0,ok
confluence_sniper,"{'prob_threshold': 0.4, 'kelly_multiplier': 0.8, 'kelly_cap': 0.3, 'profit_threshold': 0.07, 'hard_stop_loss': 0.025, 'max_quantile_spread': 0.1, 'max_iv': 55.0, 'max_concurrent_trades': 5}",0.0,0.0,0.0,0.0,0.0,0,0.0,ok
confluence_sniper,"{'prob_threshold': 0.4, 'kelly_multiplier': 0.8, 'kelly_cap': 0.3, 'profit_threshold': 0.07, 'hard_stop_loss': 0.025, 'max_quantile_spread': 0.1, 'max_iv': 70.0, 'max_concurrent_trades': 5}",0.0,0.0,0.0,0.0,0.0,0,0.0,ok
confluence_sniper,"{'prob_threshold': 0.4, 'kelly_multiplier': 0.8, 'kelly_cap': 0.3, 'profit_threshold': 0.07, 'hard_stop_loss': 0.025, 'max_quantile_spread': 0.15, 'max_iv': 55.0, 'max_concurrent_trades': 5}",0.0,0.0,0.0,0.0,0.0,0,0.0,ok
confluence_sniper,"{'prob_threshold': 0.4, 'kelly_multiplier': 0.8, 'kelly_cap': 0.3, 'profit_threshold': 0.07, 'hard_stop_loss': 0.025, 'max_quantile_spread': 0.1, 'max_iv': 70.0, 'max_concurrent_trades': 10}",0.0,0.0,0.0,0.0,0.0,0,0.0,ok
confluence_sniper,"{'prob_threshold': 0.4, 'kelly_multiplier': 0.8, 'kelly_cap': 0.3, 'profit_threshold': 0.07, 'hard_stop_loss': 0.025, 'max_quantile_spread': 0.15, 'max_iv': 55.0, 'max_concurrent_trades': 10}",0.0,0.0,0.0,0.0,0.0,0,0.0,ok
confluence_sniper,"{'prob_threshold': 0.4, 'kelly_multiplier': 0.8, 'kelly_cap': 0.3, 'profit_threshold': 0.07, 'hard_stop_loss': 0.03, 'max_quantile_spread': 0.1, 'max_iv': 55.0, 'max_concurrent_trades': 5}",0.0,0.0,0.0,0.0,0.0,0,0.0,ok
confluence_sniper,"{'prob_threshold': 0.4, 'kelly_multiplier': 0.8, 'kelly_cap': 0.3, 'profit_threshold': 0.07, 'hard_stop_loss': 0.025, 'max_quantile_spread': 0.15, 'max_iv': 70.0, 'max_concurrent_trades': 5}",0.0,0.0,0.0,0.0,0.0,0,0.0,ok
confluence_sniper,"{'prob_threshold': 0.4, 'kelly_multiplier': 0.8, 'kelly_cap': 0.3, 'profit_threshold': 0.07, 'hard_stop_loss': 0.025, 'max_quantile_spread': 0.15, 'max_iv': 70.0, 'max_concurrent_trades': 10}",0.0,0.0,0.0,0.0,0.0,0,0.0,ok
confluence_sniper,"{'prob_threshold': 0.4, 'kelly_multiplier': 0.8, 'kelly_cap': 0.3, 'profit_threshold': 0.07, 'hard_stop_loss': 0.03, 'max_quantile_spread': 0.1, 'max_iv': 55.0, 'max_concurrent_trades': 10}",0.0,0.0,0.0,0.0,0.0,0,0.0,ok
confluence_sniper,"{'prob_threshold': 0.4, 'kelly_multiplier': 0.8, 'kelly_cap': 0.3, 'profit_threshold': 0.07, 'hard_stop_loss': 0.03, 'max_quantile_spread': 0.1, 'max_iv': 70.0, 'max_concurrent_trades': 10}",0.0,0.0,0.0,0.0,0.0,0,0.0,ok
confluence_sniper,"{'prob_threshold': 0.4, 'kelly_multiplier': 0.8, 'kelly_cap': 0.3, 'profit_threshold': 0.07, 'hard_stop_loss': 0.03, 'max_quantile_spread': 0.1, 'max_iv': 70.0, 'max_concurrent_trades': 5}",0.0,0.0,0.0,0.0,0.0,0,0.0,ok
confluence_sniper,"{'prob_threshold': 0.4, 'kelly_multiplier': 0.8, 'kelly_cap': 0.3, 'profit_threshold': 0.07, 'hard_stop_loss': 0.03, 'max_quantile_spread': 0.15, 'max_iv': 55.0, 'max_concurrent_trades': 5}",0.0,0.0,0.0,0.0,0.0,0,0.0,ok
confluence_sniper,"{'prob_threshold': 0.4, 'kelly_multiplier': 0.8, 'kelly_cap': 0.3, 'profit_threshold': 0.07, 'hard_stop_loss': 0.03, 'max_quantile_spread': 0.15, 'max_iv': 55.0, 'max_concurrent_trades': 10}",0.0,0.0,0.0,0.0,0.0,0,0.0,ok
confluence_sniper,"{'prob_threshold': 0.4, 'kelly_multiplier': 0.8, 'kelly_cap': 0.3, 'profit_threshold': 0.07, 'hard_stop_loss': 0.03, 'max_quantile_spread': 0.15, 'max_iv': 70.0, 'max_concurrent_trades': 5}",0.0,0.0,0.0,0.0,0.0,0,0.0,ok
confluence_sniper,"{'prob_threshold': 0.4, 'kelly_multiplier': 0.8, 'kelly_cap': 0.3, 'profit_threshold': 0.07, 'hard_stop_loss': 0.03, 'max_quantile_spread': 0.15, 'max_iv': 70.0, 'max_concurrent_trades': 10}",0.0,0.0,0.0,0.0,0.0,0,0.0,ok
confluence_sniper,"{'prob_threshold': 0.4, 'kelly_multiplier': 0.8, 'kelly_cap': 0.3, 'profit_threshold': 0.07, 'hard_stop_loss': 0.035, 'max_quantile_spread': 0.1, 'max_iv': 55.0, 'max_concurrent_trades': 5}",0.0,0.0,0.0,0.0,0.0,0,0.0,ok
confluence_sniper,"{'prob_threshold': 0.4, 'kelly_multiplier': 0.8, 'kelly_cap': 0.3, 'profit_threshold': 0.07, 'hard_stop_loss': 0.035, 'max_quantile_spread': 0.1, 'max_iv': 55.0, 'max_concurrent_trades': 10}",0.0,0.0,0.0,0.0,0.0,0,0.0,ok
confluence_sniper,"{'prob_threshold': 0.4, 'kelly_multiplier': 0.8, 'kelly_cap': 0.3, 'profit_threshold': 0.07, 'hard_stop_loss': 0.035, 'max_quantile_spread': 0.1, 'max_iv': 70.0, 'max_concurrent_trades': 5}",0.0,0.0,0.0,0.0,0.0,0,0.0,ok
confluence_sniper,"{'prob_threshold': 0.4, 'kelly_multiplier': 0.8, 'kelly_cap': 0.3, 'profit_threshold': 0.07, 'hard_stop_loss': 0.035, 'max_quantile_spread': 0.15, 'max_iv': 55.0, 'max_concurrent_trades': 10}",0.0,0.0,0.0,0.0,0.0,0,0.0,ok
confluence_sniper,"{'prob_threshold': 0.4, 'kelly_multiplier': 0.8, 'kelly_cap': 0.3, 'profit_threshold': 0.07, 'hard_stop_loss': 0.035, 'max_quantile_spread': 0.1, 'max_iv': 70.0, 'max_concurrent_trades': 10}",0.0,0.0,0.0,0.0,0.0,0,0.0,ok
confluence_sniper,"{'prob_threshold': 0.4, 'kelly_multiplier': 0.8, 'kelly_cap': 0.3, 'profit_threshold': 0.07, 'hard_stop_loss': 0.035, 'max_quantile_spread': 0.15, 'max_iv': 55.0, 'max_concurrent_trades': 5}",0.0,0.0,0.0,0.0,0.0,0,0.0,ok
confluence_sniper,"{'prob_threshold': 0.4, 'kelly_multiplier': 0.8, 'kelly_cap': 0.3, 'profit_threshold': 0.07, 'hard_stop_loss': 0.035, 'max_quantile_spread': 0.15, 'max_iv': 70.0, 'max_concurrent_trades': 5}",0.0,0.0,0.0,0.0,0.0,0,0.0,ok
confluence_sniper,"{'prob_threshold': 0.5, 'kelly_multiplier': 0.4, 'kelly_cap': 0.2, 'profit_threshold': 0.05, 'hard_stop_loss': 0.025, 'max_quantile_spread': 0.1, 'max_iv': 55.0, 'max_concurrent_trades': 5}",0.0,0.0,0.0,0.0,0.0,0,0.0,ok
confluence_sniper,"{'prob_threshold': 0.4, 'kelly_multiplier': 0.8, 'kelly_cap': 0.3, 'profit_threshold': 0.07, 'hard_stop_loss': 0.035, 'max_quantile_spread': 0.15, 'max_iv': 70.0, 'max_concurrent_trades': 10}",0.0,0.0,0.0,0.0,0.0,0,0.0,ok
confluence_sniper,"{'prob_threshold': 0.5, 'kelly_multiplier': 0.4, 'kelly_cap': 0.2, 'profit_threshold': 0.05, 'hard_stop_loss': 0.025, 'max_quantile_spread': 0.1, 'max_iv': 55.0, 'max_concurrent_trades': 10}",0.0,0.0,0.0,0.0,0.0,0,0.0,ok
confluence_sniper,"{'prob_threshold': 0.5, 'kelly_multiplier': 0.4, 'kelly_cap': 0.2, 'profit_threshold': 0.05, 'hard_stop_loss': 0.025, 'max_quantile_spread': 0.15, 'max_iv': 55.0, 'max_concurrent_trades': 5}",0.0,0.0,0.0,0.0,0.0,0,0.0,ok
confluence_sniper,"{'prob_threshold': 0.5, 'kelly_multiplier': 0.4, 'kelly_cap': 0.2, 'profit_threshold': 0.05, 'hard_stop_loss': 0.025, 'max_quantile_spread': 0.1, 'max_iv': 70.0, 'max_concurrent_trades': 5}",0.0,0.0,0.0,0.0,0.0,0,0.0,ok
confluence_sniper,"{'prob_threshold': 0.5, 'kelly_multiplier': 0.4, 'kelly_cap': 0.2, 'profit_threshold': 0.05, 'hard_stop_loss': 0.025, 'max_quantile_spread': 0.1, 'max_iv': 70.0, 'max_concurrent_trades': 10}",0.0,0.0,0.0,0.0,0.0,0,0.0,ok
confluence_sniper,"{'prob_threshold': 0.5, 'kelly_multiplier': 0.4, 'kelly_cap': 0.2, 'profit_threshold': 0.05, 'hard_stop_loss': 0.025, 'max_quantile_spread': 0.15, 'max_iv': 55.0, 'max_concurrent_trades': 10}",0.0,0.0,0.0,0.0,0.0,0,0.0,ok
confluence_sniper,"{'prob_threshold': 0.5, 'kelly_multiplier': 0.4, 'kelly_cap': 0.2, 'profit_threshold': 0.05, 'hard_stop_loss': 0.025, 'max_quantile_spread': 0.15, 'max_iv': 70.0, 'max_concurrent_trades': 10}",-0.4437,-0.0124,-0.36,0.36,0.0,1,0.0,ok
confluence_sniper,"{'prob_threshold': 0.5, 'kelly_multiplier': 0.4, 'kelly_cap': 0.2, 'profit_threshold': 0.05, 'hard_stop_loss': 0.025, 'max_quantile_spread': 0.15, 'max_iv': 70.0, 'max_concurrent_trades': 5}",-0.4437,-0.0124,-0.36,0.36,0.0,1,0.0,ok
confluence_sniper,"{'prob_threshold': 0.5, 'kelly_multiplier': 0.4, 'kelly_cap': 0.2, 'profit_threshold': 0.05, 'hard_stop_loss': 0.03, 'max_quantile_spread': 0.1, 'max_iv': 55.0, 'max_concurrent_trades': 5}",0.0,0.0,0.0,0.0,0.0,0,0.0,ok
confluence_sniper,"{'prob_threshold': 0.5, 'kelly_multiplier': 0.4, 'kelly_cap': 0.2, 'profit_threshold': 0.05, 'hard_stop_loss': 0.03, 'max_quantile_spread': 0.1, 'max_iv': 55.0, 'max_concurrent_trades': 10}",0.0,0.0,0.0,0.0,0.0,0,0.0,ok
confluence_sniper,"{'prob_threshold': 0.5, 'kelly_multiplier': 0.4, 'kelly_cap': 0.2, 'profit_threshold': 0.05, 'hard_stop_loss': 0.03, 'max_quantile_spread': 0.1, 'max_iv': 70.0, 'max_concurrent_trades': 5}",0.0,0.0,0.0,0.0,0.0,0,0.0,ok
confluence_sniper,"{'prob_threshold': 0.5, 'kelly_multiplier': 0.4, 'kelly_cap': 0.2, 'profit_threshold': 0.05, 'hard_stop_loss': 0.03, 'max_quantile_spread': 0.1, 'max_iv': 70.0, 'max_concurrent_trades': 10}",0.0,0.0,0.0,0.0,0.0,0,0.0,ok
confluence_sniper,"{'prob_threshold': 0.5, 'kelly_multiplier': 0.4, 'kelly_cap': 0.2, 'profit_threshold': 0.05, 'hard_stop_loss': 0.03, 'max_quantile_spread': 0.15, 'max_iv': 55.0, 'max_concurrent_trades': 5}",0.0,0.0,0.0,0.0,0.0,0,0.0,ok
confluence_sniper,"{'prob_threshold': 0.5, 'kelly_multiplier': 0.4, 'kelly_cap': 0.2, 'profit_threshold': 0.05, 'hard_stop_loss': 0.03, 'max_quantile_spread': 0.15, 'max_iv': 55.0, 'max_concurrent_trades': 10}",0.0,0.0,0.0,0.0,0.0,0,0.0,ok
confluence_sniper,"{'prob_threshold': 0.5, 'kelly_multiplier': 0.4, 'kelly_cap': 0.2, 'profit_threshold': 0.05, 'hard_stop_loss': 0.03, 'max_quantile_spread': 0.15, 'max_iv': 70.0, 'max_concurrent_trades': 5}",-0.4437,-0.0124,-0.4,0.4,0.0,1,0.0,ok
confluence_sniper,"{'prob_threshold': 0.5, 'kelly_multiplier': 0.4, 'kelly_cap': 0.2, 'profit_threshold': 0.05, 'hard_stop_loss': 0.03, 'max_quantile_spread': 0.15, 'max_iv': 70.0, 'max_concurrent_trades': 10}",-0.4437,-0.0124,-0.4,0.4,0.0,1,0.0,ok
confluence_sniper,"{'prob_threshold': 0.5, 'kelly_multiplier': 0.4, 'kelly_cap': 0.2, 'profit_threshold': 0.05, 'hard_stop_loss': 0.035, 'max_quantile_spread': 0.1, 'max_iv': 55.0, 'max_concurrent_trades': 10}",0.0,0.0,0.0,0.0,0.0,0,0.0,ok
confluence_sniper,"{'prob_threshold': 0.5, 'kelly_multiplier': 0.4, 'kelly_cap': 0.2, 'profit_threshold': 0.05, 'hard_stop_loss': 0.035, 'max_quantile_spread': 0.1, 'max_iv': 55.0, 'max_concurrent_trades': 5}",0.0,0.0,0.0,0.0,0.0,0,0.0,ok
confluence_sniper,"{'prob_threshold': 0.5, 'kelly_multiplier': 0.4, 'kelly_cap': 0.2, 'profit_threshold': 0.05, 'hard_stop_loss': 0.035, 'max_quantile_spread': 0.1, 'max_iv': 70.0, 'max_concurrent_trades': 5}",0.0,0.0,0.0,0.0,0.0,0,0.0,ok
confluence_sniper,"{'prob_threshold': 0.5, 'kelly_multiplier': 0.4, 'kelly_cap': 0.2, 'profit_threshold': 0.05, 'hard_stop_loss': 0.035, 'max_quantile_spread': 0.15, 'max_iv': 55.0, 'max_concurrent_trades': 5}",0.0,0.0,0.0,0.0,0.0,0,0.0,ok
confluence_sniper,"{'prob_threshold': 0.5, 'kelly_multiplier': 0.4, 'kelly_cap': 0.2, 'profit_threshold': 0.05, 'hard_stop_loss': 0.035, 'max_quantile_spread': 0.1, 'max_iv': 70.0, 'max_concurrent_trades': 10}",0.0,0.0,0.0,0.0,0.0,0,0.0,ok
confluence_sniper,"{'prob_threshold': 0.5, 'kelly_multiplier': 0.4, 'kelly_cap': 0.2, 'profit_threshold': 0.05, 'hard_stop_loss': 0.035, 'max_quantile_spread': 0.15, 'max_iv': 70.0, 'max_concurrent_trades': 5}",-0.4437,-0.0124,-0.3613,0.3614,0.0,1,0.0,ok
confluence_sniper,"{'prob_threshold': 0.5, 'kelly_multiplier': 0.4, 'kelly_cap': 0.2, 'profit_threshold': 0.05, 'hard_stop_loss': 0.035, 'max_quantile_spread': 0.15, 'max_iv': 55.0, 'max_concurrent_trades': 10}",0.0,0.0,0.0,0.0,0.0,0,0.0,ok
confluence_sniper,"{'prob_threshold': 0.5, 'kelly_multiplier': 0.4, 'kelly_cap': 0.2, 'profit_threshold': 0.06, 'hard_stop_loss': 0.025, 'max_quantile_spread': 0.1, 'max_iv': 55.0, 'max_concurrent_trades': 5}",0.0,0.0,0.0,0.0,0.0,0,0.0,ok
confluence_sniper,"{'prob_threshold': 0.5, 'kelly_multiplier': 0.4, 'kelly_cap': 0.2, 'profit_threshold': 0.05, 'hard_stop_loss': 0.035, 'max_quantile_spread': 0.15, 'max_iv': 70.0, 'max_concurrent_trades': 10}",-0.4437,-0.0124,-0.3613,0.3614,0.0,1,0.0,ok
confluence_sniper,"{'prob_threshold': 0.5, 'kelly_multiplier': 0.4, 'kelly_cap': 0.2, 'profit_threshold': 0.06, 'hard_stop_loss': 0.025, 'max_quantile_spread': 0.1, 'max_iv': 55.0, 'max_concurrent_trades': 10}",0.0,0.0,0.0,0.0,0.0,0,0.0,ok
confluence_sniper,"{'prob_threshold': 0.5, 'kelly_multiplier': 0.4, 'kelly_cap': 0.2, 'profit_threshold': 0.06, 'hard_stop_loss': 0.025, 'max_quantile_spread': 0.1, 'max_iv': 70.0, 'max_concurrent_trades': 5}",0.0,0.0,0.0,0.0,0.0,0,0.0,ok
confluence_sniper,"{'prob_threshold': 0.5, 'kelly_multiplier': 0.4, 'kelly_cap': 0.2, 'profit_threshold': 0.06, 'hard_stop_loss': 0.025, 'max_quantile_spread': 0.15, 'max_iv': 55.0, 'max_concurrent_trades': 10}",0.0,0.0,0.0,0.0,0.0,0,0.0,ok
confluence_sniper,"{'prob_threshold': 0.5, 'kelly_multiplier': 0.4, 'kelly_cap': 0.2, 'profit_threshold': 0.06, 'hard_stop_loss': 0.025, 'max_quantile_spread': 0.15, 'max_iv': 55.0, 'max_concurrent_trades': 5}",0.0,0.0,0.0,0.0,0.0,0,0.0,ok
confluence_sniper,"{'prob_threshold': 0.5, 'kelly_multiplier': 0.4, 'kelly_cap': 0.2, 'profit_threshold': 0.06, 'hard_stop_loss': 0.025, 'max_quantile_spread': 0.15, 'max_iv': 70.0, 'max_concurrent_trades': 10}",0.0,0.0,0.0,0.0,0.0,0,0.0,ok
confluence_sniper,"{'prob_threshold': 0.5, 'kelly_multiplier': 0.4, 'kelly_cap': 0.2, 'profit_threshold': 0.06, 'hard_stop_loss': 0.025, 'max_quantile_spread': 0.15, 'max_iv': 70.0, 'max_concurrent_trades': 5}",0.0,0.0,0.0,0.0,0.0,0,0.0,ok
confluence_sniper,"{'prob_threshold': 0.5, 'kelly_multiplier': 0.4, 'kelly_cap': 0.2, 'profit_threshold': 0.06, 'hard_stop_loss': 0.025, 'max_quantile_spread': 0.1, 'max_iv': 70.0, 'max_concurrent_trades': 10}",0.0,0.0,0.0,0.0,0.0,0,0.0,ok
confluence_sniper,"{'prob_threshold': 0.5, 'kelly_multiplier': 0.4, 'kelly_cap': 0.2, 'profit_threshold': 0.06, 'hard_stop_loss': 0.03, 'max_quantile_spread': 0.1, 'max_iv': 55.0, 'max_concurrent_trades': 5}",0.0,0.0,0.0,0.0,0.0,0,0.0,ok
confluence_sniper,"{'prob_threshold': 0.5, 'kelly_multiplier': 0.4, 'kelly_cap': 0.2, 'profit_threshold': 0.06, 'hard_stop_loss': 0.03, 'max_quantile_spread': 0.1, 'max_iv': 55.0, 'max_concurrent_trades': 10}",0.0,0.0,0.0,0.0,0.0,0,0.0,ok
confluence_sniper,"{'prob_threshold': 0.5, 'kelly_multiplier': 0.4, 'kelly_cap': 0.2, 'profit_threshold': 0.06, 'hard_stop_loss': 0.03, 'max_quantile_spread': 0.1, 'max_iv': 70.0, 'max_concurrent_trades': 10}",0.0,0.0,0.0,0.0,0.0,0,0.0,ok
confluence_sniper,"{'prob_threshold': 0.5, 'kelly_multiplier': 0.4, 'kelly_cap': 0.2, 'profit_threshold': 0.06, 'hard_stop_loss': 0.03, 'max_quantile_spread': 0.1, 'max_iv': 70.0, 'max_concurrent_trades': 5}",0.0,0.0,0.0,0.0,0.0,0,0.0,ok
confluence_sniper,"{'prob_threshold': 0.5, 'kelly_multiplier': 0.4, 'kelly_cap': 0.2, 'profit_threshold': 0.06, 'hard_stop_loss': 0.03, 'max_quantile_spread': 0.15, 'max_iv': 55.0, 'max_concurrent_trades': 5}",0.0,0.0,0.0,0.0,0.0,0,0.0,ok
confluence_sniper,"{'prob_threshold': 0.5, 'kelly_multiplier': 0.4, 'kelly_cap': 0.2, 'profit_threshold': 0.06, 'hard_stop_loss': 0.03, 'max_quantile_spread': 0.15, 'max_iv': 55.0, 'max_concurrent_trades': 10}",0.0,0.0,0.0,0.0,0.0,0,0.0,ok
confluence_sniper,"{'prob_threshold': 0.5, 'kelly_multiplier': 0.4, 'kelly_cap': 0.2, 'profit_threshold': 0.06, 'hard_stop_loss': 0.03, 'max_quantile_spread': 0.15, 'max_iv': 70.0, 'max_concurrent_trades': 10}",0.0,0.0,0.0,0.0,0.0,0,0.0,ok
confluence_sniper,"{'prob_threshold': 0.5, 'kelly_multiplier': 0.4, 'kelly_cap': 0.2, 'profit_threshold': 0.06, 'hard_stop_loss': 0.03, 'max_quantile_spread': 0.15, 'max_iv': 70.0, 'max_concurrent_trades': 5}",0.0,0.0,0.0,0.0,0.0,0,0.0,ok
confluence_sniper,"{'prob_threshold': 0.5, 'kelly_multiplier': 0.4, 'kelly_cap': 0.2, 'profit_threshold': 0.06, 'hard_stop_loss': 0.035, 'max_quantile_spread': 0.1, 'max_iv': 55.0, 'max_concurrent_trades': 5}",0.0,0.0,0.0,0.0,0.0,0,0.0,ok
confluence_sniper,"{'prob_threshold': 0.5, 'kelly_multiplier': 0.4, 'kelly_cap': 0.2, 'profit_threshold': 0.06, 'hard_stop_loss': 0.035, 'max_quantile_spread': 0.1, 'max_iv': 55.0, 'max_concurrent_trades': 10}",0.0,0.0,0.0,0.0,0.0,0,0.0,ok
confluence_sniper,"{'prob_threshold': 0.5, 'kelly_multiplier': 0.4, 'kelly_cap': 0.2, 'profit_threshold': 0.06, 'hard_stop_loss': 0.035, 'max_quantile_spread': 0.1, 'max_iv': 70.0, 'max_concurrent_trades': 10}",0.0,0.0,0.0,0.0,0.0,0,0.0,ok
confluence_sniper,"{'prob_threshold': 0.5, 'kelly_multiplier': 0.4, 'kelly_cap': 0.2, 'profit_threshold': 0.06, 'hard_stop_loss': 0.035, 'max_quantile_spread': 0.1, 'max_iv': 70.0, 'max_concurrent_trades': 5}",0.0,0.0,0.0,0.0,0.0,0,0.0,ok
confluence_sniper,"{'prob_threshold': 0.5, 'kelly_multiplier': 0.4, 'kelly_cap': 0.2, 'profit_threshold': 0.06, 'hard_stop_loss': 0.035, 'max_quantile_spread': 0.15, 'max_iv': 55.0, 'max_concurrent_trades': 5}",0.0,0.0,0.0,0.0,0.0,0,0.0,ok
confluence_sniper,"{'prob_threshold': 0.5, 'kelly_multiplier': 0.4, 'kelly_cap': 0.2, 'profit_threshold': 0.06, 'hard_stop_loss': 0.035, 'max_quantile_spread': 0.15, 'max_iv': 55.0, 'max_concurrent_trades': 10}",0.0,0.0,0.0,0.0,0.0,0,0.0,ok
confluence_sniper,"{'prob_threshold': 0.5, 'kelly_multiplier': 0.4, 'kelly_cap': 0.2, 'profit_threshold': 0.06, 'hard_stop_loss': 0.035, 'max_quantile_spread': 0.15, 'max_iv': 70.0, 'max_concurrent_trades': 5}",0.0,0.0,0.0,0.0,0.0,0,0.0,ok
confluence_sniper,"{'prob_threshold': 0.5, 'kelly_multiplier': 0.4, 'kelly_cap': 0.2, 'profit_threshold': 0.06, 'hard_stop_loss': 0.035, 'max_quantile_spread': 0.15, 'max_iv': 70.0, 'max_concurrent_trades': 10}",0.0,0.0,0.0,0.0,0.0,0,0.0,ok
confluence_sniper,"{'prob_threshold': 0.5, 'kelly_multiplier': 0.4, 'kelly_cap': 0.2, 'profit_threshold': 0.07, 'hard_stop_loss': 0.025, 'max_quantile_spread': 0.1, 'max_iv': 55.0, 'max_concurrent_trades': 5}",0.0,0.0,0.0,0.0,0.0,0,0.0,ok
confluence_sniper,"{'prob_threshold': 0.5, 'kelly_multiplier': 0.4, 'kelly_cap': 0.2, 'profit_threshold': 0.07, 'hard_stop_loss': 0.025, 'max_quantile_spread': 0.1, 'max_iv': 70.0, 'max_concurrent_trades': 5}",0.0,0.0,0.0,0.0,0.0,0,0.0,ok
confluence_sniper,"{'prob_threshold': 0.5, 'kelly_multiplier': 0.4, 'kelly_cap': 0.2, 'profit_threshold': 0.07, 'hard_stop_loss': 0.025, 'max_quantile_spread': 0.1, 'max_iv': 55.0, 'max_concurrent_trades': 10}",0.0,0.0,0.0,0.0,0.0,0,0.0,ok
confluence_sniper,"{'prob_threshold': 0.5, 'kelly_multiplier': 0.4, 'kelly_cap': 0.2, 'profit_threshold': 0.07, 'hard_stop_loss': 0.025, 'max_quantile_spread': 0.15, 'max_iv': 55.0, 'max_concurrent_trades': 5}",0.0,0.0,0.0,0.0,0.0,0,0.0,ok
confluence_sniper,"{'prob_threshold': 0.5, 'kelly_multiplier': 0.4, 'kelly_cap': 0.2, 'profit_threshold': 0.07, 'hard_stop_loss': 0.025, 'max_quantile_spread': 0.1, 'max_iv': 70.0, 'max_concurrent_trades': 10}",0.0,0.0,0.0,0.0,0.0,0,0.0,ok
confluence_sniper,"{'prob_threshold': 0.5, 'kelly_multiplier': 0.4, 'kelly_cap': 0.2, 'profit_threshold': 0.07, 'hard_stop_loss': 0.025, 'max_quantile_spread': 0.15, 'max_iv': 70.0, 'max_concurrent_trades': 5}",0.0,0.0,0.0,0.0,0.0,0,0.0,ok
confluence_sniper,"{'prob_threshold': 0.5, 'kelly_multiplier': 0.4, 'kelly_cap': 0.2, 'profit_threshold': 0.07, 'hard_stop_loss': 0.025, 'max_quantile_spread': 0.15, 'max_iv': 70.0, 'max_concurrent_trades': 10}",0.0,0.0,0.0,0.0,0.0,0,0.0,ok
confluence_sniper,"{'prob_threshold': 0.5, 'kelly_multiplier': 0.4, 'kelly_cap': 0.2, 'profit_threshold': 0.07, 'hard_stop_loss': 0.025, 'max_quantile_spread': 0.15, 'max_iv': 55.0, 'max_concurrent_trades': 10}",0.0,0.0,0.0,0.0,0.0,0,0.0,ok
confluence_sniper,"{'prob_threshold': 0.5, 'kelly_multiplier': 0.4, 'kelly_cap': 0.2, 'profit_threshold': 0.07, 'hard_stop_loss': 0.03, 'max_quantile_spread': 0.1, 'max_iv': 55.0, 'max_concurrent_trades': 5}",0.0,0.0,0.0,0.0,0.0,0,0.0,ok
confluence_sniper,"{'prob_threshold': 0.5, 'kelly_multiplier': 0.4, 'kelly_cap': 0.2, 'profit_threshold': 0.07, 'hard_stop_loss': 0.03, 'max_quantile_spread': 0.1, 'max_iv': 55.0, 'max_concurrent_trades': 10}",0.0,0.0,0.0,0.0,0.0,0,0.0,ok
confluence_sniper,"{'prob_threshold': 0.5, 'kelly_multiplier': 0.4, 'kelly_cap': 0.2, 'profit_threshold': 0.07, 'hard_stop_loss': 0.03, 'max_quantile_spread': 0.1, 'max_iv': 70.0, 'max_concurrent_trades': 5}",0.0,0.0,0.0,0.0,0.0,0,0.0,ok
confluence_sniper,"{'prob_threshold': 0.5, 'kelly_multiplier': 0.4, 'kelly_cap': 0.2, 'profit_threshold': 0.07, 'hard_stop_loss': 0.03, 'max_quantile_spread': 0.1, 'max_iv': 70.0, 'max_concurrent_trades': 10}",0.0,0.0,0.0,0.0,0.0,0,0.0,ok
confluence_sniper,"{'prob_threshold': 0.5, 'kelly_multiplier': 0.4, 'kelly_cap': 0.2, 'profit_threshold': 0.07, 'hard_stop_loss': 0.03, 'max_quantile_spread': 0.15, 'max_iv': 55.0, 'max_concurrent_trades': 5}",0.0,0.0,0.0,0.0,0.0,0,0.0,ok
confluence_sniper,"{'prob_threshold': 0.5, 'kelly_multiplier': 0.4, 'kelly_cap': 0.2, 'profit_threshold': 0.07, 'hard_stop_loss': 0.03, 'max_quantile_spread': 0.15, 'max_iv': 55.0, 'max_concurrent_trades': 10}",0.0,0.0,0.0,0.0,0.0,0,0.0,ok
confluence_sniper,"{'prob_threshold': 0.5, 'kelly_multiplier': 0.4, 'kelly_cap': 0.2, 'profit_threshold': 0.07, 'hard_stop_loss': 0.03, 'max_quantile_spread': 0.15, 'max_iv': 70.0, 'max_concurrent_trades': 10}",0.0,0.0,0.0,0.0,0.0,0,0.0,ok
confluence_sniper,"{'prob_threshold': 0.5, 'kelly_multiplier': 0.4, 'kelly_cap': 0.2, 'profit_threshold': 0.07, 'hard_stop_loss': 0.03, 'max_quantile_spread': 0.15, 'max_iv': 70.0, 'max_concurrent_trades': 5}",0.0,0.0,0.0,0.0,0.0,0,0.0,ok
confluence_sniper,"{'prob_threshold': 0.5, 'kelly_multiplier': 0.4, 'kelly_cap': 0.2, 'profit_threshold': 0.07, 'hard_stop_loss': 0.035, 'max_quantile_spread': 0.1, 'max_iv': 55.0, 'max_concurrent_trades': 10}",0.0,0.0,0.0,0.0,0.0,0,0.0,ok
confluence_sniper,"{'prob_threshold': 0.5, 'kelly_multiplier': 0.4, 'kelly_cap': 0.2, 'profit_threshold': 0.07, 'hard_stop_loss': 0.035, 'max_quantile_spread': 0.1, 'max_iv': 70.0, 'max_concurrent_trades': 5}",0.0,0.0,0.0,0.0,0.0,0,0.0,ok
confluence_sniper,"{'prob_threshold': 0.5, 'kelly_multiplier': 0.4, 'kelly_cap': 0.2, 'profit_threshold': 0.07, 'hard_stop_loss': 0.035, 'max_quantile_spread': 0.1, 'max_iv': 55.0, 'max_concurrent_trades': 5}",0.0,0.0,0.0,0.0,0.0,0,0.0,ok
confluence_sniper,"{'prob_threshold': 0.5, 'kelly_multiplier': 0.4, 'kelly_cap': 0.2, 'profit_threshold': 0.07, 'hard_stop_loss': 0.035, 'max_quantile_spread': 0.1, 'max_iv': 70.0, 'max_concurrent_trades': 10}",0.0,0.0,0.0,0.0,0.0,0,0.0,ok
confluence_sniper,"{'prob_threshold': 0.5, 'kelly_multiplier': 0.4, 'kelly_cap': 0.2, 'profit_threshold': 0.07, 'hard_stop_loss': 0.035, 'max_quantile_spread': 0.15, 'max_iv': 55.0, 'max_concurrent_trades': 5}",0.0,0.0,0.0,0.0,0.0,0,0.0,ok
confluence_sniper,"{'prob_threshold': 0.5, 'kelly_multiplier': 0.4, 'kelly_cap': 0.2, 'profit_threshold': 0.07, 'hard_stop_loss': 0.035, 'max_quantile_spread': 0.15, 'max_iv': 55.0, 'max_concurrent_trades': 10}",0.0,0.0,0.0,0.0,0.0,0,0.0,ok
confluence_sniper,"{'prob_threshold': 0.5, 'kelly_multiplier': 0.4, 'kelly_cap': 0.2, 'profit_threshold': 0.07, 'hard_stop_loss': 0.035, 'max_quantile_spread': 0.15, 'max_iv': 70.0, 'max_concurrent_trades': 10}",0.0,0.0,0.0,0.0,0.0,0,0.0,ok
confluence_sniper,"{'prob_threshold': 0.5, 'kelly_multiplier': 0.4, 'kelly_cap': 0.2, 'profit_threshold': 0.07, 'hard_stop_loss': 0.035, 'max_quantile_spread': 0.15, 'max_iv': 70.0, 'max_concurrent_trades': 5}",0.0,0.0,0.0,0.0,0.0,0,0.0,ok
confluence_sniper,"{'prob_threshold': 0.5, 'kelly_multiplier': 0.4, 'kelly_cap': 0.3, 'profit_threshold': 0.05, 'hard_stop_loss': 0.025, 'max_quantile_spread': 0.1, 'max_iv': 55.0, 'max_concurrent_trades': 5}",0.0,0.0,0.0,0.0,0.0,0,0.0,ok
confluence_sniper,"{'prob_threshold': 0.5, 'kelly_multiplier': 0.4, 'kelly_cap': 0.3, 'profit_threshold': 0.05, 'hard_stop_loss': 0.025, 'max_quantile_spread': 0.1, 'max_iv': 70.0, 'max_concurrent_trades': 5}",0.0,0.0,0.0,0.0,0.0,0,0.0,ok
confluence_sniper,"{'prob_threshold': 0.5, 'kelly_multiplier': 0.4, 'kelly_cap': 0.3, 'profit_threshold': 0.05, 'hard_stop_loss': 0.025, 'max_quantile_spread': 0.1, 'max_iv': 55.0, 'max_concurrent_trades': 10}",0.0,0.0,0.0,0.0,0.0,0,0.0,ok
confluence_sniper,"{'prob_threshold': 0.5, 'kelly_multiplier': 0.4, 'kelly_cap': 0.3, 'profit_threshold': 0.05, 'hard_stop_loss': 0.025, 'max_quantile_spread': 0.15, 'max_iv': 55.0, 'max_concurrent_trades': 5}",0.0,0.0,0.0,0.0,0.0,0,0.0,ok
confluence_sniper,"{'prob_threshold': 0.5, 'kelly_multiplier': 0.4, 'kelly_cap': 0.3, 'profit_threshold': 0.05, 'hard_stop_loss': 0.025, 'max_quantile_spread': 0.15, 'max_iv': 55.0, 'max_concurrent_trades': 10}",0.0,0.0,0.0,0.0,0.0,0,0.0,ok
confluence_sniper,"{'prob_threshold': 0.5, 'kelly_multiplier': 0.4, 'kelly_cap': 0.3, 'profit_threshold': 0.05, 'hard_stop_loss': 0.025, 'max_quantile_spread': 0.1, 'max_iv': 70.0, 'max_concurrent_trades': 10}",0.0,0.0,0.0,0.0,0.0,0,0.0,ok
confluence_sniper,"{'prob_threshold': 0.5, 'kelly_multiplier': 0.4, 'kelly_cap': 0.3, 'profit_threshold': 0.05, 'hard_stop_loss': 0.025, 'max_quantile_spread': 0.15, 'max_iv': 70.0, 'max_concurrent_trades': 10}",-0.4437,-0.0124,-0.4726,0.4726,0.0,1,0.0,ok
confluence_sniper,"{'prob_threshold': 0.5, 'kelly_multiplier': 0.4, 'kelly_cap': 0.3, 'profit_threshold': 0.05, 'hard_stop_loss': 0.025, 'max_quantile_spread': 0.15, 'max_iv': 70.0, 'max_concurrent_trades': 5}",-0.4437,-0.0124,-0.4726,0.4726,0.0,1,0.0,ok
confluence_sniper,"{'prob_threshold': 0.5, 'kelly_multiplier': 0.4, 'kelly_cap': 0.3, 'profit_threshold': 0.05, 'hard_stop_loss': 0.03, 'max_quantile_spread': 0.1, 'max_iv': 55.0, 'max_concurrent_trades': 5}",0.0,0.0,0.0,0.0,0.0,0,0.0,ok
confluence_sniper,"{'prob_threshold': 0.5, 'kelly_multiplier': 0.4, 'kelly_cap': 0.3, 'profit_threshold': 0.05, 'hard_stop_loss': 0.03, 'max_quantile_spread': 0.1, 'max_iv': 55.0, 'max_concurrent_trades': 10}",0.0,0.0,0.0,0.0,0.0,0,0.0,ok
confluence_sniper,"{'prob_threshold': 0.5, 'kelly_multiplier': 0.4, 'kelly_cap': 0.3, 'profit_threshold': 0.05, 'hard_stop_loss': 0.03, 'max_quantile_spread': 0.1, 'max_iv': 70.0, 'max_concurrent_trades': 5}",0.0,0.0,0.0,0.0,0.0,0,0.0,ok
confluence_sniper,"{'prob_threshold': 0.5, 'kelly_multiplier': 0.4, 'kelly_cap': 0.3, 'profit_threshold': 0.05, 'hard_stop_loss': 0.03, 'max_quantile_spread': 0.1, 'max_iv': 70.0, 'max_concurrent_trades': 10}",0.0,0.0,0.0,0.0,0.0,0,0.0,ok
confluence_sniper,"{'prob_threshold': 0.5, 'kelly_multiplier': 0.4, 'kelly_cap': 0.3, 'profit_threshold': 0.05, 'hard_stop_loss': 0.03, 'max_quantile_spread': 0.15, 'max_iv': 55.0, 'max_concurrent_trades': 5}",0.0,0.0,0.0,0.0,0.0,0,0.0,ok
confluence_sniper,"{'prob_threshold': 0.5, 'kelly_multiplier': 0.4, 'kelly_cap': 0.3, 'profit_threshold': 0.05, 'hard_stop_loss': 0.03, 'max_quantile_spread': 0.15, 'max_iv': 55.0, 'max_concurrent_trades': 10}",0.0,0.0,0.0,0.0,0.0,0,0.0,ok
confluence_sniper,"{'prob_threshold': 0.5, 'kelly_multiplier': 0.4, 'kelly_cap': 0.3, 'profit_threshold': 0.05, 'hard_stop_loss': 0.03, 'max_quantile_spread': 0.15, 'max_iv': 70.0, 'max_concurrent_trades': 10}",-0.4437,-0.0124,-0.4268,0.4268,0.0,1,0.0,ok
confluence_sniper,"{'prob_threshold': 0.5, 'kelly_multiplier': 0.4, 'kelly_cap': 0.3, 'profit_threshold': 0.05, 'hard_stop_loss': 0.035, 'max_quantile_spread': 0.1, 'max_iv': 55.0, 'max_concurrent_trades': 5}",0.0,0.0,0.0,0.0,0.0,0,0.0,ok
confluence_sniper,"{'prob_threshold': 0.5, 'kelly_multiplier': 0.4, 'kelly_cap': 0.3, 'profit_threshold': 0.05, 'hard_stop_loss': 0.03, 'max_quantile_spread': 0.15, 'max_iv': 70.0, 'max_concurrent_trades': 5}",-0.4437,-0.0124,-0.4268,0.4268,0.0,1,0.0,ok
confluence_sniper,"{'prob_threshold': 0.5, 'kelly_multiplier': 0.4, 'kelly_cap': 0.3, 'profit_threshold': 0.05, 'hard_stop_loss': 0.035, 'max_quantile_spread': 0.1, 'max_iv': 70.0, 'max_concurrent_trades': 5}",0.0,0.0,0.0,0.0,0.0,0,0.0,ok
confluence_sniper,"{'prob_threshold': 0.5, 'kelly_multiplier': 0.4, 'kelly_cap': 0.3, 'profit_threshold': 0.05, 'hard_stop_loss': 0.035, 'max_quantile_spread': 0.1, 'max_iv': 55.0, 'max_concurrent_trades': 10}",0.0,0.0,0.0,0.0,0.0,0,0.0,ok
confluence_sniper,"{'prob_threshold': 0.5, 'kelly_multiplier': 0.4, 'kelly_cap': 0.3, 'profit_threshold': 0.05, 'hard_stop_loss': 0.035, 'max_quantile_spread': 0.15, 'max_iv': 55.0, 'max_concurrent_trades': 5}",0.0,0.0,0.0,0.0,0.0,0,0.0,ok
confluence_sniper,"{'prob_threshold': 0.5, 'kelly_multiplier': 0.4, 'kelly_cap': 0.3, 'profit_threshold': 0.05, 'hard_stop_loss': 0.035, 'max_quantile_spread': 0.15, 'max_iv': 55.0, 'max_concurrent_trades': 10}",0.0,0.0,0.0,0.0,0.0,0,0.0,ok
confluence_sniper,"{'prob_threshold': 0.5, 'kelly_multiplier': 0.4, 'kelly_cap': 0.3, 'profit_threshold': 0.05, 'hard_stop_loss': 0.035, 'max_quantile_spread': 0.1, 'max_iv': 70.0, 'max_concurrent_trades': 10}",0.0,0.0,0.0,0.0,0.0,0,0.0,ok
confluence_sniper,"{'prob_threshold': 0.5, 'kelly_multiplier': 0.4, 'kelly_cap': 0.3, 'profit_threshold': 0.05, 'hard_stop_loss': 0.035, 'max_quantile_spread': 0.15, 'max_iv': 70.0, 'max_concurrent_trades': 5}",-0.4437,-0.0124,-0.3613,0.3614,0.0,1,0.0,ok
confluence_sniper,"{'prob_threshold': 0.5, 'kelly_multiplier': 0.4, 'kelly_cap': 0.3, 'profit_threshold': 0.05, 'hard_stop_loss': 0.035, 'max_quantile_spread': 0.15, 'max_iv': 70.0, 'max_concurrent_trades': 10}",-0.4437,-0.0124,-0.3613,0.3614,0.0,1,0.0,ok
confluence_sniper,"{'prob_threshold': 0.5, 'kelly_multiplier': 0.4, 'kelly_cap': 0.3, 'profit_threshold': 0.06, 'hard_stop_loss': 0.025, 'max_quantile_spread': 0.1, 'max_iv': 55.0, 'max_concurrent_trades': 5}",0.0,0.0,0.0,0.0,0.0,0,0.0,ok
confluence_sniper,"{'prob_threshold': 0.5, 'kelly_multiplier': 0.4, 'kelly_cap': 0.3, 'profit_threshold': 0.06, 'hard_stop_loss': 0.025, 'max_quantile_spread': 0.1, 'max_iv': 55.0, 'max_concurrent_trades': 10}",0.0,0.0,0.0,0.0,0.0,0,0.0,ok
confluence_sniper,"{'prob_threshold': 0.5, 'kelly_multiplier': 0.4, 'kelly_cap': 0.3, 'profit_threshold': 0.06, 'hard_stop_loss': 0.025, 'max_quantile_spread': 0.1, 'max_iv': 70.0, 'max_concurrent_trades': 5}",0.0,0.0,0.0,0.0,0.0,0,0.0,ok
confluence_sniper,"{'prob_threshold': 0.5, 'kelly_multiplier': 0.4, 'kelly_cap': 0.3, 'profit_threshold': 0.06, 'hard_stop_loss': 0.025, 'max_quantile_spread': 0.1, 'max_iv': 70.0, 'max_concurrent_trades': 10}",0.0,0.0,0.0,0.0,0.0,0,0.0,ok
confluence_sniper,"{'prob_threshold': 0.5, 'kelly_multiplier': 0.4, 'kelly_cap': 0.3, 'profit_threshold': 0.06, 'hard_stop_loss': 0.025, 'max_quantile_spread': 0.15, 'max_iv': 55.0, 'max_concurrent_trades': 5}",0.0,0.0,0.0,0.0,0.0,0,0.0,ok
confluence_sniper,"{'prob_threshold': 0.5, 'kelly_multiplier': 0.4, 'kelly_cap': 0.3, 'profit_threshold': 0.06, 'hard_stop_loss': 0.025, 'max_quantile_spread': 0.15, 'max_iv': 55.0, 'max_concurrent_trades': 10}",0.0,0.0,0.0,0.0,0.0,0,0.0,ok
confluence_sniper,"{'prob_threshold': 0.5, 'kelly_multiplier': 0.4, 'kelly_cap': 0.3, 'profit_threshold': 0.06, 'hard_stop_loss': 0.025, 'max_quantile_spread': 0.15, 'max_iv': 70.0, 'max_concurrent_trades': 10}",0.0,0.0,0.0,0.0,0.0,0,0.0,ok
confluence_sniper,"{'prob_threshold': 0.5, 'kelly_multiplier': 0.4, 'kelly_cap': 0.3, 'profit_threshold': 0.06, 'hard_stop_loss': 0.025, 'max_quantile_spread': 0.15, 'max_iv': 70.0, 'max_concurrent_trades': 5}",0.0,0.0,0.0,0.0,0.0,0,0.0,ok
confluence_sniper,"{'prob_threshold': 0.5, 'kelly_multiplier': 0.4, 'kelly_cap': 0.3, 'profit_threshold': 0.06, 'hard_stop_loss': 0.03, 'max_quantile_spread': 0.1, 'max_iv': 55.0, 'max_concurrent_trades': 5}",0.0,0.0,0.0,0.0,0.0,0,0.0,ok
confluence_sniper,"{'prob_threshold': 0.5, 'kelly_multiplier': 0.4, 'kelly_cap': 0.3, 'profit_threshold': 0.06, 'hard_stop_loss': 0.03, 'max_quantile_spread': 0.1, 'max_iv': 55.0, 'max_concurrent_trades': 10}",0.0,0.0,0.0,0.0,0.0,0,0.0,ok
confluence_sniper,"{'prob_threshold': 0.5, 'kelly_multiplier': 0.4, 'kelly_cap': 0.3, 'profit_threshold': 0.06, 'hard_stop_loss': 0.03, 'max_quantile_spread': 0.1, 'max_iv': 70.0, 'max_concurrent_trades': 10}",0.0,0.0,0.0,0.0,0.0,0,0.0,ok
confluence_sniper,"{'prob_threshold': 0.5, 'kelly_multiplier': 0.4, 'kelly_cap': 0.3, 'profit_threshold': 0.06, 'hard_stop_loss': 0.03, 'max_quantile_spread': 0.1, 'max_iv': 70.0, 'max_concurrent_trades': 5}",0.0,0.0,0.0,0.0,0.0,0,0.0,ok
confluence_sniper,"{'prob_threshold': 0.5, 'kelly_multiplier': 0.4, 'kelly_cap': 0.3, 'profit_threshold': 0.06, 'hard_stop_loss': 0.03, 'max_quantile_spread': 0.15, 'max_iv': 55.0, 'max_concurrent_trades': 5}",0.0,0.0,0.0,0.0,0.0,0,0.0,ok
confluence_sniper,"{'prob_threshold': 0.5, 'kelly_multiplier': 0.4, 'kelly_cap': 0.3, 'profit_threshold': 0.06, 'hard_stop_loss': 0.03, 'max_quantile_spread': 0.15, 'max_iv': 70.0, 'max_concurrent_trades': 5}",0.0,0.0,0.0,0.0,0.0,0,0.0,ok
confluence_sniper,"{'prob_threshold': 0.5, 'kelly_multiplier': 0.4, 'kelly_cap': 0.3, 'profit_threshold': 0.06, 'hard_stop_loss': 0.03, 'max_quantile_spread': 0.15, 'max_iv': 55.0, 'max_concurrent_trades': 10}",0.0,0.0,0.0,0.0,0.0,0,0.0,ok
confluence_sniper,"{'prob_threshold': 0.5, 'kelly_multiplier': 0.4, 'kelly_cap': 0.3, 'profit_threshold': 0.06, 'hard_stop_loss': 0.035, 'max_quantile_spread': 0.1, 'max_iv': 55.0, 'max_concurrent_trades': 5}",0.0,0.0,0.0,0.0,0.0,0,0.0,ok
confluence_sniper,"{'prob_threshold': 0.5, 'kelly_multiplier': 0.4, 'kelly_cap': 0.3, 'profit_threshold': 0.06, 'hard_stop_loss': 0.03, 'max_quantile_spread': 0.15, 'max_iv': 70.0, 'max_concurrent_trades': 10}",0.0,0.0,0.0,0.0,0.0,0,0.0,ok
confluence_sniper,"{'prob_threshold': 0.5, 'kelly_multiplier': 0.4, 'kelly_cap': 0.3, 'profit_threshold': 0.06, 'hard_stop_loss': 0.035, 'max_quantile_spread': 0.1, 'max_iv': 70.0, 'max_concurrent_trades': 5}",0.0,0.0,0.0,0.0,0.0,0,0.0,ok
confluence_sniper,"{'prob_threshold': 0.5, 'kelly_multiplier': 0.4, 'kelly_cap': 0.3, 'profit_threshold': 0.06, 'hard_stop_loss': 0.035, 'max_quantile_spread': 0.1, 'max_iv': 55.0, 'max_concurrent_trades': 10}",0.0,0.0,0.0,0.0,0.0,0,0.0,ok
confluence_sniper,"{'prob_threshold': 0.5, 'kelly_multiplier': 0.4, 'kelly_cap': 0.3, 'profit_threshold': 0.06, 'hard_stop_loss': 0.035, 'max_quantile_spread': 0.1, 'max_iv': 70.0, 'max_concurrent_trades': 10}",0.0,0.0,0.0,0.0,0.0,0,0.0,ok
confluence_sniper,"{'prob_threshold': 0.5, 'kelly_multiplier': 0.4, 'kelly_cap': 0.3, 'profit_threshold': 0.06, 'hard_stop_loss': 0.035, 'max_quantile_spread': 0.15, 'max_iv': 55.0, 'max_concurrent_trades': 5}",0.0,0.0,0.0,0.0,0.0,0,0.0,ok
confluence_sniper,"{'prob_threshold': 0.5, 'kelly_multiplier': 0.4, 'kelly_cap': 0.3, 'profit_threshold': 0.06, 'hard_stop_loss': 0.035, 'max_quantile_spread': 0.15, 'max_iv': 55.0, 'max_concurrent_trades': 10}",0.0,0.0,0.0,0.0,0.0,0,0.0,ok
confluence_sniper,"{'prob_threshold': 0.5, 'kelly_multiplier': 0.4, 'kelly_cap': 0.3, 'profit_threshold': 0.06, 'hard_stop_loss': 0.035, 'max_quantile_spread': 0.15, 'max_iv': 70.0, 'max_concurrent_trades': 10}",0.0,0.0,0.0,0.0,0.0,0,0.0,ok
confluence_sniper,"{'prob_threshold': 0.5, 'kelly_multiplier': 0.4, 'kelly_cap': 0.3, 'profit_threshold': 0.06, 'hard_stop_loss': 0.035, 'max_quantile_spread': 0.15, 'max_iv': 70.0, 'max_concurrent_trades': 5}",0.0,0.0,0.0,0.0,0.0,0,0.0,ok
confluence_sniper,"{'prob_threshold': 0.5, 'kelly_multiplier': 0.4, 'kelly_cap': 0.3, 'profit_threshold': 0.07, 'hard_stop_loss': 0.025, 'max_quantile_spread': 0.1, 'max_iv': 55.0, 'max_concurrent_trades': 10}",0.0,0.0,0.0,0.0,0.0,0,0.0,ok
confluence_sniper,"{'prob_threshold': 0.5, 'kelly_multiplier': 0.4, 'kelly_cap': 0.3, 'profit_threshold': 0.07, 'hard_stop_loss': 0.025, 'max_quantile_spread': 0.1, 'max_iv': 55.0, 'max_concurrent_trades': 5}",0.0,0.0,0.0,0.0,0.0,0,0.0,ok
confluence_sniper,"{'prob_threshold': 0.5, 'kelly_multiplier': 0.4, 'kelly_cap': 0.3, 'profit_threshold': 0.07, 'hard_stop_loss': 0.025, 'max_quantile_spread': 0.1, 'max_iv': 70.0, 'max_concurrent_trades': 10}",0.0,0.0,0.0,0.0,0.0,0,0.0,ok
confluence_sniper,"{'prob_threshold': 0.5, 'kelly_multiplier': 0.4, 'kelly_cap': 0.3, 'profit_threshold': 0.07, 'hard_stop_loss': 0.025, 'max_quantile_spread': 0.1, 'max_iv': 70.0, 'max_concurrent_trades': 5}",0.0,0.0,0.0,0.0,0.0,0,0.0,ok
confluence_sniper,"{'prob_threshold': 0.5, 'kelly_multiplier': 0.4, 'kelly_cap': 0.3, 'profit_threshold': 0.07, 'hard_stop_loss': 0.025, 'max_quantile_spread': 0.15, 'max_iv': 55.0, 'max_concurrent_trades': 5}",0.0,0.0,0.0,0.0,0.0,0,0.0,ok
confluence_sniper,"{'prob_threshold': 0.5, 'kelly_multiplier': 0.4, 'kelly_cap': 0.3, 'profit_threshold': 0.07, 'hard_stop_loss': 0.025, 'max_quantile_spread': 0.15, 'max_iv': 70.0, 'max_concurrent_trades': 5}",0.0,0.0,0.0,0.0,0.0,0,0.0,ok
confluence_sniper,"{'prob_threshold': 0.5, 'kelly_multiplier': 0.4, 'kelly_cap': 0.3, 'profit_threshold': 0.07, 'hard_stop_loss': 0.025, 'max_quantile_spread': 0.15, 'max_iv': 55.0, 'max_concurrent_trades': 10}",0.0,0.0,0.0,0.0,0.0,0,0.0,ok
confluence_sniper,"{'prob_threshold': 0.5, 'kelly_multiplier': 0.4, 'kelly_cap': 0.3, 'profit_threshold': 0.07, 'hard_stop_loss': 0.025, 'max_quantile_spread': 0.15, 'max_iv': 70.0, 'max_concurrent_trades': 10}",0.0,0.0,0.0,0.0,0.0,0,0.0,ok
confluence_sniper,"{'prob_threshold': 0.5, 'kelly_multiplier': 0.4, 'kelly_cap': 0.3, 'profit_threshold': 0.07, 'hard_stop_loss': 0.03, 'max_quantile_spread': 0.1, 'max_iv': 55.0, 'max_concurrent_trades': 5}",0.0,0.0,0.0,0.0,0.0,0,0.0,ok
confluence_sniper,"{'prob_threshold': 0.5, 'kelly_multiplier': 0.4, 'kelly_cap': 0.3, 'profit_threshold': 0.07, 'hard_stop_loss': 0.03, 'max_quantile_spread': 0.1, 'max_iv': 70.0, 'max_concurrent_trades': 5}",0.0,0.0,0.0,0.0,0.0,0,0.0,ok
confluence_sniper,"{'prob_threshold': 0.5, 'kelly_multiplier': 0.4, 'kelly_cap': 0.3, 'profit_threshold': 0.07, 'hard_stop_loss': 0.03, 'max_quantile_spread': 0.1, 'max_iv': 55.0, 'max_concurrent_trades': 10}",0.0,0.0,0.0,0.0,0.0,0,0.0,ok
confluence_sniper,"{'prob_threshold': 0.5, 'kelly_multiplier': 0.4, 'kelly_cap': 0.3, 'profit_threshold': 0.07, 'hard_stop_loss': 0.03, 'max_quantile_spread': 0.1, 'max_iv': 70.0, 'max_concurrent_trades': 10}",0.0,0.0,0.0,0.0,0.0,0,0.0,ok
confluence_sniper,"{'prob_threshold': 0.5, 'kelly_multiplier': 0.4, 'kelly_cap': 0.3, 'profit_threshold': 0.07, 'hard_stop_loss': 0.03, 'max_quantile_spread': 0.15, 'max_iv': 55.0, 'max_concurrent_trades': 5}",0.0,0.0,0.0,0.0,0.0,0,0.0,ok
confluence_sniper,"{'prob_threshold': 0.5, 'kelly_multiplier': 0.4, 'kelly_cap': 0.3, 'profit_threshold': 0.07, 'hard_stop_loss': 0.03, 'max_quantile_spread': 0.15, 'max_iv': 55.0, 'max_concurrent_trades': 10}",0.0,0.0,0.0,0.0,0.0,0,0.0,ok
confluence_sniper,"{'prob_threshold': 0.5, 'kelly_multiplier': 0.4, 'kelly_cap': 0.3, 'profit_threshold': 0.07, 'hard_stop_loss': 0.03, 'max_quantile_spread': 0.15, 'max_iv': 70.0, 'max_concurrent_trades': 5}",0.0,0.0,0.0,0.0,0.0,0,0.0,ok
confluence_sniper,"{'prob_threshold': 0.5, 'kelly_multiplier': 0.4, 'kelly_cap': 0.3, 'profit_threshold': 0.07, 'hard_stop_loss': 0.03, 'max_quantile_spread': 0.15, 'max_iv': 70.0, 'max_concurrent_trades': 10}",0.0,0.0,0.0,0.0,0.0,0,0.0,ok
confluence_sniper,"{'prob_threshold': 0.5, 'kelly_multiplier': 0.4, 'kelly_cap': 0.3, 'profit_threshold': 0.07, 'hard_stop_loss': 0.035, 'max_quantile_spread': 0.1, 'max_iv': 55.0, 'max_concurrent_trades': 10}",0.0,0.0,0.0,0.0,0.0,0,0.0,ok
confluence_sniper,"{'prob_threshold': 0.5, 'kelly_multiplier': 0.4, 'kelly_cap': 0.3, 'profit_threshold': 0.07, 'hard_stop_loss': 0.035, 'max_quantile_spread': 0.1, 'max_iv': 55.0, 'max_concurrent_trades': 5}",0.0,0.0,0.0,0.0,0.0,0,0.0,ok
confluence_sniper,"{'prob_threshold': 0.5, 'kelly_multiplier': 0.4, 'kelly_cap': 0.3, 'profit_threshold': 0.07, 'hard_stop_loss': 0.035, 'max_quantile_spread': 0.1, 'max_iv': 70.0, 'max_concurrent_trades': 5}",0.0,0.0,0.0,0.0,0.0,0,0.0,ok
confluence_sniper,"{'prob_threshold': 0.5, 'kelly_multiplier': 0.4, 'kelly_cap': 0.3, 'profit_threshold': 0.07, 'hard_stop_loss': 0.035, 'max_quantile_spread': 0.15, 'max_iv': 55.0, 'max_concurrent_trades': 5}",0.0,0.0,0.0,0.0,0.0,0,0.0,ok
confluence_sniper,"{'prob_threshold': 0.5, 'kelly_multiplier': 0.4, 'kelly_cap': 0.3, 'profit_threshold': 0.07, 'hard_stop_loss': 0.035, 'max_quantile_spread': 0.1, 'max_iv': 70.0, 'max_concurrent_trades': 10}",0.0,0.0,0.0,0.0,0.0,0,0.0,ok
confluence_sniper,"{'prob_threshold': 0.5, 'kelly_multiplier': 0.4, 'kelly_cap': 0.3, 'profit_threshold': 0.07, 'hard_stop_loss': 0.035, 'max_quantile_spread': 0.15, 'max_iv': 55.0, 'max_concurrent_trades': 10}",0.0,0.0,0.0,0.0,0.0,0,0.0,ok
confluence_sniper,"{'prob_threshold': 0.5, 'kelly_multiplier': 0.4, 'kelly_cap': 0.3, 'profit_threshold': 0.07, 'hard_stop_loss': 0.035, 'max_quantile_spread': 0.15, 'max_iv': 70.0, 'max_concurrent_trades': 5}",0.0,0.0,0.0,0.0,0.0,0,0.0,ok
confluence_sniper,"{'prob_threshold': 0.5, 'kelly_multiplier': 0.4, 'kelly_cap': 0.3, 'profit_threshold': 0.07, 'hard_stop_loss': 0.035, 'max_quantile_spread': 0.15, 'max_iv': 70.0, 'max_concurrent_trades': 10}",0.0,0.0,0.0,0.0,0.0,0,0.0,ok
confluence_sniper,"{'prob_threshold': 0.5, 'kelly_multiplier': 0.6, 'kelly_cap': 0.2, 'profit_threshold': 0.05, 'hard_stop_loss': 0.025, 'max_quantile_spread': 0.1, 'max_iv': 55.0, 'max_concurrent_trades': 10}",0.0,0.0,0.0,0.0,0.0,0,0.0,ok
confluence_sniper,"{'prob_threshold': 0.5, 'kelly_multiplier': 0.6, 'kelly_cap': 0.2, 'profit_threshold': 0.05, 'hard_stop_loss': 0.025, 'max_quantile_spread': 0.1, 'max_iv': 55.0, 'max_concurrent_trades': 5}",0.0,0.0,0.0,0.0,0.0,0,0.0,ok
confluence_sniper,"{'prob_threshold': 0.5, 'kelly_multiplier': 0.6, 'kelly_cap': 0.2, 'profit_threshold': 0.05, 'hard_stop_loss': 0.025, 'max_quantile_spread': 0.1, 'max_iv': 70.0, 'max_concurrent_trades': 10}",0.0,0.0,0.0,0.0,0.0,0,0.0,ok
confluence_sniper,"{'prob_threshold': 0.5, 'kelly_multiplier': 0.6, 'kelly_cap': 0.2, 'profit_threshold': 0.05, 'hard_stop_loss': 0.025, 'max_quantile_spread': 0.1, 'max_iv': 70.0, 'max_concurrent_trades': 5}",0.0,0.0,0.0,0.0,0.0,0,0.0,ok
confluence_sniper,"{'prob_threshold': 0.5, 'kelly_multiplier': 0.6, 'kelly_cap': 0.2, 'profit_threshold': 0.05, 'hard_stop_loss': 0.025, 'max_quantile_spread': 0.15, 'max_iv': 55.0, 'max_concurrent_trades': 5}",0.0,0.0,0.0,0.0,0.0,0,0.0,ok
confluence_sniper,"{'prob_threshold': 0.5, 'kelly_multiplier': 0.6, 'kelly_cap': 0.2, 'profit_threshold': 0.05, 'hard_stop_loss': 0.025, 'max_quantile_spread': 0.15, 'max_iv': 70.0, 'max_concurrent_trades': 5}",-0.4437,-0.0124,-0.54,0.54,0.0,1,0.0,ok
confluence_sniper,"{'prob_threshold': 0.5, 'kelly_multiplier': 0.6, 'kelly_cap': 0.2, 'profit_threshold': 0.05, 'hard_stop_loss': 0.025, 'max_quantile_spread': 0.15, 'max_iv': 55.0, 'max_concurrent_trades': 10}",0.0,0.0,0.0,0.0,0.0,0,0.0,ok
confluence_sniper,"{'prob_threshold': 0.5, 'kelly_multiplier': 0.6, 'kelly_cap': 0.2, 'profit_threshold': 0.05, 'hard_stop_loss': 0.03, 'max_quantile_spread': 0.1, 'max_iv': 55.0, 'max_concurrent_trades': 5}",0.0,0.0,0.0,0.0,0.0,0,0.0,ok
confluence_sniper,"{'prob_threshold': 0.5, 'kelly_multiplier': 0.6, 'kelly_cap': 0.2, 'profit_threshold': 0.05, 'hard_stop_loss': 0.025, 'max_quantile_spread': 0.15, 'max_iv': 70.0, 'max_concurrent_trades': 10}",-0.4437,-0.0124,-0.54,0.54,0.0,1,0.0,ok
confluence_sniper,"{'prob_threshold': 0.5, 'kelly_multiplier': 0.6, 'kelly_cap': 0.2, 'profit_threshold': 0.05, 'hard_stop_loss': 0.03, 'max_quantile_spread': 0.1, 'max_iv': 70.0, 'max_concurrent_trades': 5}",0.0,0.0,0.0,0.0,0.0,0,0.0,ok
confluence_sniper,"{'prob_threshold': 0.5, 'kelly_multiplier': 0.6, 'kelly_cap': 0.2, 'profit_threshold': 0.05, 'hard_stop_loss': 0.03, 'max_quantile_spread': 0.1, 'max_iv': 55.0, 'max_concurrent_trades': 10}",0.0,0.0,0.0,0.0,0.0,0,0.0,ok
confluence_sniper,"{'prob_threshold': 0.5, 'kelly_multiplier': 0.6, 'kelly_cap': 0.2, 'profit_threshold': 0.05, 'hard_stop_loss': 0.03, 'max_quantile_spread': 0.1, 'max_iv': 70.0, 'max_concurrent_trades': 10}",0.0,0.0,0.0,0.0,0.0,0,0.0,ok
confluence_sniper,"{'prob_threshold': 0.5, 'kelly_multiplier': 0.6, 'kelly_cap': 0.2, 'profit_threshold': 0.05, 'hard_stop_loss': 0.03, 'max_quantile_spread': 0.15, 'max_iv': 55.0, 'max_concurrent_trades': 10}",0.0,0.0,0.0,0.0,0.0,0,0.0,ok
confluence_sniper,"{'prob_threshold': 0.5, 'kelly_multiplier': 0.6, 'kelly_cap': 0.2, 'profit_threshold': 0.05, 'hard_stop_loss': 0.03, 'max_quantile_spread': 0.15, 'max_iv': 55.0, 'max_concurrent_trades': 5}",0.0,0.0,0.0,0.0,0.0,0,0.0,ok
confluence_sniper,"{'prob_threshold': 0.5, 'kelly_multiplier': 0.6, 'kelly_cap': 0.2, 'profit_threshold': 0.05, 'hard_stop_loss': 0.03, 'max_quantile_spread': 0.15, 'max_iv': 70.0, 'max_concurrent_trades': 10}",-0.4437,-0.0124,-0.6,0.6,0.0,1,0.0,ok
confluence_sniper,"{'prob_threshold': 0.5, 'kelly_multiplier': 0.6, 'kelly_cap': 0.2, 'profit_threshold': 0.05, 'hard_stop_loss': 0.03, 'max_quantile_spread': 0.15, 'max_iv': 70.0, 'max_concurrent_trades': 5}",-0.4437,-0.0124,-0.6,0.6,0.0,1,0.0,ok
confluence_sniper,"{'prob_threshold': 0.5, 'kelly_multiplier': 0.6, 'kelly_cap': 0.2, 'profit_threshold': 0.05, 'hard_stop_loss': 0.035, 'max_quantile_spread': 0.1, 'max_iv': 55.0, 'max_concurrent_trades': 5}",0.0,0.0,0.0,0.0,0.0,0,0.0,ok
confluence_sniper,"{'prob_threshold': 0.5, 'kelly_multiplier': 0.6, 'kelly_cap': 0.2, 'profit_threshold': 0.05, 'hard_stop_loss': 0.035, 'max_quantile_spread': 0.1, 'max_iv': 55.0, 'max_concurrent_trades': 10}",0.0,0.0,0.0,0.0,0.0,0,0.0,ok
confluence_sniper,"{'prob_threshold': 0.5, 'kelly_multiplier': 0.6, 'kelly_cap': 0.2, 'profit_threshold': 0.05, 'hard_stop_loss': 0.035, 'max_quantile_spread': 0.1, 'max_iv': 70.0, 'max_concurrent_trades': 5}",0.0,0.0,0.0,0.0,0.0,0,0.0,ok
confluence_sniper,"{'prob_threshold': 0.5, 'kelly_multiplier': 0.6, 'kelly_cap': 0.2, 'profit_threshold': 0.05, 'hard_stop_loss': 0.035, 'max_quantile_spread': 0.1, 'max_iv': 70.0, 'max_concurrent_trades': 10}",0.0,0.0,0.0,0.0,0.0,0,0.0,ok
confluence_sniper,"{'prob_threshold': 0.5, 'kelly_multiplier': 0.6, 'kelly_cap': 0.2, 'profit_threshold': 0.05, 'hard_stop_loss': 0.035, 'max_quantile_spread': 0.15, 'max_iv': 55.0, 'max_concurrent_trades': 5}",0.0,0.0,0.0,0.0,0.0,0,0.0,ok
confluence_sniper,"{'prob_threshold': 0.5, 'kelly_multiplier': 0.6, 'kelly_cap': 0.2, 'profit_threshold': 0.05, 'hard_stop_loss': 0.035, 'max_quantile_spread': 0.15, 'max_iv': 55.0, 'max_concurrent_trades': 10}",0.0,0.0,0.0,0.0,0.0,0,0.0,ok
confluence_sniper,"{'prob_threshold': 0.5, 'kelly_multiplier': 0.6, 'kelly_cap': 0.2, 'profit_threshold': 0.05, 'hard_stop_loss': 0.035, 'max_quantile_spread': 0.15, 'max_iv': 70.0, 'max_concurrent_trades': 10}",-0.4437,-0.0124,-0.542,0.542,0.0,1,0.0,ok
confluence_sniper,"{'prob_threshold': 0.5, 'kelly_multiplier': 0.6, 'kelly_cap': 0.2, 'profit_threshold': 0.05, 'hard_stop_loss': 0.035, 'max_quantile_spread': 0.15, 'max_iv': 70.0, 'max_concurrent_trades': 5}",-0.4437,-0.0124,-0.542,0.542,0.0,1,0.0,ok
confluence_sniper,"{'prob_threshold': 0.5, 'kelly_multiplier': 0.6, 'kelly_cap': 0.2, 'profit_threshold': 0.06, 'hard_stop_loss': 0.025, 'max_quantile_spread': 0.1, 'max_iv': 55.0, 'max_concurrent_trades': 5}",0.0,0.0,0.0,0.0,0.0,0,0.0,ok
confluence_sniper,"{'prob_threshold': 0.5, 'kelly_multiplier': 0.6, 'kelly_cap': 0.2, 'profit_threshold': 0.06, 'hard_stop_loss': 0.025, 'max_quantile_spread': 0.1, 'max_iv': 70.0, 'max_concurrent_trades': 5}",0.0,0.0,0.0,0.0,0.0,0,0.0,ok
confluence_sniper,"{'prob_threshold': 0.5, 'kelly_multiplier': 0.6, 'kelly_cap': 0.2, 'profit_threshold': 0.06, 'hard_stop_loss': 0.025, 'max_quantile_spread': 0.1, 'max_iv': 55.0, 'max_concurrent_trades': 10}",0.0,0.0,0.0,0.0,0.0,0,0.0,ok
confluence_sniper,"{'prob_threshold': 0.5, 'kelly_multiplier': 0.6, 'kelly_cap': 0.2, 'profit_threshold': 0.06, 'hard_stop_loss': 0.025, 'max_quantile_spread': 0.15, 'max_iv': 55.0, 'max_concurrent_trades': 5}",0.0,0.0,0.0,0.0,0.0,0,0.0,ok
confluence_sniper,"{'prob_threshold': 0.5, 'kelly_multiplier': 0.6, 'kelly_cap': 0.2, 'profit_threshold': 0.06, 'hard_stop_loss': 0.025, 'max_quantile_spread': 0.1, 'max_iv': 70.0, 'max_concurrent_trades': 10}",0.0,0.0,0.0,0.0,0.0,0,0.0,ok
confluence_sniper,"{'prob_threshold': 0.5, 'kelly_multiplier': 0.6, 'kelly_cap': 0.2, 'profit_threshold': 0.06, 'hard_stop_loss': 0.025, 'max_quantile_spread': 0.15, 'max_iv': 70.0, 'max_concurrent_trades': 5}",0.0,0.0,0.0,0.0,0.0,0,0.0,ok
confluence_sniper,"{'prob_threshold': 0.5, 'kelly_multiplier': 0.6, 'kelly_cap': 0.2, 'profit_threshold': 0.06, 'hard_stop_loss': 0.025, 'max_quantile_spread': 0.15, 'max_iv': 55.0, 'max_concurrent_trades': 10}",0.0,0.0,0.0,0.0,0.0,0,0.0,ok
confluence_sniper,"{'prob_threshold': 0.5, 'kelly_multiplier': 0.6, 'kelly_cap': 0.2, 'profit_threshold': 0.06, 'hard_stop_loss': 0.025, 'max_quantile_spread': 0.15, 'max_iv': 70.0, 'max_concurrent_trades': 10}",0.0,0.0,0.0,0.0,0.0,0,0.0,ok
confluence_sniper,"{'prob_threshold': 0.5, 'kelly_multiplier': 0.6, 'kelly_cap': 0.2, 'profit_threshold': 0.06, 'hard_stop_loss': 0.03, 'max_quantile_spread': 0.1, 'max_iv': 55.0, 'max_concurrent_trades': 5}",0.0,0.0,0.0,0.0,0.0,0,0.0,ok
confluence_sniper,"{'prob_threshold': 0.5, 'kelly_multiplier': 0.6, 'kelly_cap': 0.2, 'profit_threshold': 0.06, 'hard_stop_loss': 0.03, 'max_quantile_spread': 0.1, 'max_iv': 55.0, 'max_concurrent_trades': 10}",0.0,0.0,0.0,0.0,0.0,0,0.0,ok
confluence_sniper,"{'prob_threshold': 0.5, 'kelly_multiplier': 0.6, 'kelly_cap': 0.2, 'profit_threshold': 0.06, 'hard_stop_loss': 0.03, 'max_quantile_spread': 0.1, 'max_iv': 70.0, 'max_concurrent_trades': 10}",0.0,0.0,0.0,0.0,0.0,0,0.0,ok
confluence_sniper,"{'prob_threshold': 0.5, 'kelly_multiplier': 0.6, 'kelly_cap': 0.2, 'profit_threshold': 0.06, 'hard_stop_loss': 0.03, 'max_quantile_spread': 0.1, 'max_iv': 70.0, 'max_concurrent_trades': 5}",0.0,0.0,0.0,0.0,0.0,0,0.0,ok
confluence_sniper,"{'prob_threshold': 0.5, 'kelly_multiplier': 0.6, 'kelly_cap': 0.2, 'profit_threshold': 0.06, 'hard_stop_loss': 0.03, 'max_quantile_spread': 0.15, 'max_iv': 55.0, 'max_concurrent_trades': 5}",0.0,0.0,0.0,0.0,0.0,0,0.0,ok
confluence_sniper,"{'prob_threshold': 0.5, 'kelly_multiplier': 0.6, 'kelly_cap': 0.2, 'profit_threshold': 0.06, 'hard_stop_loss': 0.03, 'max_quantile_spread': 0.15, 'max_iv': 55.0, 'max_concurrent_trades': 10}",0.0,0.0,0.0,0.0,0.0,0,0.0,ok
confluence_sniper,"{'prob_threshold': 0.5, 'kelly_multiplier': 0.6, 'kelly_cap': 0.2, 'profit_threshold': 0.06, 'hard_stop_loss': 0.03, 'max_quantile_spread': 0.15, 'max_iv': 70.0, 'max_concurrent_trades': 10}",0.0,0.0,0.0,0.0,0.0,0,0.0,ok
confluence_sniper,"{'prob_threshold': 0.5, 'kelly_multiplier': 0.6, 'kelly_cap': 0.2, 'profit_threshold': 0.06, 'hard_stop_loss': 0.035, 'max_quantile_spread': 0.1, 'max_iv': 55.0, 'max_concurrent_trades': 5}",0.0,0.0,0.0,0.0,0.0,0,0.0,ok
confluence_sniper,"{'prob_threshold': 0.5, 'kelly_multiplier': 0.6, 'kelly_cap': 0.2, 'profit_threshold': 0.06, 'hard_stop_loss': 0.03, 'max_quantile_spread': 0.15, 'max_iv': 70.0, 'max_concurrent_trades': 5}",0.0,0.0,0.0,0.0,0.0,0,0.0,ok
confluence_sniper,"{'prob_threshold': 0.5, 'kelly_multiplier': 0.6, 'kelly_cap': 0.2, 'profit_threshold': 0.06, 'hard_stop_loss': 0.035, 'max_quantile_spread': 0.1, 'max_iv': 55.0, 'max_concurrent_trades': 10}",0.0,0.0,0.0,0.0,0.0,0,0.0,ok
confluence_sniper,"{'prob_threshold': 0.5, 'kelly_multiplier': 0.6, 'kelly_cap': 0.2, 'profit_threshold': 0.06, 'hard_stop_loss': 0.035, 'max_quantile_spread': 0.1, 'max_iv': 70.0, 'max_concurrent_trades': 10}",0.0,0.0,0.0,0.0,0.0,0,0.0,ok
confluence_sniper,"{'prob_threshold': 0.5, 'kelly_multiplier': 0.6, 'kelly_cap': 0.2, 'profit_threshold': 0.06, 'hard_stop_loss': 0.035, 'max_quantile_spread': 0.1, 'max_iv': 70.0, 'max_concurrent_trades': 5}",0.0,0.0,0.0,0.0,0.0,0,0.0,ok
confluence_sniper,"{'prob_threshold': 0.5, 'kelly_multiplier': 0.6, 'kelly_cap': 0.2, 'profit_threshold': 0.06, 'hard_stop_loss': 0.035, 'max_quantile_spread': 0.15, 'max_iv': 55.0, 'max_concurrent_trades': 5}",0.0,0.0,0.0,0.0,0.0,0,0.0,ok
confluence_sniper,"{'prob_threshold': 0.5, 'kelly_multiplier': 0.6, 'kelly_cap': 0.2, 'profit_threshold': 0.06, 'hard_stop_loss': 0.035, 'max_quantile_spread': 0.15, 'max_iv': 55.0, 'max_concurrent_trades': 10}",0.0,0.0,0.0,0.0,0.0,0,0.0,ok
confluence_sniper,"{'prob_threshold': 0.5, 'kelly_multiplier': 0.6, 'kelly_cap': 0.2, 'profit_threshold': 0.06, 'hard_stop_loss': 0.035, 'max_quantile_spread': 0.15, 'max_iv': 70.0, 'max_concurrent_trades': 5}",0.0,0.0,0.0,0.0,0.0,0,0.0,ok
confluence_sniper,"{'prob_threshold': 0.5, 'kelly_multiplier': 0.6, 'kelly_cap': 0.2, 'profit_threshold': 0.07, 'hard_stop_loss': 0.025, 'max_quantile_spread': 0.1, 'max_iv': 55.0, 'max_concurrent_trades': 5}",0.0,0.0,0.0,0.0,0.0,0,0.0,ok
confluence_sniper,"{'prob_threshold': 0.5, 'kelly_multiplier': 0.6, 'kelly_cap': 0.2, 'profit_threshold': 0.06, 'hard_stop_loss': 0.035, 'max_quantile_spread': 0.15, 'max_iv': 70.0, 'max_concurrent_trades': 10}",0.0,0.0,0.0,0.0,0.0,0,0.0,ok
confluence_sniper,"{'prob_threshold': 0.5, 'kelly_multiplier': 0.6, 'kelly_cap': 0.2, 'profit_threshold': 0.07, 'hard_stop_loss': 0.025, 'max_quantile_spread': 0.1, 'max_iv': 55.0, 'max_concurrent_trades': 10}",0.0,0.0,0.0,0.0,0.0,0,0.0,ok
confluence_sniper,"{'prob_threshold': 0.5, 'kelly_multiplier': 0.6, 'kelly_cap': 0.2, 'profit_threshold': 0.07, 'hard_stop_loss': 0.025, 'max_quantile_spread': 0.1, 'max_iv': 70.0, 'max_concurrent_trades': 5}",0.0,0.0,0.0,0.0,0.0,0,0.0,ok
confluence_sniper,"{'prob_threshold': 0.5, 'kelly_multiplier': 0.6, 'kelly_cap': 0.2, 'profit_threshold': 0.07, 'hard_stop_loss': 0.025, 'max_quantile_spread': 0.1, 'max_iv': 70.0, 'max_concurrent_trades': 10}",0.0,0.0,0.0,0.0,0.0,0,0.0,ok
confluence_sniper,"{'prob_threshold': 0.5, 'kelly_multiplier': 0.6, 'kelly_cap': 0.2, 'profit_threshold': 0.07, 'hard_stop_loss': 0.025, 'max_quantile_spread': 0.15, 'max_iv': 55.0, 'max_concurrent_trades': 5}",0.0,0.0,0.0,0.0,0.0,0,0.0,ok
confluence_sniper,"{'prob_threshold': 0.5, 'kelly_multiplier': 0.6, 'kelly_cap': 0.2, 'profit_threshold': 0.07, 'hard_stop_loss': 0.025, 'max_quantile_spread': 0.15, 'max_iv': 55.0, 'max_concurrent_trades': 10}",0.0,0.0,0.0,0.0,0.0,0,0.0,ok
confluence_sniper,"{'prob_threshold': 0.5, 'kelly_multiplier': 0.6, 'kelly_cap': 0.2, 'profit_threshold': 0.07, 'hard_stop_loss': 0.025, 'max_quantile_spread': 0.15, 'max_iv': 70.0, 'max_concurrent_trades': 5}",0.0,0.0,0.0,0.0,0.0,0,0.0,ok
confluence_sniper,"{'prob_threshold': 0.5, 'kelly_multiplier': 0.6, 'kelly_cap': 0.2, 'profit_threshold': 0.07, 'hard_stop_loss': 0.025, 'max_quantile_spread': 0.15, 'max_iv': 70.0, 'max_concurrent_trades': 10}",0.0,0.0,0.0,0.0,0.0,0,0.0,ok
confluence_sniper,"{'prob_threshold': 0.5, 'kelly_multiplier': 0.6, 'kelly_cap': 0.2, 'profit_threshold': 0.07, 'hard_stop_loss': 0.03, 'max_quantile_spread': 0.1, 'max_iv': 55.0, 'max_concurrent_trades': 5}",0.0,0.0,0.0,0.0,0.0,0,0.0,ok
confluence_sniper,"{'prob_threshold': 0.5, 'kelly_multiplier': 0.6, 'kelly_cap': 0.2, 'profit_threshold': 0.07, 'hard_stop_loss': 0.03, 'max_quantile_spread': 0.1, 'max_iv': 55.0, 'max_concurrent_trades': 10}",0.0,0.0,0.0,0.0,0.0,0,0.0,ok
confluence_sniper,"{'prob_threshold': 0.5, 'kelly_multiplier': 0.6, 'kelly_cap': 0.2, 'profit_threshold': 0.07, 'hard_stop_loss': 0.03, 'max_quantile_spread': 0.1, 'max_iv': 70.0, 'max_concurrent_trades': 10}",0.0,0.0,0.0,0.0,0.0,0,0.0,ok
confluence_sniper,"{'prob_threshold': 0.5, 'kelly_multiplier': 0.6, 'kelly_cap': 0.2, 'profit_threshold': 0.07, 'hard_stop_loss': 0.03, 'max_quantile_spread': 0.1, 'max_iv': 70.0, 'max_concurrent_trades': 5}",0.0,0.0,0.0,0.0,0.0,0,0.0,ok
confluence_sniper,"{'prob_threshold': 0.5, 'kelly_multiplier': 0.6, 'kelly_cap': 0.2, 'profit_threshold': 0.07, 'hard_stop_loss': 0.03, 'max_quantile_spread': 0.15, 'max_iv': 70.0, 'max_concurrent_trades': 5}",0.0,0.0,0.0,0.0,0.0,0,0.0,ok
confluence_sniper,"{'prob_threshold': 0.5, 'kelly_multiplier': 0.6, 'kelly_cap': 0.2, 'profit_threshold': 0.07, 'hard_stop_loss': 0.03, 'max_quantile_spread': 0.15, 'max_iv': 70.0, 'max_concurrent_trades': 10}",0.0,0.0,0.0,0.0,0.0,0,0.0,ok
confluence_sniper,"{'prob_threshold': 0.5, 'kelly_multiplier': 0.6, 'kelly_cap': 0.2, 'profit_threshold': 0.07, 'hard_stop_loss': 0.03, 'max_quantile_spread': 0.15, 'max_iv': 55.0, 'max_concurrent_trades': 10}",0.0,0.0,0.0,0.0,0.0,0,0.0,ok
confluence_sniper,"{'prob_threshold': 0.5, 'kelly_multiplier': 0.6, 'kelly_cap': 0.2, 'profit_threshold': 0.07, 'hard_stop_loss': 0.03, 'max_quantile_spread': 0.15, 'max_iv': 55.0, 'max_concurrent_trades': 5}",0.0,0.0,0.0,0.0,0.0,0,0.0,ok
confluence_sniper,"{'prob_threshold': 0.5, 'kelly_multiplier': 0.6, 'kelly_cap': 0.2, 'profit_threshold': 0.07, 'hard_stop_loss': 0.035, 'max_quantile_spread': 0.1, 'max_iv': 55.0, 'max_concurrent_trades': 5}",0.0,0.0,0.0,0.0,0.0,0,0.0,ok
confluence_sniper,"{'prob_threshold': 0.5, 'kelly_multiplier': 0.6, 'kelly_cap': 0.2, 'profit_threshold': 0.07, 'hard_stop_loss': 0.035, 'max_quantile_spread': 0.1, 'max_iv': 55.0, 'max_concurrent_trades': 10}",0.0,0.0,0.0,0.0,0.0,0,0.0,ok
confluence_sniper,"{'prob_threshold': 0.5, 'kelly_multiplier': 0.6, 'kelly_cap': 0.2, 'profit_threshold': 0.07, 'hard_stop_loss': 0.035, 'max_quantile_spread': 0.1, 'max_iv': 70.0, 'max_concurrent_trades': 10}",0.0,0.0,0.0,0.0,0.0,0,0.0,ok
confluence_sniper,"{'prob_threshold': 0.5, 'kelly_multiplier': 0.6, 'kelly_cap': 0.2, 'profit_threshold': 0.07, 'hard_stop_loss': 0.035, 'max_quantile_spread': 0.1, 'max_iv': 70.0, 'max_concurrent_trades': 5}",0.0,0.0,0.0,0.0,0.0,0,0.0,ok
confluence_sniper,"{'prob_threshold': 0.5, 'kelly_multiplier': 0.6, 'kelly_cap': 0.2, 'profit_threshold': 0.07, 'hard_stop_loss': 0.035, 'max_quantile_spread': 0.15, 'max_iv': 55.0, 'max_concurrent_trades': 5}",0.0,0.0,0.0,0.0,0.0,0,0.0,ok
confluence_sniper,"{'prob_threshold': 0.5, 'kelly_multiplier': 0.6, 'kelly_cap': 0.2, 'profit_threshold': 0.07, 'hard_stop_loss': 0.035, 'max_quantile_spread': 0.15, 'max_iv': 55.0, 'max_concurrent_trades': 10}",0.0,0.0,0.0,0.0,0.0,0,0.0,ok
confluence_sniper,"{'prob_threshold': 0.5, 'kelly_multiplier': 0.6, 'kelly_cap': 0.2, 'profit_threshold': 0.07, 'hard_stop_loss': 0.035, 'max_quantile_spread': 0.15, 'max_iv': 70.0, 'max_concurrent_trades': 5}",0.0,0.0,0.0,0.0,0.0,0,0.0,ok
confluence_sniper,"{'prob_threshold': 0.5, 'kelly_multiplier': 0.6, 'kelly_cap': 0.3, 'profit_threshold': 0.05, 'hard_stop_loss': 0.025, 'max_quantile_spread': 0.1, 'max_iv': 55.0, 'max_concurrent_trades': 5}",0.0,0.0,0.0,0.0,0.0,0,0.0,ok
confluence_sniper,"{'prob_threshold': 0.5, 'kelly_multiplier': 0.6, 'kelly_cap': 0.3, 'profit_threshold': 0.05, 'hard_stop_loss': 0.025, 'max_quantile_spread': 0.1, 'max_iv': 55.0, 'max_concurrent_trades': 10}",0.0,0.0,0.0,0.0,0.0,0,0.0,ok
confluence_sniper,"{'prob_threshold': 0.5, 'kelly_multiplier': 0.6, 'kelly_cap': 0.2, 'profit_threshold': 0.07, 'hard_stop_loss': 0.035, 'max_quantile_spread': 0.15, 'max_iv': 70.0, 'max_concurrent_trades': 10}",0.0,0.0,0.0,0.0,0.0,0,0.0,ok
confluence_sniper,"{'prob_threshold': 0.5, 'kelly_multiplier': 0.6, 'kelly_cap': 0.3, 'profit_threshold': 0.05, 'hard_stop_loss': 0.025, 'max_quantile_spread': 0.1, 'max_iv': 70.0, 'max_concurrent_trades': 5}",0.0,0.0,0.0,0.0,0.0,0,0.0,ok
confluence_sniper,"{'prob_threshold': 0.5, 'kelly_multiplier': 0.6, 'kelly_cap': 0.3, 'profit_threshold': 0.05, 'hard_stop_loss': 0.025, 'max_quantile_spread': 0.1, 'max_iv': 70.0, 'max_concurrent_trades': 10}",0.0,0.0,0.0,0.0,0.0,0,0.0,ok
confluence_sniper,"{'prob_threshold': 0.5, 'kelly_multiplier': 0.6, 'kelly_cap': 0.3, 'profit_threshold': 0.05, 'hard_stop_loss': 0.025, 'max_quantile_spread': 0.15, 'max_iv': 55.0, 'max_concurrent_trades': 5}",0.0,0.0,0.0,0.0,0.0,0,0.0,ok
confluence_sniper,"{'prob_threshold': 0.5, 'kelly_multiplier': 0.6, 'kelly_cap': 0.3, 'profit_threshold': 0.05, 'hard_stop_loss': 0.025, 'max_quantile_spread': 0.15, 'max_iv': 55.0, 'max_concurrent_trades': 10}",0.0,0.0,0.0,0.0,0.0,0,0.0,ok
confluence_sniper,"{'prob_threshold': 0.5, 'kelly_multiplier': 0.6, 'kelly_cap': 0.3, 'profit_threshold': 0.05, 'hard_stop_loss': 0.025, 'max_quantile_spread': 0.15, 'max_iv': 70.0, 'max_concurrent_trades': 5}",-0.4437,-0.0124,-0.7089,0.7089,0.0,1,0.0,ok
confluence_sniper,"{'prob_threshold': 0.5, 'kelly_multiplier': 0.6, 'kelly_cap': 0.3, 'profit_threshold': 0.05, 'hard_stop_loss': 0.025, 'max_quantile_spread': 0.15, 'max_iv': 70.0, 'max_concurrent_trades': 10}",-0.4437,-0.0124,-0.7089,0.7089,0.0,1,0.0,ok
confluence_sniper,"{'prob_threshold': 0.5, 'kelly_multiplier': 0.6, 'kelly_cap': 0.3, 'profit_threshold': 0.05, 'hard_stop_loss': 0.03, 'max_quantile_spread': 0.1, 'max_iv': 70.0, 'max_concurrent_trades': 5}",0.0,0.0,0.0,0.0,0.0,0,0.0,ok
confluence_sniper,"{'prob_threshold': 0.5, 'kelly_multiplier': 0.6, 'kelly_cap': 0.3, 'profit_threshold': 0.05, 'hard_stop_loss': 0.03, 'max_quantile_spread': 0.1, 'max_iv': 55.0, 'max_concurrent_trades': 5}",0.0,0.0,0.0,0.0,0.0,0,0.0,ok
confluence_sniper,"{'prob_threshold': 0.5, 'kelly_multiplier': 0.6, 'kelly_cap': 0.3, 'profit_threshold': 0.05, 'hard_stop_loss': 0.03, 'max_quantile_spread': 0.1, 'max_iv': 55.0, 'max_concurrent_trades': 10}",0.0,0.0,0.0,0.0,0.0,0,0.0,ok
confluence_sniper,"{'prob_threshold': 0.5, 'kelly_multiplier': 0.6, 'kelly_cap': 0.3, 'profit_threshold': 0.05, 'hard_stop_loss': 0.03, 'max_quantile_spread': 0.1, 'max_iv': 70.0, 'max_concurrent_trades': 10}",0.0,0.0,0.0,0.0,0.0,0,0.0,ok
confluence_sniper,"{'prob_threshold': 0.5, 'kelly_multiplier': 0.6, 'kelly_cap': 0.3, 'profit_threshold': 0.05, 'hard_stop_loss': 0.03, 'max_quantile_spread': 0.15, 'max_iv': 55.0, 'max_concurrent_trades': 5}",0.0,0.0,0.0,0.0,0.0,0,0.0,ok
confluence_sniper,"{'prob_threshold': 0.5, 'kelly_multiplier': 0.6, 'kelly_cap': 0.3, 'profit_threshold': 0.05, 'hard_stop_loss': 0.03, 'max_quantile_spread': 0.15, 'max_iv': 70.0, 'max_concurrent_trades': 5}",-0.4437,-0.0124,-0.6402,0.6402,0.0,1,0.0,ok
confluence_sniper,"{'prob_threshold': 0.5, 'kelly_multiplier': 0.6, 'kelly_cap': 0.3, 'profit_threshold': 0.05, 'hard_stop_loss': 0.03, 'max_quantile_spread': 0.15, 'max_iv': 55.0, 'max_concurrent_trades': 10}",0.0,0.0,0.0,0.0,0.0,0,0.0,ok
confluence_sniper,"{'prob_threshold': 0.5, 'kelly_multiplier': 0.6, 'kelly_cap': 0.3, 'profit_threshold': 0.05, 'hard_stop_loss': 0.03, 'max_quantile_spread': 0.15, 'max_iv': 70.0, 'max_concurrent_trades': 10}",-0.4437,-0.0124,-0.6402,0.6402,0.0,1,0.0,ok
confluence_sniper,"{'prob_threshold': 0.5, 'kelly_multiplier': 0.6, 'kelly_cap': 0.3, 'profit_threshold': 0.05, 'hard_stop_loss': 0.035, 'max_quantile_spread': 0.1, 'max_iv': 55.0, 'max_concurrent_trades': 10}",0.0,0.0,0.0,0.0,0.0,0,0.0,ok
confluence_sniper,"{'prob_threshold': 0.5, 'kelly_multiplier': 0.6, 'kelly_cap': 0.3, 'profit_threshold': 0.05, 'hard_stop_loss': 0.035, 'max_quantile_spread': 0.1, 'max_iv': 55.0, 'max_concurrent_trades': 5}",0.0,0.0,0.0,0.0,0.0,0,0.0,ok
confluence_sniper,"{'prob_threshold': 0.5, 'kelly_multiplier': 0.6, 'kelly_cap': 0.3, 'profit_threshold': 0.05, 'hard_stop_loss': 0.035, 'max_quantile_spread': 0.1, 'max_iv': 70.0, 'max_concurrent_trades': 5}",0.0,0.0,0.0,0.0,0.0,0,0.0,ok
confluence_sniper,"{'prob_threshold': 0.5, 'kelly_multiplier': 0.6, 'kelly_cap': 0.3, 'profit_threshold': 0.05, 'hard_stop_loss': 0.035, 'max_quantile_spread': 0.1, 'max_iv': 70.0, 'max_concurrent_trades': 10}",0.0,0.0,0.0,0.0,0.0,0,0.0,ok
confluence_sniper,"{'prob_threshold': 0.5, 'kelly_multiplier': 0.6, 'kelly_cap': 0.3, 'profit_threshold': 0.05, 'hard_stop_loss': 0.035, 'max_quantile_spread': 0.15, 'max_iv': 55.0, 'max_concurrent_trades': 5}",0.0,0.0,0.0,0.0,0.0,0,0.0,ok
confluence_sniper,"{'prob_threshold': 0.5, 'kelly_multiplier': 0.6, 'kelly_cap': 0.3, 'profit_threshold': 0.05, 'hard_stop_loss': 0.035, 'max_quantile_spread': 0.15, 'max_iv': 70.0, 'max_concurrent_trades': 5}",-0.4437,-0.0124,-0.542,0.542,0.0,1,0.0,ok
confluence_sniper,"{'prob_threshold': 0.5, 'kelly_multiplier': 0.6, 'kelly_cap': 0.3, 'profit_threshold': 0.06, 'hard_stop_loss': 0.025, 'max_quantile_spread': 0.1, 'max_iv': 55.0, 'max_concurrent_trades': 5}",0.0,0.0,0.0,0.0,0.0,0,0.0,ok
confluence_sniper,"{'prob_threshold': 0.5, 'kelly_multiplier': 0.6, 'kelly_cap': 0.3, 'profit_threshold': 0.05, 'hard_stop_loss': 0.035, 'max_quantile_spread': 0.15, 'max_iv': 55.0, 'max_concurrent_trades': 10}",0.0,0.0,0.0,0.0,0.0,0,0.0,ok
confluence_sniper,"{'prob_threshold': 0.5, 'kelly_multiplier': 0.6, 'kelly_cap': 0.3, 'profit_threshold': 0.05, 'hard_stop_loss': 0.035, 'max_quantile_spread': 0.15, 'max_iv': 70.0, 'max_concurrent_trades': 10}",-0.4437,-0.0124,-0.542,0.542,0.0,1,0.0,ok
confluence_sniper,"{'prob_threshold': 0.5, 'kelly_multiplier': 0.6, 'kelly_cap': 0.3, 'profit_threshold': 0.06, 'hard_stop_loss': 0.025, 'max_quantile_spread': 0.1, 'max_iv': 55.0, 'max_concurrent_trades': 10}",0.0,0.0,0.0,0.0,0.0,0,0.0,ok
confluence_sniper,"{'prob_threshold': 0.5, 'kelly_multiplier': 0.6, 'kelly_cap': 0.3, 'profit_threshold': 0.06, 'hard_stop_loss': 0.025, 'max_quantile_spread': 0.1, 'max_iv': 70.0, 'max_concurrent_trades': 10}",0.0,0.0,0.0,0.0,0.0,0,0.0,ok
confluence_sniper,"{'prob_threshold': 0.5, 'kelly_multiplier': 0.6, 'kelly_cap': 0.3, 'profit_threshold': 0.06, 'hard_stop_loss': 0.025, 'max_quantile_spread': 0.15, 'max_iv': 55.0, 'max_concurrent_trades': 5}",0.0,0.0,0.0,0.0,0.0,0,0.0,ok
confluence_sniper,"{'prob_threshold': 0.5, 'kelly_multiplier': 0.6, 'kelly_cap': 0.3, 'profit_threshold': 0.06, 'hard_stop_loss': 0.025, 'max_quantile_spread': 0.1, 'max_iv': 70.0, 'max_concurrent_trades': 5}",0.0,0.0,0.0,0.0,0.0,0,0.0,ok
confluence_sniper,"{'prob_threshold': 0.5, 'kelly_multiplier': 0.6, 'kelly_cap': 0.3, 'profit_threshold': 0.06, 'hard_stop_loss': 0.025, 'max_quantile_spread': 0.15, 'max_iv': 55.0, 'max_concurrent_trades': 10}",0.0,0.0,0.0,0.0,0.0,0,0.0,ok
confluence_sniper,"{'prob_threshold': 0.5, 'kelly_multiplier': 0.6, 'kelly_cap': 0.3, 'profit_threshold': 0.06, 'hard_stop_loss': 0.025, 'max_quantile_spread': 0.15, 'max_iv': 70.0, 'max_concurrent_trades': 5}",0.0,0.0,0.0,0.0,0.0,0,0.0,ok
confluence_sniper,"{'prob_threshold': 0.5, 'kelly_multiplier': 0.6, 'kelly_cap': 0.3, 'profit_threshold': 0.06, 'hard_stop_loss': 0.025, 'max_quantile_spread': 0.15, 'max_iv': 70.0, 'max_concurrent_trades': 10}",0.0,0.0,0.0,0.0,0.0,0,0.0,ok
confluence_sniper,"{'prob_threshold': 0.5, 'kelly_multiplier': 0.6, 'kelly_cap': 0.3, 'profit_threshold': 0.06, 'hard_stop_loss': 0.03, 'max_quantile_spread': 0.1, 'max_iv': 55.0, 'max_concurrent_trades': 5}",0.0,0.0,0.0,0.0,0.0,0,0.0,ok
confluence_sniper,"{'prob_threshold': 0.5, 'kelly_multiplier': 0.6, 'kelly_cap': 0.3, 'profit_threshold': 0.06, 'hard_stop_loss': 0.03, 'max_quantile_spread': 0.1, 'max_iv': 55.0, 'max_concurrent_trades': 10}",0.0,0.0,0.0,0.0,0.0,0,0.0,ok
confluence_sniper,"{'prob_threshold': 0.5, 'kelly_multiplier': 0.6, 'kelly_cap': 0.3, 'profit_threshold': 0.06, 'hard_stop_loss': 0.03, 'max_quantile_spread': 0.1, 'max_iv': 70.0, 'max_concurrent_trades': 5}",0.0,0.0,0.0,0.0,0.0,0,0.0,ok
confluence_sniper,"{'prob_threshold': 0.5, 'kelly_multiplier': 0.6, 'kelly_cap': 0.3, 'profit_threshold': 0.06, 'hard_stop_loss': 0.03, 'max_quantile_spread': 0.1, 'max_iv': 70.0, 'max_concurrent_trades': 10}",0.0,0.0,0.0,0.0,0.0,0,0.0,ok
confluence_sniper,"{'prob_threshold': 0.5, 'kelly_multiplier': 0.6, 'kelly_cap': 0.3, 'profit_threshold': 0.06, 'hard_stop_loss': 0.03, 'max_quantile_spread': 0.15, 'max_iv': 55.0, 'max_concurrent_trades': 10}",0.0,0.0,0.0,0.0,0.0,0,0.0,ok
confluence_sniper,"{'prob_threshold': 0.5, 'kelly_multiplier': 0.6, 'kelly_cap': 0.3, 'profit_threshold': 0.06, 'hard_stop_loss': 0.03, 'max_quantile_spread': 0.15, 'max_iv': 55.0, 'max_concurrent_trades': 5}",0.0,0.0,0.0,0.0,0.0,0,0.0,ok
confluence_sniper,"{'prob_threshold': 0.5, 'kelly_multiplier': 0.6, 'kelly_cap': 0.3, 'profit_threshold': 0.06, 'hard_stop_loss': 0.03, 'max_quantile_spread': 0.15, 'max_iv': 70.0, 'max_concurrent_trades': 5}",0.0,0.0,0.0,0.0,0.0,0,0.0,ok
confluence_sniper,"{'prob_threshold': 0.5, 'kelly_multiplier': 0.6, 'kelly_cap': 0.3, 'profit_threshold': 0.06, 'hard_stop_loss': 0.03, 'max_quantile_spread': 0.15, 'max_iv': 70.0, 'max_concurrent_trades': 10}",0.0,0.0,0.0,0.0,0.0,0,0.0,ok
confluence_sniper,"{'prob_threshold': 0.5, 'kelly_multiplier': 0.6, 'kelly_cap': 0.3, 'profit_threshold': 0.06, 'hard_stop_loss': 0.035, 'max_quantile_spread': 0.1, 'max_iv': 55.0, 'max_concurrent_trades': 5}",0.0,0.0,0.0,0.0,0.0,0,0.0,ok
confluence_sniper,"{'prob_threshold': 0.5, 'kelly_multiplier': 0.6, 'kelly_cap': 0.3, 'profit_threshold': 0.06, 'hard_stop_loss': 0.035, 'max_quantile_spread': 0.1, 'max_iv': 70.0, 'max_concurrent_trades': 5}",0.0,0.0,0.0,0.0,0.0,0,0.0,ok
confluence_sniper,"{'prob_threshold': 0.5, 'kelly_multiplier': 0.6, 'kelly_cap': 0.3, 'profit_threshold': 0.06, 'hard_stop_loss': 0.035, 'max_quantile_spread': 0.1, 'max_iv': 55.0, 'max_concurrent_trades': 10}",0.0,0.0,0.0,0.0,0.0,0,0.0,ok
confluence_sniper,"{'prob_threshold': 0.5, 'kelly_multiplier': 0.6, 'kelly_cap': 0.3, 'profit_threshold': 0.06, 'hard_stop_loss': 0.035, 'max_quantile_spread': 0.1, 'max_iv': 70.0, 'max_concurrent_trades': 10}",0.0,0.0,0.0,0.0,0.0,0,0.0,ok
confluence_sniper,"{'prob_threshold': 0.5, 'kelly_multiplier': 0.6, 'kelly_cap': 0.3, 'profit_threshold': 0.06, 'hard_stop_loss': 0.035, 'max_quantile_spread': 0.15, 'max_iv': 55.0, 'max_concurrent_trades': 5}",0.0,0.0,0.0,0.0,0.0,0,0.0,ok
confluence_sniper,"{'prob_threshold': 0.5, 'kelly_multiplier': 0.6, 'kelly_cap': 0.3, 'profit_threshold': 0.06, 'hard_stop_loss': 0.035, 'max_quantile_spread': 0.15, 'max_iv': 55.0, 'max_concurrent_trades': 10}",0.0,0.0,0.0,0.0,0.0,0,0.0,ok
confluence_sniper,"{'prob_threshold': 0.5, 'kelly_multiplier': 0.6, 'kelly_cap': 0.3, 'profit_threshold': 0.06, 'hard_stop_loss': 0.035, 'max_quantile_spread': 0.15, 'max_iv': 70.0, 'max_concurrent_trades': 10}",0.0,0.0,0.0,0.0,0.0,0,0.0,ok
confluence_sniper,"{'prob_threshold': 0.5, 'kelly_multiplier': 0.6, 'kelly_cap': 0.3, 'profit_threshold': 0.06, 'hard_stop_loss': 0.035, 'max_quantile_spread': 0.15, 'max_iv': 70.0, 'max_concurrent_trades': 5}",0.0,0.0,0.0,0.0,0.0,0,0.0,ok
confluence_sniper,"{'prob_threshold': 0.5, 'kelly_multiplier': 0.6, 'kelly_cap': 0.3, 'profit_threshold': 0.07, 'hard_stop_loss': 0.025, 'max_quantile_spread': 0.1, 'max_iv': 55.0, 'max_concurrent_trades': 5}",0.0,0.0,0.0,0.0,0.0,0,0.0,ok
confluence_sniper,"{'prob_threshold': 0.5, 'kelly_multiplier': 0.6, 'kelly_cap': 0.3, 'profit_threshold': 0.07, 'hard_stop_loss': 0.025, 'max_quantile_spread': 0.1, 'max_iv': 70.0, 'max_concurrent_trades': 5}",0.0,0.0,0.0,0.0,0.0,0,0.0,ok
confluence_sniper,"{'prob_threshold': 0.5, 'kelly_multiplier': 0.6, 'kelly_cap': 0.3, 'profit_threshold': 0.07, 'hard_stop_loss': 0.025, 'max_quantile_spread': 0.1, 'max_iv': 70.0, 'max_concurrent_trades': 10}",0.0,0.0,0.0,0.0,0.0,0,0.0,ok
confluence_sniper,"{'prob_threshold': 0.5, 'kelly_multiplier': 0.6, 'kelly_cap': 0.3, 'profit_threshold': 0.07, 'hard_stop_loss': 0.025, 'max_quantile_spread': 0.1, 'max_iv': 55.0, 'max_concurrent_trades': 10}",0.0,0.0,0.0,0.0,0.0,0,0.0,ok
confluence_sniper,"{'prob_threshold': 0.5, 'kelly_multiplier': 0.6, 'kelly_cap': 0.3, 'profit_threshold': 0.07, 'hard_stop_loss': 0.025, 'max_quantile_spread': 0.15, 'max_iv': 55.0, 'max_concurrent_trades': 5}",0.0,0.0,0.0,0.0,0.0,0,0.0,ok
confluence_sniper,"{'prob_threshold': 0.5, 'kelly_multiplier': 0.6, 'kelly_cap': 0.3, 'profit_threshold': 0.07, 'hard_stop_loss': 0.025, 'max_quantile_spread': 0.15, 'max_iv': 70.0, 'max_concurrent_trades': 10}",0.0,0.0,0.0,0.0,0.0,0,0.0,ok
confluence_sniper,"{'prob_threshold': 0.5, 'kelly_multiplier': 0.6, 'kelly_cap': 0.3, 'profit_threshold': 0.07, 'hard_stop_loss': 0.025, 'max_quantile_spread': 0.15, 'max_iv': 55.0, 'max_concurrent_trades': 10}",0.0,0.0,0.0,0.0,0.0,0,0.0,ok
confluence_sniper,"{'prob_threshold': 0.5, 'kelly_multiplier': 0.6, 'kelly_cap': 0.3, 'profit_threshold': 0.07, 'hard_stop_loss': 0.025, 'max_quantile_spread': 0.15, 'max_iv': 70.0, 'max_concurrent_trades': 5}",0.0,0.0,0.0,0.0,0.0,0,0.0,ok
confluence_sniper,"{'prob_threshold': 0.5, 'kelly_multiplier': 0.6, 'kelly_cap': 0.3, 'profit_threshold': 0.07, 'hard_stop_loss': 0.03, 'max_quantile_spread': 0.1, 'max_iv': 55.0, 'max_concurrent_trades': 5}",0.0,0.0,0.0,0.0,0.0,0,0.0,ok
confluence_sniper,"{'prob_threshold': 0.5, 'kelly_multiplier': 0.6, 'kelly_cap': 0.3, 'profit_threshold': 0.07, 'hard_stop_loss': 0.03, 'max_quantile_spread': 0.1, 'max_iv': 55.0, 'max_concurrent_trades': 10}",0.0,0.0,0.0,0.0,0.0,0,0.0,ok
confluence_sniper,"{'prob_threshold': 0.5, 'kelly_multiplier': 0.6, 'kelly_cap': 0.3, 'profit_threshold': 0.07, 'hard_stop_loss': 0.03, 'max_quantile_spread': 0.1, 'max_iv': 70.0, 'max_concurrent_trades': 5}",0.0,0.0,0.0,0.0,0.0,0,0.0,ok
confluence_sniper,"{'prob_threshold': 0.5, 'kelly_multiplier': 0.6, 'kelly_cap': 0.3, 'profit_threshold': 0.07, 'hard_stop_loss': 0.03, 'max_quantile_spread': 0.1, 'max_iv': 70.0, 'max_concurrent_trades': 10}",0.0,0.0,0.0,0.0,0.0,0,0.0,ok
confluence_sniper,"{'prob_threshold': 0.5, 'kelly_multiplier': 0.6, 'kelly_cap': 0.3, 'profit_threshold': 0.07, 'hard_stop_loss': 0.03, 'max_quantile_spread': 0.15, 'max_iv': 70.0, 'max_concurrent_trades': 5}",0.0,0.0,0.0,0.0,0.0,0,0.0,ok
confluence_sniper,"{'prob_threshold': 0.5, 'kelly_multiplier': 0.6, 'kelly_cap': 0.3, 'profit_threshold': 0.07, 'hard_stop_loss': 0.03, 'max_quantile_spread': 0.15, 'max_iv': 55.0, 'max_concurrent_trades': 5}",0.0,0.0,0.0,0.0,0.0,0,0.0,ok
confluence_sniper,"{'prob_threshold': 0.5, 'kelly_multiplier': 0.6, 'kelly_cap': 0.3, 'profit_threshold': 0.07, 'hard_stop_loss': 0.03, 'max_quantile_spread': 0.15, 'max_iv': 55.0, 'max_concurrent_trades': 10}",0.0,0.0,0.0,0.0,0.0,0,0.0,ok
confluence_sniper,"{'prob_threshold': 0.5, 'kelly_multiplier': 0.6, 'kelly_cap': 0.3, 'profit_threshold': 0.07, 'hard_stop_loss': 0.03, 'max_quantile_spread': 0.15, 'max_iv': 70.0, 'max_concurrent_trades': 10}",0.0,0.0,0.0,0.0,0.0,0,0.0,ok
confluence_sniper,"{'prob_threshold': 0.5, 'kelly_multiplier': 0.6, 'kelly_cap': 0.3, 'profit_threshold': 0.07, 'hard_stop_loss': 0.035, 'max_quantile_spread': 0.1, 'max_iv': 55.0, 'max_concurrent_trades': 5}",0.0,0.0,0.0,0.0,0.0,0,0.0,ok
confluence_sniper,"{'prob_threshold': 0.5, 'kelly_multiplier': 0.6, 'kelly_cap': 0.3, 'profit_threshold': 0.07, 'hard_stop_loss': 0.035, 'max_quantile_spread': 0.1, 'max_iv': 55.0, 'max_concurrent_trades': 10}",0.0,0.0,0.0,0.0,0.0,0,0.0,ok
confluence_sniper,"{'prob_threshold': 0.5, 'kelly_multiplier': 0.6, 'kelly_cap': 0.3, 'profit_threshold': 0.07, 'hard_stop_loss': 0.035, 'max_quantile_spread': 0.1, 'max_iv': 70.0, 'max_concurrent_trades': 5}",0.0,0.0,0.0,0.0,0.0,0,0.0,ok
confluence_sniper,"{'prob_threshold': 0.5, 'kelly_multiplier': 0.6, 'kelly_cap': 0.3, 'profit_threshold': 0.07, 'hard_stop_loss': 0.035, 'max_quantile_spread': 0.1, 'max_iv': 70.0, 'max_concurrent_trades': 10}",0.0,0.0,0.0,0.0,0.0,0,0.0,ok
confluence_sniper,"{'prob_threshold': 0.5, 'kelly_multiplier': 0.6, 'kelly_cap': 0.3, 'profit_threshold': 0.07, 'hard_stop_loss': 0.035, 'max_quantile_spread': 0.15, 'max_iv': 55.0, 'max_concurrent_trades': 5}",0.0,0.0,0.0,0.0,0.0,0,0.0,ok
confluence_sniper,"{'prob_threshold': 0.5, 'kelly_multiplier': 0.6, 'kelly_cap': 0.3, 'profit_threshold': 0.07, 'hard_stop_loss': 0.035, 'max_quantile_spread': 0.15, 'max_iv': 70.0, 'max_concurrent_trades': 5}",0.0,0.0,0.0,0.0,0.0,0,0.0,ok
confluence_sniper,"{'prob_threshold': 0.5, 'kelly_multiplier': 0.6, 'kelly_cap': 0.3, 'profit_threshold': 0.07, 'hard_stop_loss': 0.035, 'max_quantile_spread': 0.15, 'max_iv': 55.0, 'max_concurrent_trades': 10}",0.0,0.0,0.0,0.0,0.0,0,0.0,ok
confluence_sniper,"{'prob_threshold': 0.5, 'kelly_multiplier': 0.6, 'kelly_cap': 0.3, 'profit_threshold': 0.07, 'hard_stop_loss': 0.035, 'max_quantile_spread': 0.15, 'max_iv': 70.0, 'max_concurrent_trades': 10}",0.0,0.0,0.0,0.0,0.0,0,0.0,ok
confluence_sniper,"{'prob_threshold': 0.5, 'kelly_multiplier': 0.8, 'kelly_cap': 0.2, 'profit_threshold': 0.05, 'hard_stop_loss': 0.025, 'max_quantile_spread': 0.1, 'max_iv': 55.0, 'max_concurrent_trades': 5}",0.0,0.0,0.0,0.0,0.0,0,0.0,ok
confluence_sniper,"{'prob_threshold': 0.5, 'kelly_multiplier': 0.8, 'kelly_cap': 0.2, 'profit_threshold': 0.05, 'hard_stop_loss': 0.025, 'max_quantile_spread': 0.1, 'max_iv': 70.0, 'max_concurrent_trades': 10}",0.0,0.0,0.0,0.0,0.0,0,0.0,ok
confluence_sniper,"{'prob_threshold': 0.5, 'kelly_multiplier': 0.8, 'kelly_cap': 0.2, 'profit_threshold': 0.05, 'hard_stop_loss': 0.025, 'max_quantile_spread': 0.1, 'max_iv': 55.0, 'max_concurrent_trades': 10}",0.0,0.0,0.0,0.0,0.0,0,0.0,ok
confluence_sniper,"{'prob_threshold': 0.5, 'kelly_multiplier': 0.8, 'kelly_cap': 0.2, 'profit_threshold': 0.05, 'hard_stop_loss': 0.025, 'max_quantile_spread': 0.1, 'max_iv': 70.0, 'max_concurrent_trades': 5}",0.0,0.0,0.0,0.0,0.0,0,0.0,ok
confluence_sniper,"{'prob_threshold': 0.5, 'kelly_multiplier': 0.8, 'kelly_cap': 0.2, 'profit_threshold': 0.05, 'hard_stop_loss': 0.025, 'max_quantile_spread': 0.15, 'max_iv': 55.0, 'max_concurrent_trades': 10}",0.0,0.0,0.0,0.0,0.0,0,0.0,ok
confluence_sniper,"{'prob_threshold': 0.5, 'kelly_multiplier': 0.8, 'kelly_cap': 0.2, 'profit_threshold': 0.05, 'hard_stop_loss': 0.025, 'max_quantile_spread': 0.15, 'max_iv': 55.0, 'max_concurrent_trades': 5}",0.0,0.0,0.0,0.0,0.0,0,0.0,ok
confluence_sniper,"{'prob_threshold': 0.5, 'kelly_multiplier': 0.8, 'kelly_cap': 0.2, 'profit_threshold': 0.05, 'hard_stop_loss': 0.025, 'max_quantile_spread': 0.15, 'max_iv': 70.0, 'max_concurrent_trades': 5}",-0.4437,-0.0124,-0.72,0.72,0.0,1,0.0,ok
confluence_sniper,"{'prob_threshold': 0.5, 'kelly_multiplier': 0.8, 'kelly_cap': 0.2, 'profit_threshold': 0.05, 'hard_stop_loss': 0.025, 'max_quantile_spread': 0.15, 'max_iv': 70.0, 'max_concurrent_trades': 10}",-0.4437,-0.0124,-0.72,0.72,0.0,1,0.0,ok
confluence_sniper,"{'prob_threshold': 0.5, 'kelly_multiplier': 0.8, 'kelly_cap': 0.2, 'profit_threshold': 0.05, 'hard_stop_loss': 0.03, 'max_quantile_spread': 0.1, 'max_iv': 55.0, 'max_concurrent_trades': 5}",0.0,0.0,0.0,0.0,0.0,0,0.0,ok
confluence_sniper,"{'prob_threshold': 0.5, 'kelly_multiplier': 0.8, 'kelly_cap': 0.2, 'profit_threshold': 0.05, 'hard_stop_loss': 0.03, 'max_quantile_spread': 0.1, 'max_iv': 70.0, 'max_concurrent_trades': 5}",0.0,0.0,0.0,0.0,0.0,0,0.0,ok
confluence_sniper,"{'prob_threshold': 0.5, 'kelly_multiplier': 0.8, 'kelly_cap': 0.2, 'profit_threshold': 0.05, 'hard_stop_loss': 0.03, 'max_quantile_spread': 0.1, 'max_iv': 55.0, 'max_concurrent_trades': 10}",0.0,0.0,0.0,0.0,0.0,0,0.0,ok
confluence_sniper,"{'prob_threshold': 0.5, 'kelly_multiplier': 0.8, 'kelly_cap': 0.2, 'profit_threshold': 0.05, 'hard_stop_loss': 0.03, 'max_quantile_spread': 0.15, 'max_iv': 55.0, 'max_concurrent_trades': 5}",0.0,0.0,0.0,0.0,0.0,0,0.0,ok
confluence_sniper,"{'prob_threshold': 0.5, 'kelly_multiplier': 0.8, 'kelly_cap': 0.2, 'profit_threshold': 0.05, 'hard_stop_loss': 0.03, 'max_quantile_spread': 0.1, 'max_iv': 70.0, 'max_concurrent_trades': 10}",0.0,0.0,0.0,0.0,0.0,0,0.0,ok
confluence_sniper,"{'prob_threshold': 0.5, 'kelly_multiplier': 0.8, 'kelly_cap': 0.2, 'profit_threshold': 0.05, 'hard_stop_loss': 0.03, 'max_quantile_spread': 0.15, 'max_iv': 55.0, 'max_concurrent_trades': 10}",0.0,0.0,0.0,0.0,0.0,0,0.0,ok
confluence_sniper,"{'prob_threshold': 0.5, 'kelly_multiplier': 0.8, 'kelly_cap': 0.2, 'profit_threshold': 0.05, 'hard_stop_loss': 0.03, 'max_quantile_spread': 0.15, 'max_iv': 70.0, 'max_concurrent_trades': 10}",-0.4437,-0.0124,-0.8,0.8,0.0,1,0.0,ok
confluence_sniper,"{'prob_threshold': 0.5, 'kelly_multiplier': 0.8, 'kelly_cap': 0.2, 'profit_threshold': 0.05, 'hard_stop_loss': 0.03, 'max_quantile_spread': 0.15, 'max_iv': 70.0, 'max_concurrent_trades': 5}",-0.4437,-0.0124,-0.8,0.8,0.0,1,0.0,ok
confluence_sniper,"{'prob_threshold': 0.5, 'kelly_multiplier': 0.8, 'kelly_cap': 0.2, 'profit_threshold': 0.05, 'hard_stop_loss': 0.035, 'max_quantile_spread': 0.1, 'max_iv': 55.0, 'max_concurrent_trades': 5}",0.0,0.0,0.0,0.0,0.0,0,0.0,ok
confluence_sniper,"{'prob_threshold': 0.5, 'kelly_multiplier': 0.8, 'kelly_cap': 0.2, 'profit_threshold': 0.05, 'hard_stop_loss': 0.035, 'max_quantile_spread': 0.1, 'max_iv': 55.0, 'max_concurrent_trades': 10}",0.0,0.0,0.0,0.0,0.0,0,0.0,ok
confluence_sniper,"{'prob_threshold': 0.5, 'kelly_multiplier': 0.8, 'kelly_cap': 0.2, 'profit_threshold': 0.05, 'hard_stop_loss': 0.035, 'max_quantile_spread': 0.1, 'max_iv': 70.0, 'max_concurrent_trades': 5}",0.0,0.0,0.0,0.0,0.0,0,0.0,ok
confluence_sniper,"{'prob_threshold': 0.5, 'kelly_multiplier': 0.8, 'kelly_cap': 0.2, 'profit_threshold': 0.05, 'hard_stop_loss': 0.035, 'max_quantile_spread': 0.1, 'max_iv': 70.0, 'max_concurrent_trades': 10}",0.0,0.0,0.0,0.0,0.0,0,0.0,ok
confluence_sniper,"{'prob_threshold': 0.5, 'kelly_multiplier': 0.8, 'kelly_cap': 0.2, 'profit_threshold': 0.05, 'hard_stop_loss': 0.035, 'max_quantile_spread': 0.15, 'max_iv': 55.0, 'max_concurrent_trades': 5}",0.0,0.0,0.0,0.0,0.0,0,0.0,ok
confluence_sniper,"{'prob_threshold': 0.5, 'kelly_multiplier': 0.8, 'kelly_cap': 0.2, 'profit_threshold': 0.05, 'hard_stop_loss': 0.035, 'max_quantile_spread': 0.15, 'max_iv': 70.0, 'max_concurrent_trades': 10}",-0.4437,-0.0124,-0.7227,0.7227,0.0,1,0.0,ok
confluence_sniper,"{'prob_threshold': 0.5, 'kelly_multiplier': 0.8, 'kelly_cap': 0.2, 'profit_threshold': 0.05, 'hard_stop_loss': 0.035, 'max_quantile_spread': 0.15, 'max_iv': 55.0, 'max_concurrent_trades': 10}",0.0,0.0,0.0,0.0,0.0,0,0.0,ok
confluence_sniper,"{'prob_threshold': 0.5, 'kelly_multiplier': 0.8, 'kelly_cap': 0.2, 'profit_threshold': 0.05, 'hard_stop_loss': 0.035, 'max_quantile_spread': 0.15, 'max_iv': 70.0, 'max_concurrent_trades': 5}",-0.4437,-0.0124,-0.7227,0.7227,0.0,1,0.0,ok
confluence_sniper,"{'prob_threshold': 0.5, 'kelly_multiplier': 0.8, 'kelly_cap': 0.2, 'profit_threshold': 0.06, 'hard_stop_loss': 0.025, 'max_quantile_spread': 0.1, 'max_iv': 55.0, 'max_concurrent_trades': 10}",0.0,0.0,0.0,0.0,0.0,0,0.0,ok
confluence_sniper,"{'prob_threshold': 0.5, 'kelly_multiplier': 0.8, 'kelly_cap': 0.2, 'profit_threshold': 0.06, 'hard_stop_loss': 0.025, 'max_quantile_spread': 0.1, 'max_iv': 55.0, 'max_concurrent_trades': 5}",0.0,0.0,0.0,0.0,0.0,0,0.0,ok
confluence_sniper,"{'prob_threshold': 0.5, 'kelly_multiplier': 0.8, 'kelly_cap': 0.2, 'profit_threshold': 0.06, 'hard_stop_loss': 0.025, 'max_quantile_spread': 0.1, 'max_iv': 70.0, 'max_concurrent_trades': 5}",0.0,0.0,0.0,0.0,0.0,0,0.0,ok
confluence_sniper,"{'prob_threshold': 0.5, 'kelly_multiplier': 0.8, 'kelly_cap': 0.2, 'profit_threshold': 0.06, 'hard_stop_loss': 0.025, 'max_quantile_spread': 0.1, 'max_iv': 70.0, 'max_concurrent_trades': 10}",0.0,0.0,0.0,0.0,0.0,0,0.0,ok
confluence_sniper,"{'prob_threshold': 0.5, 'kelly_multiplier': 0.8, 'kelly_cap': 0.2, 'profit_threshold': 0.06, 'hard_stop_loss': 0.025, 'max_quantile_spread': 0.15, 'max_iv': 55.0, 'max_concurrent_trades': 10}",0.0,0.0,0.0,0.0,0.0,0,0.0,ok
confluence_sniper,"{'prob_threshold': 0.5, 'kelly_multiplier': 0.8, 'kelly_cap': 0.2, 'profit_threshold': 0.06, 'hard_stop_loss': 0.025, 'max_quantile_spread': 0.15, 'max_iv': 55.0, 'max_concurrent_trades': 5}",0.0,0.0,0.0,0.0,0.0,0,0.0,ok
confluence_sniper,"{'prob_threshold': 0.5, 'kelly_multiplier': 0.8, 'kelly_cap': 0.2, 'profit_threshold': 0.06, 'hard_stop_loss': 0.025, 'max_quantile_spread': 0.15, 'max_iv': 70.0, 'max_concurrent_trades': 5}",0.0,0.0,0.0,0.0,0.0,0,0.0,ok
confluence_sniper,"{'prob_threshold': 0.5, 'kelly_multiplier': 0.8, 'kelly_cap': 0.2, 'profit_threshold': 0.06, 'hard_stop_loss': 0.03, 'max_quantile_spread': 0.1, 'max_iv': 55.0, 'max_concurrent_trades': 5}",0.0,0.0,0.0,0.0,0.0,0,0.0,ok
confluence_sniper,"{'prob_threshold': 0.5, 'kelly_multiplier': 0.8, 'kelly_cap': 0.2, 'profit_threshold': 0.06, 'hard_stop_loss': 0.025, 'max_quantile_spread': 0.15, 'max_iv': 70.0, 'max_concurrent_trades': 10}",0.0,0.0,0.0,0.0,0.0,0,0.0,ok
confluence_sniper,"{'prob_threshold': 0.5, 'kelly_multiplier': 0.8, 'kelly_cap': 0.2, 'profit_threshold': 0.06, 'hard_stop_loss': 0.03, 'max_quantile_spread': 0.1, 'max_iv': 55.0, 'max_concurrent_trades': 10}",0.0,0.0,0.0,0.0,0.0,0,0.0,ok
confluence_sniper,"{'prob_threshold': 0.5, 'kelly_multiplier': 0.8, 'kelly_cap': 0.2, 'profit_threshold': 0.06, 'hard_stop_loss': 0.03, 'max_quantile_spread': 0.15, 'max_iv': 55.0, 'max_concurrent_trades': 5}",0.0,0.0,0.0,0.0,0.0,0,0.0,ok
confluence_sniper,"{'prob_threshold': 0.5, 'kelly_multiplier': 0.8, 'kelly_cap': 0.2, 'profit_threshold': 0.06, 'hard_stop_loss': 0.03, 'max_quantile_spread': 0.1, 'max_iv': 70.0, 'max_concurrent_trades': 5}",0.0,0.0,0.0,0.0,0.0,0,0.0,ok
confluence_sniper,"{'prob_threshold': 0.5, 'kelly_multiplier': 0.8, 'kelly_cap': 0.2, 'profit_threshold': 0.06, 'hard_stop_loss': 0.03, 'max_quantile_spread': 0.1, 'max_iv': 70.0, 'max_concurrent_trades': 10}",0.0,0.0,0.0,0.0,0.0,0,0.0,ok
confluence_sniper,"{'prob_threshold': 0.5, 'kelly_multiplier': 0.8, 'kelly_cap': 0.2, 'profit_threshold': 0.06, 'hard_stop_loss': 0.03, 'max_quantile_spread': 0.15, 'max_iv': 55.0, 'max_concurrent_trades': 10}",0.0,0.0,0.0,0.0,0.0,0,0.0,ok
confluence_sniper,"{'prob_threshold': 0.5, 'kelly_multiplier': 0.8, 'kelly_cap': 0.2, 'profit_threshold': 0.06, 'hard_stop_loss': 0.03, 'max_quantile_spread': 0.15, 'max_iv': 70.0, 'max_concurrent_trades': 5}",0.0,0.0,0.0,0.0,0.0,0,0.0,ok
confluence_sniper,"{'prob_threshold': 0.5, 'kelly_multiplier': 0.8, 'kelly_cap': 0.2, 'profit_threshold': 0.06, 'hard_stop_loss': 0.03, 'max_quantile_spread': 0.15, 'max_iv': 70.0, 'max_concurrent_trades': 10}",0.0,0.0,0.0,0.0,0.0,0,0.0,ok
confluence_sniper,"{'prob_threshold': 0.5, 'kelly_multiplier': 0.8, 'kelly_cap': 0.2, 'profit_threshold': 0.06, 'hard_stop_loss': 0.035, 'max_quantile_spread': 0.1, 'max_iv': 55.0, 'max_concurrent_trades': 5}",0.0,0.0,0.0,0.0,0.0,0,0.0,ok
confluence_sniper,"{'prob_threshold': 0.5, 'kelly_multiplier': 0.8, 'kelly_cap': 0.2, 'profit_threshold': 0.06, 'hard_stop_loss': 0.035, 'max_quantile_spread': 0.1, 'max_iv': 70.0, 'max_concurrent_trades': 10}",0.0,0.0,0.0,0.0,0.0,0,0.0,ok
confluence_sniper,"{'prob_threshold': 0.5, 'kelly_multiplier': 0.8, 'kelly_cap': 0.2, 'profit_threshold': 0.06, 'hard_stop_loss': 0.035, 'max_quantile_spread': 0.1, 'max_iv': 55.0, 'max_concurrent_trades': 10}",0.0,0.0,0.0,0.0,0.0,0,0.0,ok
confluence_sniper,"{'prob_threshold': 0.5, 'kelly_multiplier': 0.8, 'kelly_cap': 0.2, 'profit_threshold': 0.06, 'hard_stop_loss': 0.035, 'max_quantile_spread': 0.1, 'max_iv': 70.0, 'max_concurrent_trades': 5}",0.0,0.0,0.0,0.0,0.0,0,0.0,ok
confluence_sniper,"{'prob_threshold': 0.5, 'kelly_multiplier': 0.8, 'kelly_cap': 0.2, 'profit_threshold': 0.06, 'hard_stop_loss': 0.035, 'max_quantile_spread': 0.15, 'max_iv': 55.0, 'max_concurrent_trades': 10}",0.0,0.0,0.0,0.0,0.0,0,0.0,ok
confluence_sniper,"{'prob_threshold': 0.5, 'kelly_multiplier': 0.8, 'kelly_cap': 0.2, 'profit_threshold': 0.06, 'hard_stop_loss': 0.035, 'max_quantile_spread': 0.15, 'max_iv': 55.0, 'max_concurrent_trades': 5}",0.0,0.0,0.0,0.0,0.0,0,0.0,ok
confluence_sniper,"{'prob_threshold': 0.5, 'kelly_multiplier': 0.8, 'kelly_cap': 0.2, 'profit_threshold': 0.06, 'hard_stop_loss': 0.035, 'max_quantile_spread': 0.15, 'max_iv': 70.0, 'max_concurrent_trades': 5}",0.0,0.0,0.0,0.0,0.0,0,0.0,ok
confluence_sniper,"{'prob_threshold': 0.5, 'kelly_multiplier': 0.8, 'kelly_cap': 0.2, 'profit_threshold': 0.06, 'hard_stop_loss': 0.035, 'max_quantile_spread': 0.15, 'max_iv': 70.0, 'max_concurrent_trades': 10}",0.0,0.0,0.0,0.0,0.0,0,0.0,ok
confluence_sniper,"{'prob_threshold': 0.5, 'kelly_multiplier': 0.8, 'kelly_cap': 0.2, 'profit_threshold': 0.07, 'hard_stop_loss': 0.025, 'max_quantile_spread': 0.1, 'max_iv': 55.0, 'max_concurrent_trades': 5}",0.0,0.0,0.0,0.0,0.0,0,0.0,ok
confluence_sniper,"{'prob_threshold': 0.5, 'kelly_multiplier': 0.8, 'kelly_cap': 0.2, 'profit_threshold': 0.07, 'hard_stop_loss': 0.025, 'max_quantile_spread': 0.1, 'max_iv': 55.0, 'max_concurrent_trades': 10}",0.0,0.0,0.0,0.0,0.0,0,0.0,ok
confluence_sniper,"{'prob_threshold': 0.5, 'kelly_multiplier': 0.8, 'kelly_cap': 0.2, 'profit_threshold': 0.07, 'hard_stop_loss': 0.025, 'max_quantile_spread': 0.1, 'max_iv': 70.0, 'max_concurrent_trades': 5}",0.0,0.0,0.0,0.0,0.0,0,0.0,ok
confluence_sniper,"{'prob_threshold': 0.5, 'kelly_multiplier': 0.8, 'kelly_cap': 0.2, 'profit_threshold': 0.07, 'hard_stop_loss': 0.025, 'max_quantile_spread': 0.1, 'max_iv': 70.0, 'max_concurrent_trades': 10}",0.0,0.0,0.0,0.0,0.0,0,0.0,ok
confluence_sniper,"{'prob_threshold': 0.5, 'kelly_multiplier': 0.8, 'kelly_cap': 0.2, 'profit_threshold': 0.07, 'hard_stop_loss': 0.025, 'max_quantile_spread': 0.15, 'max_iv': 55.0, 'max_concurrent_trades': 5}",0.0,0.0,0.0,0.0,0.0,0,0.0,ok
confluence_sniper,"{'prob_threshold': 0.5, 'kelly_multiplier': 0.8, 'kelly_cap': 0.2, 'profit_threshold': 0.07, 'hard_stop_loss': 0.025, 'max_quantile_spread': 0.15, 'max_iv': 55.0, 'max_concurrent_trades': 10}",0.0,0.0,0.0,0.0,0.0,0,0.0,ok
confluence_sniper,"{'prob_threshold': 0.5, 'kelly_multiplier': 0.8, 'kelly_cap': 0.2, 'profit_threshold': 0.07, 'hard_stop_loss': 0.03, 'max_quantile_spread': 0.1, 'max_iv': 55.0, 'max_concurrent_trades': 5}",0.0,0.0,0.0,0.0,0.0,0,0.0,ok
confluence_sniper,"{'prob_threshold': 0.5, 'kelly_multiplier': 0.8, 'kelly_cap': 0.2, 'profit_threshold': 0.07, 'hard_stop_loss': 0.025, 'max_quantile_spread': 0.15, 'max_iv': 70.0, 'max_concurrent_trades': 5}",0.0,0.0,0.0,0.0,0.0,0,0.0,ok
confluence_sniper,"{'prob_threshold': 0.5, 'kelly_multiplier': 0.8, 'kelly_cap': 0.2, 'profit_threshold': 0.07, 'hard_stop_loss': 0.025, 'max_quantile_spread': 0.15, 'max_iv': 70.0, 'max_concurrent_trades': 10}",0.0,0.0,0.0,0.0,0.0,0,0.0,ok
confluence_sniper,"{'prob_threshold': 0.5, 'kelly_multiplier': 0.8, 'kelly_cap': 0.2, 'profit_threshold': 0.07, 'hard_stop_loss': 0.03, 'max_quantile_spread': 0.1, 'max_iv': 70.0, 'max_concurrent_trades': 5}",0.0,0.0,0.0,0.0,0.0,0,0.0,ok
confluence_sniper,"{'prob_threshold': 0.5, 'kelly_multiplier': 0.8, 'kelly_cap': 0.2, 'profit_threshold': 0.07, 'hard_stop_loss': 0.03, 'max_quantile_spread': 0.1, 'max_iv': 70.0, 'max_concurrent_trades': 10}",0.0,0.0,0.0,0.0,0.0,0,0.0,ok
confluence_sniper,"{'prob_threshold': 0.5, 'kelly_multiplier': 0.8, 'kelly_cap': 0.2, 'profit_threshold': 0.07, 'hard_stop_loss': 0.03, 'max_quantile_spread': 0.1, 'max_iv': 55.0, 'max_concurrent_trades': 10}",0.0,0.0,0.0,0.0,0.0,0,0.0,ok
confluence_sniper,"{'prob_threshold': 0.5, 'kelly_multiplier': 0.8, 'kelly_cap': 0.2, 'profit_threshold': 0.07, 'hard_stop_loss': 0.03, 'max_quantile_spread': 0.15, 'max_iv': 55.0, 'max_concurrent_trades': 5}",0.0,0.0,0.0,0.0,0.0,0,0.0,ok
confluence_sniper,"{'prob_threshold': 0.5, 'kelly_multiplier': 0.8, 'kelly_cap': 0.2, 'profit_threshold': 0.07, 'hard_stop_loss': 0.03, 'max_quantile_spread': 0.15, 'max_iv': 55.0, 'max_concurrent_trades': 10}",0.0,0.0,0.0,0.0,0.0,0,0.0,ok
confluence_sniper,"{'prob_threshold': 0.5, 'kelly_multiplier': 0.8, 'kelly_cap': 0.2, 'profit_threshold': 0.07, 'hard_stop_loss': 0.03, 'max_quantile_spread': 0.15, 'max_iv': 70.0, 'max_concurrent_trades': 10}",0.0,0.0,0.0,0.0,0.0,0,0.0,ok
confluence_sniper,"{'prob_threshold': 0.5, 'kelly_multiplier': 0.8, 'kelly_cap': 0.2, 'profit_threshold': 0.07, 'hard_stop_loss': 0.03, 'max_quantile_spread': 0.15, 'max_iv': 70.0, 'max_concurrent_trades': 5}",0.0,0.0,0.0,0.0,0.0,0,0.0,ok
confluence_sniper,"{'prob_threshold': 0.5, 'kelly_multiplier': 0.8, 'kelly_cap': 0.2, 'profit_threshold': 0.07, 'hard_stop_loss': 0.035, 'max_quantile_spread': 0.1, 'max_iv': 55.0, 'max_concurrent_trades': 5}",0.0,0.0,0.0,0.0,0.0,0,0.0,ok
confluence_sniper,"{'prob_threshold': 0.5, 'kelly_multiplier': 0.8, 'kelly_cap': 0.2, 'profit_threshold': 0.07, 'hard_stop_loss': 0.035, 'max_quantile_spread': 0.1, 'max_iv': 55.0, 'max_concurrent_trades': 10}",0.0,0.0,0.0,0.0,0.0,0,0.0,ok
confluence_sniper,"{'prob_threshold': 0.5, 'kelly_multiplier': 0.8, 'kelly_cap': 0.2, 'profit_threshold': 0.07, 'hard_stop_loss': 0.035, 'max_quantile_spread': 0.1, 'max_iv': 70.0, 'max_concurrent_trades': 5}",0.0,0.0,0.0,0.0,0.0,0,0.0,ok
confluence_sniper,"{'prob_threshold': 0.5, 'kelly_multiplier': 0.8, 'kelly_cap': 0.2, 'profit_threshold': 0.07, 'hard_stop_loss': 0.035, 'max_quantile_spread': 0.15, 'max_iv': 55.0, 'max_concurrent_trades': 5}",0.0,0.0,0.0,0.0,0.0,0,0.0,ok
confluence_sniper,"{'prob_threshold': 0.5, 'kelly_multiplier': 0.8, 'kelly_cap': 0.2, 'profit_threshold': 0.07, 'hard_stop_loss': 0.035, 'max_quantile_spread': 0.1, 'max_iv': 70.0, 'max_concurrent_trades': 10}",0.0,0.0,0.0,0.0,0.0,0,0.0,ok
confluence_sniper,"{'prob_threshold': 0.5, 'kelly_multiplier': 0.8, 'kelly_cap': 0.2, 'profit_threshold': 0.07, 'hard_stop_loss': 0.035, 'max_quantile_spread': 0.15, 'max_iv': 70.0, 'max_concurrent_trades': 5}",0.0,0.0,0.0,0.0,0.0,0,0.0,ok
confluence_sniper,"{'prob_threshold': 0.5, 'kelly_multiplier': 0.8, 'kelly_cap': 0.2, 'profit_threshold': 0.07, 'hard_stop_loss': 0.035, 'max_quantile_spread': 0.15, 'max_iv': 55.0, 'max_concurrent_trades': 10}",0.0,0.0,0.0,0.0,0.0,0,0.0,ok
confluence_sniper,"{'prob_threshold': 0.5, 'kelly_multiplier': 0.8, 'kelly_cap': 0.3, 'profit_threshold': 0.05, 'hard_stop_loss': 0.025, 'max_quantile_spread': 0.1, 'max_iv': 55.0, 'max_concurrent_trades': 5}",0.0,0.0,0.0,0.0,0.0,0,0.0,ok
confluence_sniper,"{'prob_threshold': 0.5, 'kelly_multiplier': 0.8, 'kelly_cap': 0.2, 'profit_threshold': 0.07, 'hard_stop_loss': 0.035, 'max_quantile_spread': 0.15, 'max_iv': 70.0, 'max_concurrent_trades': 10}",0.0,0.0,0.0,0.0,0.0,0,0.0,ok
confluence_sniper,"{'prob_threshold': 0.5, 'kelly_multiplier': 0.8, 'kelly_cap': 0.3, 'profit_threshold': 0.05, 'hard_stop_loss': 0.025, 'max_quantile_spread': 0.1, 'max_iv': 55.0, 'max_concurrent_trades': 10}",0.0,0.0,0.0,0.0,0.0,0,0.0,ok
confluence_sniper,"{'prob_threshold': 0.5, 'kelly_multiplier': 0.8, 'kelly_cap': 0.3, 'profit_threshold': 0.05, 'hard_stop_loss': 0.025, 'max_quantile_spread': 0.1, 'max_iv': 70.0, 'max_concurrent_trades': 10}",0.0,0.0,0.0,0.0,0.0,0,0.0,ok
confluence_sniper,"{'prob_threshold': 0.5, 'kelly_multiplier': 0.8, 'kelly_cap': 0.3, 'profit_threshold': 0.05, 'hard_stop_loss': 0.025, 'max_quantile_spread': 0.1, 'max_iv': 70.0, 'max_concurrent_trades': 5}",0.0,0.0,0.0,0.0,0.0,0,0.0,ok
confluence_sniper,"{'prob_threshold': 0.5, 'kelly_multiplier': 0.8, 'kelly_cap': 0.3, 'profit_threshold': 0.05, 'hard_stop_loss': 0.025, 'max_quantile_spread': 0.15, 'max_iv': 55.0, 'max_concurrent_trades': 5}",0.0,0.0,0.0,0.0,0.0,0,0.0,ok
confluence_sniper,"{'prob_threshold': 0.5, 'kelly_multiplier': 0.8, 'kelly_cap': 0.3, 'profit_threshold': 0.05, 'hard_stop_loss': 0.025, 'max_quantile_spread': 0.15, 'max_iv': 55.0, 'max_concurrent_trades': 10}",0.0,0.0,0.0,0.0,0.0,0,0.0,ok
confluence_sniper,"{'prob_threshold': 0.5, 'kelly_multiplier': 0.8, 'kelly_cap': 0.3, 'profit_threshold': 0.05, 'hard_stop_loss': 0.025, 'max_quantile_spread': 0.15, 'max_iv': 70.0, 'max_concurrent_trades': 5}",-0.4437,-0.0124,-0.9453,0.9453,0.0,1,0.0,ok
confluence_sniper,"{'prob_threshold': 0.5, 'kelly_multiplier': 0.8, 'kelly_cap': 0.3, 'profit_threshold': 0.05, 'hard_stop_loss': 0.025, 'max_quantile_spread': 0.15, 'max_iv': 70.0, 'max_concurrent_trades': 10}",-0.4437,-0.0124,-0.9453,0.9453,0.0,1,0.0,ok
confluence_sniper,"{'prob_threshold': 0.5, 'kelly_multiplier': 0.8, 'kelly_cap': 0.3, 'profit_threshold': 0.05, 'hard_stop_loss': 0.03, 'max_quantile_spread': 0.1, 'max_iv': 55.0, 'max_concurrent_trades': 5}",0.0,0.0,0.0,0.0,0.0,0,0.0,ok
confluence_sniper,"{'prob_threshold': 0.5, 'kelly_multiplier': 0.8, 'kelly_cap': 0.3, 'profit_threshold': 0.05, 'hard_stop_loss': 0.03, 'max_quantile_spread': 0.1, 'max_iv': 55.0, 'max_concurrent_trades': 10}",0.0,0.0,0.0,0.0,0.0,0,0.0,ok
confluence_sniper,"{'prob_threshold': 0.5, 'kelly_multiplier': 0.8, 'kelly_cap': 0.3, 'profit_threshold': 0.05, 'hard_stop_loss': 0.03, 'max_quantile_spread': 0.1, 'max_iv': 70.0, 'max_concurrent_trades': 10}",0.0,0.0,0.0,0.0,0.0,0,0.0,ok
confluence_sniper,"{'prob_threshold': 0.5, 'kelly_multiplier': 0.8, 'kelly_cap': 0.3, 'profit_threshold': 0.05, 'hard_stop_loss': 0.03, 'max_quantile_spread': 0.1, 'max_iv': 70.0, 'max_concurrent_trades': 5}",0.0,0.0,0.0,0.0,0.0,0,0.0,ok
confluence_sniper,"{'prob_threshold': 0.5, 'kelly_multiplier': 0.8, 'kelly_cap': 0.3, 'profit_threshold': 0.05, 'hard_stop_loss': 0.03, 'max_quantile_spread': 0.15, 'max_iv': 55.0, 'max_concurrent_trades': 10}",0.0,0.0,0.0,0.0,0.0,0,0.0,ok
confluence_sniper,"{'prob_threshold': 0.5, 'kelly_multiplier': 0.8, 'kelly_cap': 0.3, 'profit_threshold': 0.05, 'hard_stop_loss': 0.03, 'max_quantile_spread': 0.15, 'max_iv': 70.0, 'max_concurrent_trades': 5}",-0.4437,-0.0124,-0.8536,0.8536,0.0,1,0.0,ok
confluence_sniper,"{'prob_threshold': 0.5, 'kelly_multiplier': 0.8, 'kelly_cap': 0.3, 'profit_threshold': 0.05, 'hard_stop_loss': 0.03, 'max_quantile_spread': 0.15, 'max_iv': 55.0, 'max_concurrent_trades': 5}",0.0,0.0,0.0,0.0,0.0,0,0.0,ok
confluence_sniper,"{'prob_threshold': 0.5, 'kelly_multiplier': 0.8, 'kelly_cap': 0.3, 'profit_threshold': 0.05, 'hard_stop_loss': 0.035, 'max_quantile_spread': 0.1, 'max_iv': 55.0, 'max_concurrent_trades': 5}",0.0,0.0,0.0,0.0,0.0,0,0.0,ok
confluence_sniper,"{'prob_threshold': 0.5, 'kelly_multiplier': 0.8, 'kelly_cap': 0.3, 'profit_threshold': 0.05, 'hard_stop_loss': 0.03, 'max_quantile_spread': 0.15, 'max_iv': 70.0, 'max_concurrent_trades': 10}",-0.4437,-0.0124,-0.8536,0.8536,0.0,1,0.0,ok
confluence_sniper,"{'prob_threshold': 0.5, 'kelly_multiplier': 0.8, 'kelly_cap': 0.3, 'profit_threshold': 0.05, 'hard_stop_loss': 0.035, 'max_quantile_spread': 0.1, 'max_iv': 70.0, 'max_concurrent_trades': 5}",0.0,0.0,0.0,0.0,0.0,0,0.0,ok
confluence_sniper,"{'prob_threshold': 0.5, 'kelly_multiplier': 0.8, 'kelly_cap': 0.3, 'profit_threshold': 0.05, 'hard_stop_loss': 0.035, 'max_quantile_spread': 0.1, 'max_iv': 55.0, 'max_concurrent_trades': 10}",0.0,0.0,0.0,0.0,0.0,0,0.0,ok
confluence_sniper,"{'prob_threshold': 0.5, 'kelly_multiplier': 0.8, 'kelly_cap': 0.3, 'profit_threshold': 0.05, 'hard_stop_loss': 0.035, 'max_quantile_spread': 0.1, 'max_iv': 70.0, 'max_concurrent_trades': 10}",0.0,0.0,0.0,0.0,0.0,0,0.0,ok
confluence_sniper,"{'prob_threshold': 0.5, 'kelly_multiplier': 0.8, 'kelly_cap': 0.3, 'profit_threshold': 0.05, 'hard_stop_loss': 0.035, 'max_quantile_spread': 0.15, 'max_iv': 55.0, 'max_concurrent_trades': 5}",0.0,0.0,0.0,0.0,0.0,0,0.0,ok
confluence_sniper,"{'prob_threshold': 0.5, 'kelly_multiplier': 0.8, 'kelly_cap': 0.3, 'profit_threshold': 0.05, 'hard_stop_loss': 0.035, 'max_quantile_spread': 0.15, 'max_iv': 55.0, 'max_concurrent_trades': 10}",0.0,0.0,0.0,0.0,0.0,0,0.0,ok
confluence_sniper,"{'prob_threshold': 0.5, 'kelly_multiplier': 0.8, 'kelly_cap': 0.3, 'profit_threshold': 0.05, 'hard_stop_loss': 0.035, 'max_quantile_spread': 0.15, 'max_iv': 70.0, 'max_concurrent_trades': 5}",-0.4437,-0.0124,-0.7227,0.7227,0.0,1,0.0,ok
confluence_sniper,"{'prob_threshold': 0.5, 'kelly_multiplier': 0.8, 'kelly_cap': 0.3, 'profit_threshold': 0.05, 'hard_stop_loss': 0.035, 'max_quantile_spread': 0.15, 'max_iv': 70.0, 'max_concurrent_trades': 10}",-0.4437,-0.0124,-0.7227,0.7227,0.0,1,0.0,ok
confluence_sniper,"{'prob_threshold': 0.5, 'kelly_multiplier': 0.8, 'kelly_cap': 0.3, 'profit_threshold': 0.06, 'hard_stop_loss': 0.025, 'max_quantile_spread': 0.1, 'max_iv': 55.0, 'max_concurrent_trades': 10}",0.0,0.0,0.0,0.0,0.0,0,0.0,ok
confluence_sniper,"{'prob_threshold': 0.5, 'kelly_multiplier': 0.8, 'kelly_cap': 0.3, 'profit_threshold': 0.06, 'hard_stop_loss': 0.025, 'max_quantile_spread': 0.1, 'max_iv': 55.0, 'max_concurrent_trades': 5}",0.0,0.0,0.0,0.0,0.0,0,0.0,ok
confluence_sniper,"{'prob_threshold': 0.5, 'kelly_multiplier': 0.8, 'kelly_cap': 0.3, 'profit_threshold': 0.06, 'hard_stop_loss': 0.025, 'max_quantile_spread': 0.1, 'max_iv': 70.0, 'max_concurrent_trades': 10}",0.0,0.0,0.0,0.0,0.0,0,0.0,ok
confluence_sniper,"{'prob_threshold': 0.5, 'kelly_multiplier': 0.8, 'kelly_cap': 0.3, 'profit_threshold': 0.06, 'hard_stop_loss': 0.025, 'max_quantile_spread': 0.1, 'max_iv': 70.0, 'max_concurrent_trades': 5}",0.0,0.0,0.0,0.0,0.0,0,0.0,ok
confluence_sniper,"{'prob_threshold': 0.5, 'kelly_multiplier': 0.8, 'kelly_cap': 0.3, 'profit_threshold': 0.06, 'hard_stop_loss': 0.025, 'max_quantile_spread': 0.15, 'max_iv': 70.0, 'max_concurrent_trades': 5}",0.0,0.0,0.0,0.0,0.0,0,0.0,ok
confluence_sniper,"{'prob_threshold': 0.5, 'kelly_multiplier': 0.8, 'kelly_cap': 0.3, 'profit_threshold': 0.06, 'hard_stop_loss': 0.025, 'max_quantile_spread': 0.15, 'max_iv': 55.0, 'max_concurrent_trades': 10}",0.0,0.0,0.0,0.0,0.0,0,0.0,ok
confluence_sniper,"{'prob_threshold': 0.5, 'kelly_multiplier': 0.8, 'kelly_cap': 0.3, 'profit_threshold': 0.06, 'hard_stop_loss': 0.025, 'max_quantile_spread': 0.15, 'max_iv': 55.0, 'max_concurrent_trades': 5}",0.0,0.0,0.0,0.0,0.0,0,0.0,ok
confluence_sniper,"{'prob_threshold': 0.5, 'kelly_multiplier': 0.8, 'kelly_cap': 0.3, 'profit_threshold': 0.06, 'hard_stop_loss': 0.025, 'max_quantile_spread': 0.15, 'max_iv': 70.0, 'max_concurrent_trades': 10}",0.0,0.0,0.0,0.0,0.0,0,0.0,ok
confluence_sniper,"{'prob_threshold': 0.5, 'kelly_multiplier': 0.8, 'kelly_cap': 0.3, 'profit_threshold': 0.06, 'hard_stop_loss': 0.03, 'max_quantile_spread': 0.1, 'max_iv': 55.0, 'max_concurrent_trades': 5}",0.0,0.0,0.0,0.0,0.0,0,0.0,ok
confluence_sniper,"{'prob_threshold': 0.5, 'kelly_multiplier': 0.8, 'kelly_cap': 0.3, 'profit_threshold': 0.06, 'hard_stop_loss': 0.03, 'max_quantile_spread': 0.1, 'max_iv': 55.0, 'max_concurrent_trades': 10}",0.0,0.0,0.0,0.0,0.0,0,0.0,ok
confluence_sniper,"{'prob_threshold': 0.5, 'kelly_multiplier': 0.8, 'kelly_cap': 0.3, 'profit_threshold': 0.06, 'hard_stop_loss': 0.03, 'max_quantile_spread': 0.1, 'max_iv': 70.0, 'max_concurrent_trades': 5}",0.0,0.0,0.0,0.0,0.0,0,0.0,ok
confluence_sniper,"{'prob_threshold': 0.5, 'kelly_multiplier': 0.8, 'kelly_cap': 0.3, 'profit_threshold': 0.06, 'hard_stop_loss': 0.03, 'max_quantile_spread': 0.1, 'max_iv': 70.0, 'max_concurrent_trades': 10}",0.0,0.0,0.0,0.0,0.0,0,0.0,ok
confluence_sniper,"{'prob_threshold': 0.5, 'kelly_multiplier': 0.8, 'kelly_cap': 0.3, 'profit_threshold': 0.06, 'hard_stop_loss': 0.03, 'max_quantile_spread': 0.15, 'max_iv': 55.0, 'max_concurrent_trades': 5}",0.0,0.0,0.0,0.0,0.0,0,0.0,ok
confluence_sniper,"{'prob_threshold': 0.5, 'kelly_multiplier': 0.8, 'kelly_cap': 0.3, 'profit_threshold': 0.06, 'hard_stop_loss': 0.03, 'max_quantile_spread': 0.15, 'max_iv': 70.0, 'max_concurrent_trades': 5}",0.0,0.0,0.0,0.0,0.0,0,0.0,ok
confluence_sniper,"{'prob_threshold': 0.5, 'kelly_multiplier': 0.8, 'kelly_cap': 0.3, 'profit_threshold': 0.06, 'hard_stop_loss': 0.03, 'max_quantile_spread': 0.15, 'max_iv': 55.0, 'max_concurrent_trades': 10}",0.0,0.0,0.0,0.0,0.0,0,0.0,ok
confluence_sniper,"{'prob_threshold': 0.5, 'kelly_multiplier': 0.8, 'kelly_cap': 0.3, 'profit_threshold': 0.06, 'hard_stop_loss': 0.035, 'max_quantile_spread': 0.1, 'max_iv': 55.0, 'max_concurrent_trades': 5}",0.0,0.0,0.0,0.0,0.0,0,0.0,ok
confluence_sniper,"{'prob_threshold': 0.5, 'kelly_multiplier': 0.8, 'kelly_cap': 0.3, 'profit_threshold': 0.06, 'hard_stop_loss': 0.035, 'max_quantile_spread': 0.1, 'max_iv': 55.0, 'max_concurrent_trades': 10}",0.0,0.0,0.0,0.0,0.0,0,0.0,ok
confluence_sniper,"{'prob_threshold': 0.5, 'kelly_multiplier': 0.8, 'kelly_cap': 0.3, 'profit_threshold': 0.06, 'hard_stop_loss': 0.03, 'max_quantile_spread': 0.15, 'max_iv': 70.0, 'max_concurrent_trades': 10}",0.0,0.0,0.0,0.0,0.0,0,0.0,ok
confluence_sniper,"{'prob_threshold': 0.3, 'kelly_multiplier': 0.6, 'kelly_cap': 0.3, 'profit_threshold': 0.07, 'hard_stop_loss': 0.035, 'max_quantile_spread': 0.15, 'max_iv': 55.0, 'max_concurrent_trades': 5}",0.0,0.0,0.0,0.0,0.0,0,0.0,ok
confluence_sniper,"{'prob_threshold': 0.5, 'kelly_multiplier': 0.8, 'kelly_cap': 0.3, 'profit_threshold': 0.06, 'hard_stop_loss': 0.035, 'max_quantile_spread': 0.1, 'max_iv': 70.0, 'max_concurrent_trades': 10}",0.0,0.0,0.0,0.0,0.0,0,0.0,ok
confluence_sniper,"{'prob_threshold': 0.5, 'kelly_multiplier': 0.8, 'kelly_cap': 0.3, 'profit_threshold': 0.06, 'hard_stop_loss': 0.035, 'max_quantile_spread': 0.1, 'max_iv': 70.0, 'max_concurrent_trades': 5}",0.0,0.0,0.0,0.0,0.0,0,0.0,ok
confluence_sniper,"{'prob_threshold': 0.5, 'kelly_multiplier': 0.8, 'kelly_cap': 0.3, 'profit_threshold': 0.06, 'hard_stop_loss': 0.035, 'max_quantile_spread': 0.15, 'max_iv': 55.0, 'max_concurrent_trades': 10}",0.0,0.0,0.0,0.0,0.0,0,0.0,ok
confluence_sniper,"{'prob_threshold': 0.5, 'kelly_multiplier': 0.8, 'kelly_cap': 0.3, 'profit_threshold': 0.06, 'hard_stop_loss': 0.035, 'max_quantile_spread': 0.15, 'max_iv': 55.0, 'max_concurrent_trades': 5}",0.0,0.0,0.0,0.0,0.0,0,0.0,ok
confluence_sniper,"{'prob_threshold': 0.5, 'kelly_multiplier': 0.8, 'kelly_cap': 0.3, 'profit_threshold': 0.06, 'hard_stop_loss': 0.035, 'max_quantile_spread': 0.15, 'max_iv': 70.0, 'max_concurrent_trades': 5}",0.0,0.0,0.0,0.0,0.0,0,0.0,ok
confluence_sniper,"{'prob_threshold': 0.5, 'kelly_multiplier': 0.8, 'kelly_cap': 0.3, 'profit_threshold': 0.06, 'hard_stop_loss': 0.035, 'max_quantile_spread': 0.15, 'max_iv': 70.0, 'max_concurrent_trades': 10}",0.0,0.0,0.0,0.0,0.0,0,0.0,ok
confluence_sniper,"{'prob_threshold': 0.5, 'kelly_multiplier': 0.8, 'kelly_cap': 0.3, 'profit_threshold': 0.07, 'hard_stop_loss': 0.025, 'max_quantile_spread': 0.1, 'max_iv': 55.0, 'max_concurrent_trades': 10}",0.0,0.0,0.0,0.0,0.0,0,0.0,ok
confluence_sniper,"{'prob_threshold': 0.5, 'kelly_multiplier': 0.8, 'kelly_cap': 0.3, 'profit_threshold': 0.07, 'hard_stop_loss': 0.025, 'max_quantile_spread': 0.1, 'max_iv': 70.0, 'max_concurrent_trades': 5}",0.0,0.0,0.0,0.0,0.0,0,0.0,ok
confluence_sniper,"{'prob_threshold': 0.5, 'kelly_multiplier': 0.8, 'kelly_cap': 0.3, 'profit_threshold': 0.07, 'hard_stop_loss': 0.025, 'max_quantile_spread': 0.1, 'max_iv': 70.0, 'max_concurrent_trades': 10}",0.0,0.0,0.0,0.0,0.0,0,0.0,ok
confluence_sniper,"{'prob_threshold': 0.5, 'kelly_multiplier': 0.8, 'kelly_cap': 0.3, 'profit_threshold': 0.07, 'hard_stop_loss': 0.025, 'max_quantile_spread': 0.15, 'max_iv': 55.0, 'max_concurrent_trades': 10}",0.0,0.0,0.0,0.0,0.0,0,0.0,ok
confluence_sniper,"{'prob_threshold': 0.5, 'kelly_multiplier': 0.8, 'kelly_cap': 0.3, 'profit_threshold': 0.07, 'hard_stop_loss': 0.025, 'max_quantile_spread': 0.15, 'max_iv': 55.0, 'max_concurrent_trades': 5}",0.0,0.0,0.0,0.0,0.0,0,0.0,ok
confluence_sniper,"{'prob_threshold': 0.5, 'kelly_multiplier': 0.8, 'kelly_cap': 0.3, 'profit_threshold': 0.07, 'hard_stop_loss': 0.025, 'max_quantile_spread': 0.15, 'max_iv': 70.0, 'max_concurrent_trades': 5}",0.0,0.0,0.0,0.0,0.0,0,0.0,ok
confluence_sniper,"{'prob_threshold': 0.5, 'kelly_multiplier': 0.8, 'kelly_cap': 0.3, 'profit_threshold': 0.07, 'hard_stop_loss': 0.025, 'max_quantile_spread': 0.15, 'max_iv': 70.0, 'max_concurrent_trades': 10}",0.0,0.0,0.0,0.0,0.0,0,0.0,ok
confluence_sniper,"{'prob_threshold': 0.5, 'kelly_multiplier': 0.8, 'kelly_cap': 0.3, 'profit_threshold': 0.07, 'hard_stop_loss': 0.03, 'max_quantile_spread': 0.1, 'max_iv': 55.0, 'max_concurrent_trades': 10}",0.0,0.0,0.0,0.0,0.0,0,0.0,ok
confluence_sniper,"{'prob_threshold': 0.5, 'kelly_multiplier': 0.8, 'kelly_cap': 0.3, 'profit_threshold': 0.07, 'hard_stop_loss': 0.03, 'max_quantile_spread': 0.1, 'max_iv': 70.0, 'max_concurrent_trades': 5}",0.0,0.0,0.0,0.0,0.0,0,0.0,ok
confluence_sniper,"{'prob_threshold': 0.5, 'kelly_multiplier': 0.8, 'kelly_cap': 0.3, 'profit_threshold': 0.07, 'hard_stop_loss': 0.03, 'max_quantile_spread': 0.1, 'max_iv': 55.0, 'max_concurrent_trades': 5}",0.0,0.0,0.0,0.0,0.0,0,0.0,ok
confluence_sniper,"{'prob_threshold': 0.5, 'kelly_multiplier': 0.8, 'kelly_cap': 0.3, 'profit_threshold': 0.07, 'hard_stop_loss': 0.03, 'max_quantile_spread': 0.1, 'max_iv': 70.0, 'max_concurrent_trades': 10}",0.0,0.0,0.0,0.0,0.0,0,0.0,ok
confluence_sniper,"{'prob_threshold': 0.5, 'kelly_multiplier': 0.8, 'kelly_cap': 0.3, 'profit_threshold': 0.07, 'hard_stop_loss': 0.03, 'max_quantile_spread': 0.15, 'max_iv': 55.0, 'max_concurrent_trades': 10}",0.0,0.0,0.0,0.0,0.0,0,0.0,ok
confluence_sniper,"{'prob_threshold': 0.5, 'kelly_multiplier': 0.8, 'kelly_cap': 0.3, 'profit_threshold': 0.07, 'hard_stop_loss': 0.03, 'max_quantile_spread': 0.15, 'max_iv': 55.0, 'max_concurrent_trades': 5}",0.0,0.0,0.0,0.0,0.0,0,0.0,ok
confluence_sniper,"{'prob_threshold': 0.5, 'kelly_multiplier': 0.8, 'kelly_cap': 0.3, 'profit_threshold': 0.07, 'hard_stop_loss': 0.03, 'max_quantile_spread': 0.15, 'max_iv': 70.0, 'max_concurrent_trades': 5}",0.0,0.0,0.0,0.0,0.0,0,0.0,ok
confluence_sniper,"{'prob_threshold': 0.5, 'kelly_multiplier': 0.8, 'kelly_cap': 0.3, 'profit_threshold': 0.07, 'hard_stop_loss': 0.03, 'max_quantile_spread': 0.15, 'max_iv': 70.0, 'max_concurrent_trades': 10}",0.0,0.0,0.0,0.0,0.0,0,0.0,ok
confluence_sniper,"{'prob_threshold': 0.5, 'kelly_multiplier': 0.8, 'kelly_cap': 0.3, 'profit_threshold': 0.07, 'hard_stop_loss': 0.035, 'max_quantile_spread': 0.1, 'max_iv': 55.0, 'max_concurrent_trades': 5}",0.0,0.0,0.0,0.0,0.0,0,0.0,ok
confluence_sniper,"{'prob_threshold': 0.5, 'kelly_multiplier': 0.8, 'kelly_cap': 0.3, 'profit_threshold': 0.07, 'hard_stop_loss': 0.035, 'max_quantile_spread': 0.1, 'max_iv': 70.0, 'max_concurrent_trades': 5}",0.0,0.0,0.0,0.0,0.0,0,0.0,ok
confluence_sniper,"{'prob_threshold': 0.5, 'kelly_multiplier': 0.8, 'kelly_cap': 0.3, 'profit_threshold': 0.07, 'hard_stop_loss': 0.035, 'max_quantile_spread': 0.1, 'max_iv': 55.0, 'max_concurrent_trades': 10}",0.0,0.0,0.0,0.0,0.0,0,0.0,ok
confluence_sniper,"{'prob_threshold': 0.5, 'kelly_multiplier': 0.8, 'kelly_cap': 0.3, 'profit_threshold': 0.07, 'hard_stop_loss': 0.035, 'max_quantile_spread': 0.15, 'max_iv': 55.0, 'max_concurrent_trades': 5}",0.0,0.0,0.0,0.0,0.0,0,0.0,ok
confluence_sniper,"{'prob_threshold': 0.5, 'kelly_multiplier': 0.8, 'kelly_cap': 0.3, 'profit_threshold': 0.07, 'hard_stop_loss': 0.035, 'max_quantile_spread': 0.1, 'max_iv': 70.0, 'max_concurrent_trades': 10}",0.0,0.0,0.0,0.0,0.0,0,0.0,ok
confluence_sniper,"{'prob_threshold': 0.5, 'kelly_multiplier': 0.8, 'kelly_cap': 0.3, 'profit_threshold': 0.07, 'hard_stop_loss': 0.035, 'max_quantile_spread': 0.15, 'max_iv': 55.0, 'max_concurrent_trades': 10}",0.0,0.0,0.0,0.0,0.0,0,0.0,ok
confluence_sniper,"{'prob_threshold': 0.5, 'kelly_multiplier': 0.8, 'kelly_cap': 0.3, 'profit_threshold': 0.07, 'hard_stop_loss': 0.035, 'max_quantile_spread': 0.15, 'max_iv': 70.0, 'max_concurrent_trades': 5}",0.0,0.0,0.0,0.0,0.0,0,0.0,ok
confluence_sniper,"{'prob_threshold': 0.5, 'kelly_multiplier': 0.8, 'kelly_cap': 0.3, 'profit_threshold': 0.07, 'hard_stop_loss': 0.035, 'max_quantile_spread': 0.15, 'max_iv': 70.0, 'max_concurrent_trades': 10}",0.0,0.0,0.0,0.0,0.0,0,0.0,ok
confluence_sniper,"{'prob_threshold': 0.3, 'kelly_multiplier': 0.6, 'kelly_cap': 0.3, 'profit_threshold': 0.07, 'hard_stop_loss': 0.035, 'max_quantile_spread': 0.1, 'max_iv': 70.0, 'max_concurrent_trades': 5}",0.0,0.0,0.0,0.0,0.0,0,0.0,ok
confluence_sniper,"{'prob_threshold': 0.5, 'kelly_multiplier': 0.8, 'kelly_cap': 0.3, 'profit_threshold': 0.07, 'hard_stop_loss': 0.025, 'max_quantile_spread': 0.1, 'max_iv': 55.0, 'max_concurrent_trades': 5}",0.0,0.0,0.0,0.0,0.0,0,0.0,ok
