phase,strategy,params,ok,error,sharpe,sortino,win_rate,max_drawdown,total_return,cagr,profit_factor,total_trades,trade_days,elapsed_sec
phase1_sweep_80pct,standard,"{""hard_stop_loss"": 0.0, ""kelly_cap"": 0.15, ""kelly_multiplier"": 0.3, ""max_concurrent_trades"": 7, ""prob_threshold"": 0.4, ""stop_lambda"": 2.0}",True,,0.0,0.0,0.0,0.0,0.0,0.0,0.0,0,0,1036.4
phase1_sweep_80pct,standard,"{""hard_stop_loss"": 0.0, ""kelly_cap"": 0.15, ""kelly_multiplier"": 0.3, ""max_concurrent_trades"": 7, ""prob_threshold"": 0.4, ""stop_lambda"": 1.5}",True,,0.0,0.0,0.0,0.0,0.0,0.0,0.0,0,0,1066.6
phase1_sweep_80pct,standard,"{""hard_stop_loss"": 0.0, ""kelly_cap"": 0.15, ""kelly_multiplier"": 0.3, ""max_concurrent_trades"": 5, ""prob_threshold"": 0.4, ""stop_lambda"": 2.0}",True,,0.0,0.0,0.0,0.0,0.0,0.0,0.0,0,0,1073.0
phase1_sweep_80pct,standard,"{""hard_stop_loss"": 0.0, ""kelly_cap"": 0.15, ""kelly_multiplier"": 0.3, ""max_concurrent_trades"": 5, ""prob_threshold"": 0.4, ""stop_lambda"": 1.5}",True,,0.0,0.0,0.0,0.0,0.0,0.0,0.0,0,0,1080.5
phase1_sweep_80pct,standard,"{""hard_stop_loss"": 0.0, ""kelly_cap"": 0.15, ""kelly_multiplier"": 0.3, ""max_concurrent_trades"": 10, ""prob_threshold"": 0.4, ""stop_lambda"": 1.5}",True,,0.0,0.0,0.0,0.0,0.0,0.0,0.0,0,0,1084.0
phase1_sweep_80pct,standard,"{""hard_stop_loss"": 0.0, ""kelly_cap"": 0.15, ""kelly_multiplier"": 0.3, ""max_concurrent_trades"": 5, ""prob_threshold"": 0.4, ""stop_lambda"": 1.0}",True,,0.0,0.0,0.0,0.0,0.0,0.0,0.0,0,0,1084.9
phase1_sweep_80pct,standard,"{""hard_stop_loss"": 0.0, ""kelly_cap"": 0.15, ""kelly_multiplier"": 0.3, ""max_concurrent_trades"": 10, ""prob_threshold"": 0.4, ""stop_lambda"": 1.0}",True,,0.0,0.0,0.0,0.0,0.0,0.0,0.0,0,0,1085.6
phase1_sweep_80pct,standard,"{""hard_stop_loss"": 0.0, ""kelly_cap"": 0.15, ""kelly_multiplier"": 0.3, ""max_concurrent_trades"": 7, ""prob_threshold"": 0.4, ""stop_lambda"": 1.0}",True,,0.0,0.0,0.0,0.0,0.0,0.0,0.0,0,0,1085.9
phase1_sweep_80pct,standard,"{""hard_stop_loss"": 0.07, ""kelly_cap"": 0.15, ""kelly_multiplier"": 0.3, ""max_concurrent_trades"": 7, ""prob_threshold"": 0.4, ""stop_lambda"": 1.0}",True,,0.0,0.0,0.0,0.0,0.0,0.0,0.0,0,0,1088.4
phase1_sweep_80pct,standard,"{""hard_stop_loss"": 0.07, ""kelly_cap"": 0.15, ""kelly_multiplier"": 0.3, ""max_concurrent_trades"": 7, ""prob_threshold"": 0.4, ""stop_lambda"": 2.0}",True,,0.0,0.0,0.0,0.0,0.0,0.0,0.0,0,0,1090.2
phase1_sweep_80pct,standard,"{""hard_stop_loss"": 0.07, ""kelly_cap"": 0.15, ""kelly_multiplier"": 0.3, ""max_concurrent_trades"": 10, ""prob_threshold"": 0.4, ""stop_lambda"": 2.0}",True,,0.0,0.0,0.0,0.0,0.0,0.0,0.0,0,0,1091.9
phase1_sweep_80pct,standard,"{""hard_stop_loss"": 0.07, ""kelly_cap"": 0.15, ""kelly_multiplier"": 0.3, ""max_concurrent_trades"": 10, ""prob_threshold"": 0.4, ""stop_lambda"": 1.0}",True,,0.0,0.0,0.0,0.0,0.0,0.0,0.0,0,0,1092.4
phase1_sweep_80pct,standard,"{""hard_stop_loss"": 0.15, ""kelly_cap"": 0.15, ""kelly_multiplier"": 0.3, ""max_concurrent_trades"": 5, ""prob_threshold"": 0.4, ""stop_lambda"": 1.0}",True,,0.0,0.0,0.0,0.0,0.0,0.0,0.0,0,0,1093.7
phase1_sweep_80pct,standard,"{""hard_stop_loss"": 0.15, ""kelly_cap"": 0.15, ""kelly_multiplier"": 0.3, ""max_concurrent_trades"": 7, ""prob_threshold"": 0.4, ""stop_lambda"": 1.0}",True,,0.0,0.0,0.0,0.0,0.0,0.0,0.0,0,0,1093.9
phase1_sweep_80pct,standard,"{""hard_stop_loss"": 0.15, ""kelly_cap"": 0.15, ""kelly_multiplier"": 0.3, ""max_concurrent_trades"": 5, ""prob_threshold"": 0.4, ""stop_lambda"": 1.5}",True,,0.0,0.0,0.0,0.0,0.0,0.0,0.0,0,0,1095.3
phase1_sweep_80pct,standard,"{""hard_stop_loss"": 0.15, ""kelly_cap"": 0.15, ""kelly_multiplier"": 0.3, ""max_concurrent_trades"": 10, ""prob_threshold"": 0.4, ""stop_lambda"": 1.0}",True,,0.0,0.0,0.0,0.0,0.0,0.0,0.0,0,0,1095.5
phase1_sweep_80pct,standard,"{""hard_stop_loss"": 0.15, ""kelly_cap"": 0.15, ""kelly_multiplier"": 0.3, ""max_concurrent_trades"": 7, ""prob_threshold"": 0.4, ""stop_lambda"": 1.5}",True,,0.0,0.0,0.0,0.0,0.0,0.0,0.0,0,0,1096.8
phase1_sweep_80pct,standard,"{""hard_stop_loss"": 0.07, ""kelly_cap"": 0.15, ""kelly_multiplier"": 0.3, ""max_concurrent_trades"": 7, ""prob_threshold"": 0.4, ""stop_lambda"": 1.5}",True,,0.0,0.0,0.0,0.0,0.0,0.0,0.0,0,0,1096.9
phase1_sweep_80pct,standard,"{""hard_stop_loss"": 0.15, ""kelly_cap"": 0.15, ""kelly_multiplier"": 0.3, ""max_concurrent_trades"": 10, ""prob_threshold"": 0.4, ""stop_lambda"": 1.5}",True,,0.0,0.0,0.0,0.0,0.0,0.0,0.0,0,0,1097.3
phase1_sweep_80pct,standard,"{""hard_stop_loss"": 0.07, ""kelly_cap"": 0.15, ""kelly_multiplier"": 0.3, ""max_concurrent_trades"": 10, ""prob_threshold"": 0.4, ""stop_lambda"": 1.5}",True,,0.0,0.0,0.0,0.0,0.0,0.0,0.0,0,0,1097.4
phase1_sweep_80pct,standard,"{""hard_stop_loss"": 0.07, ""kelly_cap"": 0.15, ""kelly_multiplier"": 0.3, ""max_concurrent_trades"": 5, ""prob_threshold"": 0.4, ""stop_lambda"": 2.0}",True,,0.0,0.0,0.0,0.0,0.0,0.0,0.0,0,0,1097.8
phase1_sweep_80pct,standard,"{""hard_stop_loss"": 0.15, ""kelly_cap"": 0.15, ""kelly_multiplier"": 0.3, ""max_concurrent_trades"": 5, ""prob_threshold"": 0.4, ""stop_lambda"": 2.0}",True,,0.0,0.0,0.0,0.0,0.0,0.0,0.0,0,0,1098.2
phase1_sweep_80pct,standard,"{""hard_stop_loss"": 0.15, ""kelly_cap"": 0.15, ""kelly_multiplier"": 0.3, ""max_concurrent_trades"": 7, ""prob_threshold"": 0.4, ""stop_lambda"": 2.0}",True,,0.0,0.0,0.0,0.0,0.0,0.0,0.0,0,0,1098.3
phase1_sweep_80pct,standard,"{""hard_stop_loss"": 0.25, ""kelly_cap"": 0.15, ""kelly_multiplier"": 0.3, ""max_concurrent_trades"": 5, ""prob_threshold"": 0.4, ""stop_lambda"": 1.0}",True,,0.0,0.0,0.0,0.0,0.0,0.0,0.0,0,0,1098.8
phase1_sweep_80pct,standard,"{""hard_stop_loss"": 0.15, ""kelly_cap"": 0.15, ""kelly_multiplier"": 0.3, ""max_concurrent_trades"": 10, ""prob_threshold"": 0.4, ""stop_lambda"": 2.0}",True,,0.0,0.0,0.0,0.0,0.0,0.0,0.0,0,0,1099.0
phase1_sweep_80pct,standard,"{""hard_stop_loss"": 0.25, ""kelly_cap"": 0.15, ""kelly_multiplier"": 0.3, ""max_concurrent_trades"": 7, ""prob_threshold"": 0.4, ""stop_lambda"": 1.0}",True,,0.0,0.0,0.0,0.0,0.0,0.0,0.0,0,0,1099.2
phase1_sweep_80pct,standard,"{""hard_stop_loss"": 0.07, ""kelly_cap"": 0.15, ""kelly_multiplier"": 0.3, ""max_concurrent_trades"": 5, ""prob_threshold"": 0.4, ""stop_lambda"": 1.5}",True,,0.0,0.0,0.0,0.0,0.0,0.0,0.0,0,0,1099.4
phase1_sweep_80pct,standard,"{""hard_stop_loss"": 0.25, ""kelly_cap"": 0.15, ""kelly_multiplier"": 0.3, ""max_concurrent_trades"": 10, ""prob_threshold"": 0.4, ""stop_lambda"": 1.0}",True,,0.0,0.0,0.0,0.0,0.0,0.0,0.0,0,0,1099.6
phase1_sweep_80pct,standard,"{""hard_stop_loss"": 0.25, ""kelly_cap"": 0.15, ""kelly_multiplier"": 0.3, ""max_concurrent_trades"": 5, ""prob_threshold"": 0.4, ""stop_lambda"": 1.5}",True,,0.0,0.0,0.0,0.0,0.0,0.0,0.0,0,0,1099.7
phase1_sweep_80pct,standard,"{""hard_stop_loss"": 0.25, ""kelly_cap"": 0.15, ""kelly_multiplier"": 0.3, ""max_concurrent_trades"": 7, ""prob_threshold"": 0.4, ""stop_lambda"": 1.5}",True,,0.0,0.0,0.0,0.0,0.0,0.0,0.0,0,0,1100.2
phase1_sweep_80pct,standard,"{""hard_stop_loss"": 0.25, ""kelly_cap"": 0.15, ""kelly_multiplier"": 0.3, ""max_concurrent_trades"": 5, ""prob_threshold"": 0.4, ""stop_lambda"": 2.0}",True,,0.0,0.0,0.0,0.0,0.0,0.0,0.0,0,0,1100.6
phase1_sweep_80pct,standard,"{""hard_stop_loss"": 0.25, ""kelly_cap"": 0.15, ""kelly_multiplier"": 0.3, ""max_concurrent_trades"": 10, ""prob_threshold"": 0.4, ""stop_lambda"": 1.5}",True,,0.0,0.0,0.0,0.0,0.0,0.0,0.0,0,0,1100.8
phase1_sweep_80pct,standard,"{""hard_stop_loss"": 0.25, ""kelly_cap"": 0.15, ""kelly_multiplier"": 0.3, ""max_concurrent_trades"": 10, ""prob_threshold"": 0.4, ""stop_lambda"": 2.0}",True,,0.0,0.0,0.0,0.0,0.0,0.0,0.0,0,0,1101.1
phase1_sweep_80pct,standard,"{""hard_stop_loss"": 0.35, ""kelly_cap"": 0.15, ""kelly_multiplier"": 0.3, ""max_concurrent_trades"": 5, ""prob_threshold"": 0.4, ""stop_lambda"": 1.0}",True,,0.0,0.0,0.0,0.0,0.0,0.0,0.0,0,0,1101.1
phase1_sweep_80pct,standard,"{""hard_stop_loss"": 0.25, ""kelly_cap"": 0.15, ""kelly_multiplier"": 0.3, ""max_concurrent_trades"": 7, ""prob_threshold"": 0.4, ""stop_lambda"": 2.0}",True,,0.0,0.0,0.0,0.0,0.0,0.0,0.0,0,0,1101.2
phase1_sweep_80pct,standard,"{""hard_stop_loss"": 0.35, ""kelly_cap"": 0.15, ""kelly_multiplier"": 0.3, ""max_concurrent_trades"": 7, ""prob_threshold"": 0.4, ""stop_lambda"": 1.0}",True,,0.0,0.0,0.0,0.0,0.0,0.0,0.0,0,0,1101.6
phase1_sweep_80pct,standard,"{""hard_stop_loss"": 0.35, ""kelly_cap"": 0.15, ""kelly_multiplier"": 0.3, ""max_concurrent_trades"": 10, ""prob_threshold"": 0.4, ""stop_lambda"": 1.0}",True,,0.0,0.0,0.0,0.0,0.0,0.0,0.0,0,0,1102.0
phase1_sweep_80pct,standard,"{""hard_stop_loss"": 0.35, ""kelly_cap"": 0.15, ""kelly_multiplier"": 0.3, ""max_concurrent_trades"": 7, ""prob_threshold"": 0.4, ""stop_lambda"": 1.5}",True,,0.0,0.0,0.0,0.0,0.0,0.0,0.0,0,0,1102.5
phase1_sweep_80pct,standard,"{""hard_stop_loss"": 0.35, ""kelly_cap"": 0.15, ""kelly_multiplier"": 0.3, ""max_concurrent_trades"": 10, ""prob_threshold"": 0.4, ""stop_lambda"": 1.5}",True,,0.0,0.0,0.0,0.0,0.0,0.0,0.0,0,0,1102.5
phase1_sweep_80pct,standard,"{""hard_stop_loss"": 0.35, ""kelly_cap"": 0.15, ""kelly_multiplier"": 0.3, ""max_concurrent_trades"": 5, ""prob_threshold"": 0.4, ""stop_lambda"": 1.5}",True,,0.0,0.0,0.0,0.0,0.0,0.0,0.0,0,0,1102.5
phase1_sweep_80pct,standard,"{""hard_stop_loss"": 0.35, ""kelly_cap"": 0.15, ""kelly_multiplier"": 0.3, ""max_concurrent_trades"": 5, ""prob_threshold"": 0.4, ""stop_lambda"": 2.0}",True,,0.0,0.0,0.0,0.0,0.0,0.0,0.0,0,0,1103.0
phase1_sweep_80pct,standard,"{""hard_stop_loss"": 0.35, ""kelly_cap"": 0.15, ""kelly_multiplier"": 0.3, ""max_concurrent_trades"": 7, ""prob_threshold"": 0.4, ""stop_lambda"": 2.0}",True,,0.0,0.0,0.0,0.0,0.0,0.0,0.0,0,0,1103.1
phase1_sweep_80pct,standard,"{""hard_stop_loss"": 0.35, ""kelly_cap"": 0.15, ""kelly_multiplier"": 0.3, ""max_concurrent_trades"": 10, ""prob_threshold"": 0.4, ""stop_lambda"": 2.0}",True,,0.0,0.0,0.0,0.0,0.0,0.0,0.0,0,0,1103.4
phase1_sweep_80pct,standard,"{""hard_stop_loss"": 0.45, ""kelly_cap"": 0.15, ""kelly_multiplier"": 0.3, ""max_concurrent_trades"": 5, ""prob_threshold"": 0.4, ""stop_lambda"": 1.0}",True,,0.0,0.0,0.0,0.0,0.0,0.0,0.0,0,0,1103.9
phase1_sweep_80pct,standard,"{""hard_stop_loss"": 0.45, ""kelly_cap"": 0.15, ""kelly_multiplier"": 0.3, ""max_concurrent_trades"": 7, ""prob_threshold"": 0.4, ""stop_lambda"": 1.0}",True,,0.0,0.0,0.0,0.0,0.0,0.0,0.0,0,0,1104.0
phase1_sweep_80pct,standard,"{""hard_stop_loss"": 0.45, ""kelly_cap"": 0.15, ""kelly_multiplier"": 0.3, ""max_concurrent_trades"": 10, ""prob_threshold"": 0.4, ""stop_lambda"": 1.0}",True,,0.0,0.0,0.0,0.0,0.0,0.0,0.0,0,0,1104.3
phase1_sweep_80pct,standard,"{""hard_stop_loss"": 0.45, ""kelly_cap"": 0.15, ""kelly_multiplier"": 0.3, ""max_concurrent_trades"": 7, ""prob_threshold"": 0.4, ""stop_lambda"": 1.5}",True,,0.0,0.0,0.0,0.0,0.0,0.0,0.0,0,0,1104.5
phase1_sweep_80pct,standard,"{""hard_stop_loss"": 0.45, ""kelly_cap"": 0.15, ""kelly_multiplier"": 0.3, ""max_concurrent_trades"": 5, ""prob_threshold"": 0.4, ""stop_lambda"": 1.5}",True,,0.0,0.0,0.0,0.0,0.0,0.0,0.0,0,0,1104.8
phase1_sweep_80pct,standard,"{""hard_stop_loss"": 0.45, ""kelly_cap"": 0.15, ""kelly_multiplier"": 0.3, ""max_concurrent_trades"": 10, ""prob_threshold"": 0.4, ""stop_lambda"": 1.5}",True,,0.0,0.0,0.0,0.0,0.0,0.0,0.0,0,0,1104.8
phase1_sweep_80pct,standard,"{""hard_stop_loss"": 0.45, ""kelly_cap"": 0.15, ""kelly_multiplier"": 0.3, ""max_concurrent_trades"": 5, ""prob_threshold"": 0.4, ""stop_lambda"": 2.0}",True,,0.0,0.0,0.0,0.0,0.0,0.0,0.0,0,0,1105.3
phase1_sweep_80pct,standard,"{""hard_stop_loss"": 0.45, ""kelly_cap"": 0.15, ""kelly_multiplier"": 0.3, ""max_concurrent_trades"": 7, ""prob_threshold"": 0.4, ""stop_lambda"": 2.0}",True,,0.0,0.0,0.0,0.0,0.0,0.0,0.0,0,0,1105.4
phase1_sweep_80pct,standard,"{""hard_stop_loss"": 0.0, ""kelly_cap"": 0.25, ""kelly_multiplier"": 0.3, ""max_concurrent_trades"": 5, ""prob_threshold"": 0.4, ""stop_lambda"": 1.0}",True,,0.0,0.0,0.0,0.0,0.0,0.0,0.0,0,0,1105.9
phase1_sweep_80pct,standard,"{""hard_stop_loss"": 0.45, ""kelly_cap"": 0.15, ""kelly_multiplier"": 0.3, ""max_concurrent_trades"": 10, ""prob_threshold"": 0.4, ""stop_lambda"": 2.0}",True,,0.0,0.0,0.0,0.0,0.0,0.0,0.0,0,0,1106.1
phase1_sweep_80pct,standard,"{""hard_stop_loss"": 0.0, ""kelly_cap"": 0.25, ""kelly_multiplier"": 0.3, ""max_concurrent_trades"": 10, ""prob_threshold"": 0.4, ""stop_lambda"": 1.0}",True,,0.0,0.0,0.0,0.0,0.0,0.0,0.0,0,0,1106.3
phase1_sweep_80pct,standard,"{""hard_stop_loss"": 0.0, ""kelly_cap"": 0.25, ""kelly_multiplier"": 0.3, ""max_concurrent_trades"": 7, ""prob_threshold"": 0.4, ""stop_lambda"": 1.0}",True,,0.0,0.0,0.0,0.0,0.0,0.0,0.0,0,0,1106.5
phase1_sweep_80pct,standard,"{""hard_stop_loss"": 0.0, ""kelly_cap"": 0.25, ""kelly_multiplier"": 0.3, ""max_concurrent_trades"": 5, ""prob_threshold"": 0.4, ""stop_lambda"": 1.5}",True,,0.0,0.0,0.0,0.0,0.0,0.0,0.0,0,0,1106.7
phase1_sweep_80pct,standard,"{""hard_stop_loss"": 0.0, ""kelly_cap"": 0.25, ""kelly_multiplier"": 0.3, ""max_concurrent_trades"": 7, ""prob_threshold"": 0.4, ""stop_lambda"": 1.5}",True,,0.0,0.0,0.0,0.0,0.0,0.0,0.0,0,0,1106.8
phase1_sweep_80pct,standard,"{""hard_stop_loss"": 0.0, ""kelly_cap"": 0.25, ""kelly_multiplier"": 0.3, ""max_concurrent_trades"": 10, ""prob_threshold"": 0.4, ""stop_lambda"": 1.5}",True,,0.0,0.0,0.0,0.0,0.0,0.0,0.0,0,0,1107.4
phase1_sweep_80pct,standard,"{""hard_stop_loss"": 0.0, ""kelly_cap"": 0.25, ""kelly_multiplier"": 0.3, ""max_concurrent_trades"": 7, ""prob_threshold"": 0.4, ""stop_lambda"": 2.0}",True,,0.0,0.0,0.0,0.0,0.0,0.0,0.0,0,0,1107.7
phase1_sweep_80pct,standard,"{""hard_stop_loss"": 0.0, ""kelly_cap"": 0.25, ""kelly_multiplier"": 0.3, ""max_concurrent_trades"": 5, ""prob_threshold"": 0.4, ""stop_lambda"": 2.0}",True,,0.0,0.0,0.0,0.0,0.0,0.0,0.0,0,0,1107.8
phase1_sweep_80pct,standard,"{""hard_stop_loss"": 0.07, ""kelly_cap"": 0.25, ""kelly_multiplier"": 0.3, ""max_concurrent_trades"": 5, ""prob_threshold"": 0.4, ""stop_lambda"": 1.0}",True,,0.0,0.0,0.0,0.0,0.0,0.0,0.0,0,0,1108.2
phase1_sweep_80pct,standard,"{""hard_stop_loss"": 0.07, ""kelly_cap"": 0.25, ""kelly_multiplier"": 0.3, ""max_concurrent_trades"": 7, ""prob_threshold"": 0.4, ""stop_lambda"": 1.0}",True,,0.0,0.0,0.0,0.0,0.0,0.0,0.0,0,0,1108.2
phase1_sweep_80pct,standard,"{""hard_stop_loss"": 0.0, ""kelly_cap"": 0.25, ""kelly_multiplier"": 0.3, ""max_concurrent_trades"": 10, ""prob_threshold"": 0.4, ""stop_lambda"": 2.0}",True,,0.0,0.0,0.0,0.0,0.0,0.0,0.0,0,0,1108.3
phase1_sweep_80pct,standard,"{""hard_stop_loss"": 0.07, ""kelly_cap"": 0.25, ""kelly_multiplier"": 0.3, ""max_concurrent_trades"": 10, ""prob_threshold"": 0.4, ""stop_lambda"": 1.0}",True,,0.0,0.0,0.0,0.0,0.0,0.0,0.0,0,0,1108.8
phase1_sweep_80pct,standard,"{""hard_stop_loss"": 0.07, ""kelly_cap"": 0.25, ""kelly_multiplier"": 0.3, ""max_concurrent_trades"": 5, ""prob_threshold"": 0.4, ""stop_lambda"": 1.5}",True,,0.0,0.0,0.0,0.0,0.0,0.0,0.0,0,0,1109.1
phase1_sweep_80pct,standard,"{""hard_stop_loss"": 0.07, ""kelly_cap"": 0.25, ""kelly_multiplier"": 0.3, ""max_concurrent_trades"": 7, ""prob_threshold"": 0.4, ""stop_lambda"": 1.5}",True,,0.0,0.0,0.0,0.0,0.0,0.0,0.0,0,0,1109.5
phase1_sweep_80pct,standard,"{""hard_stop_loss"": 0.07, ""kelly_cap"": 0.25, ""kelly_multiplier"": 0.3, ""max_concurrent_trades"": 10, ""prob_threshold"": 0.4, ""stop_lambda"": 1.5}",True,,0.0,0.0,0.0,0.0,0.0,0.0,0.0,0,0,1109.6
phase1_sweep_80pct,standard,"{""hard_stop_loss"": 0.07, ""kelly_cap"": 0.25, ""kelly_multiplier"": 0.3, ""max_concurrent_trades"": 5, ""prob_threshold"": 0.4, ""stop_lambda"": 2.0}",True,,0.0,0.0,0.0,0.0,0.0,0.0,0.0,0,0,1109.6
phase1_sweep_80pct,standard,"{""hard_stop_loss"": 0.07, ""kelly_cap"": 0.25, ""kelly_multiplier"": 0.3, ""max_concurrent_trades"": 7, ""prob_threshold"": 0.4, ""stop_lambda"": 2.0}",True,,0.0,0.0,0.0,0.0,0.0,0.0,0.0,0,0,1110.1
phase1_sweep_80pct,standard,"{""hard_stop_loss"": 0.07, ""kelly_cap"": 0.25, ""kelly_multiplier"": 0.3, ""max_concurrent_trades"": 10, ""prob_threshold"": 0.4, ""stop_lambda"": 2.0}",True,,0.0,0.0,0.0,0.0,0.0,0.0,0.0,0,0,1110.2
phase1_sweep_80pct,standard,"{""hard_stop_loss"": 0.15, ""kelly_cap"": 0.25, ""kelly_multiplier"": 0.3, ""max_concurrent_trades"": 5, ""prob_threshold"": 0.4, ""stop_lambda"": 1.0}",True,,0.0,0.0,0.0,0.0,0.0,0.0,0.0,0,0,1110.5
phase1_sweep_80pct,standard,"{""hard_stop_loss"": 0.15, ""kelly_cap"": 0.25, ""kelly_multiplier"": 0.3, ""max_concurrent_trades"": 10, ""prob_threshold"": 0.4, ""stop_lambda"": 1.0}",True,,0.0,0.0,0.0,0.0,0.0,0.0,0.0,0,0,1111.0
phase1_sweep_80pct,standard,"{""hard_stop_loss"": 0.15, ""kelly_cap"": 0.25, ""kelly_multiplier"": 0.3, ""max_concurrent_trades"": 5, ""prob_threshold"": 0.4, ""stop_lambda"": 1.5}",True,,0.0,0.0,0.0,0.0,0.0,0.0,0.0,0,0,1111.1
phase1_sweep_80pct,standard,"{""hard_stop_loss"": 0.15, ""kelly_cap"": 0.25, ""kelly_multiplier"": 0.3, ""max_concurrent_trades"": 7, ""prob_threshold"": 0.4, ""stop_lambda"": 1.0}",True,,0.0,0.0,0.0,0.0,0.0,0.0,0.0,0,0,1111.3
phase1_sweep_80pct,standard,"{""hard_stop_loss"": 0.15, ""kelly_cap"": 0.25, ""kelly_multiplier"": 0.3, ""max_concurrent_trades"": 10, ""prob_threshold"": 0.4, ""stop_lambda"": 1.5}",True,,0.0,0.0,0.0,0.0,0.0,0.0,0.0,0,0,1111.7
phase1_sweep_80pct,standard,"{""hard_stop_loss"": 0.15, ""kelly_cap"": 0.25, ""kelly_multiplier"": 0.3, ""max_concurrent_trades"": 7, ""prob_threshold"": 0.4, ""stop_lambda"": 1.5}",True,,0.0,0.0,0.0,0.0,0.0,0.0,0.0,0,0,1111.9
phase1_sweep_80pct,standard,"{""hard_stop_loss"": 0.15, ""kelly_cap"": 0.25, ""kelly_multiplier"": 0.3, ""max_concurrent_trades"": 5, ""prob_threshold"": 0.4, ""stop_lambda"": 2.0}",True,,0.0,0.0,0.0,0.0,0.0,0.0,0.0,0,0,1111.9
phase1_sweep_80pct,standard,"{""hard_stop_loss"": 0.15, ""kelly_cap"": 0.25, ""kelly_multiplier"": 0.3, ""max_concurrent_trades"": 7, ""prob_threshold"": 0.4, ""stop_lambda"": 2.0}",True,,0.0,0.0,0.0,0.0,0.0,0.0,0.0,0,0,1112.4
phase1_sweep_80pct,standard,"{""hard_stop_loss"": 0.15, ""kelly_cap"": 0.25, ""kelly_multiplier"": 0.3, ""max_concurrent_trades"": 10, ""prob_threshold"": 0.4, ""stop_lambda"": 2.0}",True,,0.0,0.0,0.0,0.0,0.0,0.0,0.0,0,0,1112.5
phase1_sweep_80pct,standard,"{""hard_stop_loss"": 0.25, ""kelly_cap"": 0.25, ""kelly_multiplier"": 0.3, ""max_concurrent_trades"": 5, ""prob_threshold"": 0.4, ""stop_lambda"": 1.0}",True,,0.0,0.0,0.0,0.0,0.0,0.0,0.0,0,0,1113.0
phase1_sweep_80pct,standard,"{""hard_stop_loss"": 0.25, ""kelly_cap"": 0.25, ""kelly_multiplier"": 0.3, ""max_concurrent_trades"": 7, ""prob_threshold"": 0.4, ""stop_lambda"": 1.0}",True,,0.0,0.0,0.0,0.0,0.0,0.0,0.0,0,0,1113.1
phase1_sweep_80pct,standard,"{""hard_stop_loss"": 0.25, ""kelly_cap"": 0.25, ""kelly_multiplier"": 0.3, ""max_concurrent_trades"": 5, ""prob_threshold"": 0.4, ""stop_lambda"": 1.5}",True,,0.0,0.0,0.0,0.0,0.0,0.0,0.0,0,0,1113.3
phase1_sweep_80pct,standard,"{""hard_stop_loss"": 0.25, ""kelly_cap"": 0.25, ""kelly_multiplier"": 0.3, ""max_concurrent_trades"": 10, ""prob_threshold"": 0.4, ""stop_lambda"": 1.0}",True,,0.0,0.0,0.0,0.0,0.0,0.0,0.0,0,0,1113.7
phase1_sweep_80pct,standard,"{""hard_stop_loss"": 0.25, ""kelly_cap"": 0.25, ""kelly_multiplier"": 0.3, ""max_concurrent_trades"": 7, ""prob_threshold"": 0.4, ""stop_lambda"": 1.5}",True,,0.0,0.0,0.0,0.0,0.0,0.0,0.0,0,0,1113.8
phase1_sweep_80pct,standard,"{""hard_stop_loss"": 0.25, ""kelly_cap"": 0.25, ""kelly_multiplier"": 0.3, ""max_concurrent_trades"": 10, ""prob_threshold"": 0.4, ""stop_lambda"": 1.5}",True,,0.0,0.0,0.0,0.0,0.0,0.0,0.0,0,0,1113.9
phase1_sweep_80pct,standard,"{""hard_stop_loss"": 0.25, ""kelly_cap"": 0.25, ""kelly_multiplier"": 0.3, ""max_concurrent_trades"": 7, ""prob_threshold"": 0.4, ""stop_lambda"": 2.0}",True,,0.0,0.0,0.0,0.0,0.0,0.0,0.0,0,0,1114.5
phase1_sweep_80pct,standard,"{""hard_stop_loss"": 0.25, ""kelly_cap"": 0.25, ""kelly_multiplier"": 0.3, ""max_concurrent_trades"": 10, ""prob_threshold"": 0.4, ""stop_lambda"": 2.0}",True,,0.0,0.0,0.0,0.0,0.0,0.0,0.0,0,0,1114.7
phase1_sweep_80pct,standard,"{""hard_stop_loss"": 0.25, ""kelly_cap"": 0.25, ""kelly_multiplier"": 0.3, ""max_concurrent_trades"": 5, ""prob_threshold"": 0.4, ""stop_lambda"": 2.0}",True,,0.0,0.0,0.0,0.0,0.0,0.0,0.0,0,0,1114.8
phase1_sweep_80pct,standard,"{""hard_stop_loss"": 0.35, ""kelly_cap"": 0.25, ""kelly_multiplier"": 0.3, ""max_concurrent_trades"": 7, ""prob_threshold"": 0.4, ""stop_lambda"": 1.0}",True,,0.0,0.0,0.0,0.0,0.0,0.0,0.0,0,0,1115.3
phase1_sweep_80pct,standard,"{""hard_stop_loss"": 0.35, ""kelly_cap"": 0.25, ""kelly_multiplier"": 0.3, ""max_concurrent_trades"": 10, ""prob_threshold"": 0.4, ""stop_lambda"": 1.0}",True,,0.0,0.0,0.0,0.0,0.0,0.0,0.0,0,0,1115.3
phase1_sweep_80pct,standard,"{""hard_stop_loss"": 0.35, ""kelly_cap"": 0.25, ""kelly_multiplier"": 0.3, ""max_concurrent_trades"": 5, ""prob_threshold"": 0.4, ""stop_lambda"": 1.0}",True,,0.0,0.0,0.0,0.0,0.0,0.0,0.0,0,0,1115.5
phase1_sweep_80pct,standard,"{""hard_stop_loss"": 0.35, ""kelly_cap"": 0.25, ""kelly_multiplier"": 0.3, ""max_concurrent_trades"": 5, ""prob_threshold"": 0.4, ""stop_lambda"": 1.5}",True,,0.0,0.0,0.0,0.0,0.0,0.0,0.0,0,0,1116.0
phase1_sweep_80pct,standard,"{""hard_stop_loss"": 0.35, ""kelly_cap"": 0.25, ""kelly_multiplier"": 0.3, ""max_concurrent_trades"": 7, ""prob_threshold"": 0.4, ""stop_lambda"": 1.5}",True,,0.0,0.0,0.0,0.0,0.0,0.0,0.0,0,0,1116.1
phase1_sweep_80pct,standard,"{""hard_stop_loss"": 0.35, ""kelly_cap"": 0.25, ""kelly_multiplier"": 0.3, ""max_concurrent_trades"": 10, ""prob_threshold"": 0.4, ""stop_lambda"": 1.5}",True,,0.0,0.0,0.0,0.0,0.0,0.0,0.0,0,0,1116.5
phase1_sweep_80pct,standard,"{""hard_stop_loss"": 0.35, ""kelly_cap"": 0.25, ""kelly_multiplier"": 0.3, ""max_concurrent_trades"": 5, ""prob_threshold"": 0.4, ""stop_lambda"": 2.0}",True,,0.0,0.0,0.0,0.0,0.0,0.0,0.0,0,0,1116.6
phase1_sweep_80pct,standard,"{""hard_stop_loss"": 0.35, ""kelly_cap"": 0.25, ""kelly_multiplier"": 0.3, ""max_concurrent_trades"": 7, ""prob_threshold"": 0.4, ""stop_lambda"": 2.0}",True,,0.0,0.0,0.0,0.0,0.0,0.0,0.0,0,0,1116.7
phase1_sweep_80pct,standard,"{""hard_stop_loss"": 0.35, ""kelly_cap"": 0.25, ""kelly_multiplier"": 0.3, ""max_concurrent_trades"": 10, ""prob_threshold"": 0.4, ""stop_lambda"": 2.0}",True,,0.0,0.0,0.0,0.0,0.0,0.0,0.0,0,0,1117.2
phase1_sweep_80pct,standard,"{""hard_stop_loss"": 0.45, ""kelly_cap"": 0.25, ""kelly_multiplier"": 0.3, ""max_concurrent_trades"": 5, ""prob_threshold"": 0.4, ""stop_lambda"": 1.0}",True,,0.0,0.0,0.0,0.0,0.0,0.0,0.0,0,0,1117.4
phase1_sweep_80pct,standard,"{""hard_stop_loss"": 0.45, ""kelly_cap"": 0.25, ""kelly_multiplier"": 0.3, ""max_concurrent_trades"": 7, ""prob_threshold"": 0.4, ""stop_lambda"": 1.0}",True,,0.0,0.0,0.0,0.0,0.0,0.0,0.0,0,0,1117.6
phase1_sweep_80pct,standard,"{""hard_stop_loss"": 0.45, ""kelly_cap"": 0.25, ""kelly_multiplier"": 0.3, ""max_concurrent_trades"": 5, ""prob_threshold"": 0.4, ""stop_lambda"": 1.5}",True,,0.0,0.0,0.0,0.0,0.0,0.0,0.0,0,0,1118.1
phase1_sweep_80pct,standard,"{""hard_stop_loss"": 0.45, ""kelly_cap"": 0.25, ""kelly_multiplier"": 0.3, ""max_concurrent_trades"": 7, ""prob_threshold"": 0.4, ""stop_lambda"": 1.5}",True,,0.0,0.0,0.0,0.0,0.0,0.0,0.0,0,0,1118.2
phase1_sweep_80pct,standard,"{""hard_stop_loss"": 0.45, ""kelly_cap"": 0.25, ""kelly_multiplier"": 0.3, ""max_concurrent_trades"": 10, ""prob_threshold"": 0.4, ""stop_lambda"": 1.0}",True,,0.0,0.0,0.0,0.0,0.0,0.0,0.0,0,0,1118.3
phase1_sweep_80pct,standard,"{""hard_stop_loss"": 0.45, ""kelly_cap"": 0.25, ""kelly_multiplier"": 0.3, ""max_concurrent_trades"": 5, ""prob_threshold"": 0.4, ""stop_lambda"": 2.0}",True,,0.0,0.0,0.0,0.0,0.0,0.0,0.0,0,0,1118.8
phase1_sweep_80pct,standard,"{""hard_stop_loss"": 0.45, ""kelly_cap"": 0.25, ""kelly_multiplier"": 0.3, ""max_concurrent_trades"": 7, ""prob_threshold"": 0.4, ""stop_lambda"": 2.0}",True,,0.0,0.0,0.0,0.0,0.0,0.0,0.0,0,0,1119.0
phase1_sweep_80pct,standard,"{""hard_stop_loss"": 0.45, ""kelly_cap"": 0.25, ""kelly_multiplier"": 0.3, ""max_concurrent_trades"": 10, ""prob_threshold"": 0.4, ""stop_lambda"": 1.5}",True,,0.0,0.0,0.0,0.0,0.0,0.0,0.0,0,0,1119.0
phase1_sweep_80pct,standard,"{""hard_stop_loss"": 0.45, ""kelly_cap"": 0.25, ""kelly_multiplier"": 0.3, ""max_concurrent_trades"": 10, ""prob_threshold"": 0.4, ""stop_lambda"": 2.0}",True,,0.0,0.0,0.0,0.0,0.0,0.0,0.0,0,0,1119.5
phase1_sweep_80pct,standard,"{""hard_stop_loss"": 0.0, ""kelly_cap"": 0.35, ""kelly_multiplier"": 0.3, ""max_concurrent_trades"": 5, ""prob_threshold"": 0.4, ""stop_lambda"": 1.0}",True,,0.0,0.0,0.0,0.0,0.0,0.0,0.0,0,0,1119.6
phase1_sweep_80pct,standard,"{""hard_stop_loss"": 0.0, ""kelly_cap"": 0.35, ""kelly_multiplier"": 0.3, ""max_concurrent_trades"": 7, ""prob_threshold"": 0.4, ""stop_lambda"": 1.0}",True,,0.0,0.0,0.0,0.0,0.0,0.0,0.0,0,0,1120.1
phase1_sweep_80pct,standard,"{""hard_stop_loss"": 0.0, ""kelly_cap"": 0.35, ""kelly_multiplier"": 0.3, ""max_concurrent_trades"": 10, ""prob_threshold"": 0.4, ""stop_lambda"": 1.0}",True,,0.0,0.0,0.0,0.0,0.0,0.0,0.0,0,0,1120.3
phase1_sweep_80pct,standard,"{""hard_stop_loss"": 0.0, ""kelly_cap"": 0.35, ""kelly_multiplier"": 0.3, ""max_concurrent_trades"": 5, ""prob_threshold"": 0.4, ""stop_lambda"": 1.5}",True,,0.0,0.0,0.0,0.0,0.0,0.0,0.0,0,0,1120.4
phase1_sweep_80pct,standard,"{""hard_stop_loss"": 0.0, ""kelly_cap"": 0.35, ""kelly_multiplier"": 0.3, ""max_concurrent_trades"": 7, ""prob_threshold"": 0.4, ""stop_lambda"": 1.5}",True,,0.0,0.0,0.0,0.0,0.0,0.0,0.0,0,0,1120.8
phase1_sweep_80pct,standard,"{""hard_stop_loss"": 0.0, ""kelly_cap"": 0.35, ""kelly_multiplier"": 0.3, ""max_concurrent_trades"": 10, ""prob_threshold"": 0.4, ""stop_lambda"": 1.5}",True,,0.0,0.0,0.0,0.0,0.0,0.0,0.0,0,0,1120.9
phase1_sweep_80pct,standard,"{""hard_stop_loss"": 0.0, ""kelly_cap"": 0.35, ""kelly_multiplier"": 0.3, ""max_concurrent_trades"": 5, ""prob_threshold"": 0.4, ""stop_lambda"": 2.0}",True,,0.0,0.0,0.0,0.0,0.0,0.0,0.0,0,0,1121.0
phase1_sweep_80pct,standard,"{""hard_stop_loss"": 0.0, ""kelly_cap"": 0.35, ""kelly_multiplier"": 0.3, ""max_concurrent_trades"": 10, ""prob_threshold"": 0.4, ""stop_lambda"": 2.0}",True,,0.0,0.0,0.0,0.0,0.0,0.0,0.0,0,0,1121.7
phase1_sweep_80pct,standard,"{""hard_stop_loss"": 0.07, ""kelly_cap"": 0.35, ""kelly_multiplier"": 0.3, ""max_concurrent_trades"": 5, ""prob_threshold"": 0.4, ""stop_lambda"": 1.0}",True,,0.0,0.0,0.0,0.0,0.0,0.0,0.0,0,0,1121.8
phase1_sweep_80pct,standard,"{""hard_stop_loss"": 0.0, ""kelly_cap"": 0.35, ""kelly_multiplier"": 0.3, ""max_concurrent_trades"": 7, ""prob_threshold"": 0.4, ""stop_lambda"": 2.0}",True,,0.0,0.0,0.0,0.0,0.0,0.0,0.0,0,0,1121.9
phase1_sweep_80pct,standard,"{""hard_stop_loss"": 0.07, ""kelly_cap"": 0.35, ""kelly_multiplier"": 0.3, ""max_concurrent_trades"": 10, ""prob_threshold"": 0.4, ""stop_lambda"": 1.0}",True,,0.0,0.0,0.0,0.0,0.0,0.0,0.0,0,0,1122.4
phase1_sweep_80pct,standard,"{""hard_stop_loss"": 0.07, ""kelly_cap"": 0.35, ""kelly_multiplier"": 0.3, ""max_concurrent_trades"": 5, ""prob_threshold"": 0.4, ""stop_lambda"": 1.5}",True,,0.0,0.0,0.0,0.0,0.0,0.0,0.0,0,0,1122.5
phase1_sweep_80pct,standard,"{""hard_stop_loss"": 0.07, ""kelly_cap"": 0.35, ""kelly_multiplier"": 0.3, ""max_concurrent_trades"": 7, ""prob_threshold"": 0.4, ""stop_lambda"": 1.0}",True,,0.0,0.0,0.0,0.0,0.0,0.0,0.0,0,0,1122.6
phase1_sweep_80pct,standard,"{""hard_stop_loss"": 0.07, ""kelly_cap"": 0.35, ""kelly_multiplier"": 0.3, ""max_concurrent_trades"": 7, ""prob_threshold"": 0.4, ""stop_lambda"": 1.5}",True,,0.0,0.0,0.0,0.0,0.0,0.0,0.0,0,0,1123.1
phase1_sweep_80pct,standard,"{""hard_stop_loss"": 0.07, ""kelly_cap"": 0.35, ""kelly_multiplier"": 0.3, ""max_concurrent_trades"": 10, ""prob_threshold"": 0.4, ""stop_lambda"": 1.5}",True,,0.0,0.0,0.0,0.0,0.0,0.0,0.0,0,0,1123.2
phase1_sweep_80pct,standard,"{""hard_stop_loss"": 0.07, ""kelly_cap"": 0.35, ""kelly_multiplier"": 0.3, ""max_concurrent_trades"": 5, ""prob_threshold"": 0.4, ""stop_lambda"": 2.0}",True,,0.0,0.0,0.0,0.0,0.0,0.0,0.0,0,0,1123.7
phase1_sweep_80pct,standard,"{""hard_stop_loss"": 0.07, ""kelly_cap"": 0.35, ""kelly_multiplier"": 0.3, ""max_concurrent_trades"": 7, ""prob_threshold"": 0.4, ""stop_lambda"": 2.0}",True,,0.0,0.0,0.0,0.0,0.0,0.0,0.0,0,0,1123.8
phase1_sweep_80pct,standard,"{""hard_stop_loss"": 0.07, ""kelly_cap"": 0.35, ""kelly_multiplier"": 0.3, ""max_concurrent_trades"": 10, ""prob_threshold"": 0.4, ""stop_lambda"": 2.0}",True,,0.0,0.0,0.0,0.0,0.0,0.0,0.0,0,0,1123.9
phase1_sweep_80pct,standard,"{""hard_stop_loss"": 0.15, ""kelly_cap"": 0.35, ""kelly_multiplier"": 0.3, ""max_concurrent_trades"": 5, ""prob_threshold"": 0.4, ""stop_lambda"": 1.0}",True,,0.0,0.0,0.0,0.0,0.0,0.0,0.0,0,0,1124.4
phase1_sweep_80pct,standard,"{""hard_stop_loss"": 0.15, ""kelly_cap"": 0.35, ""kelly_multiplier"": 0.3, ""max_concurrent_trades"": 7, ""prob_threshold"": 0.4, ""stop_lambda"": 1.0}",True,,0.0,0.0,0.0,0.0,0.0,0.0,0.0,0,0,1124.6
phase1_sweep_80pct,standard,"{""hard_stop_loss"": 0.15, ""kelly_cap"": 0.35, ""kelly_multiplier"": 0.3, ""max_concurrent_trades"": 10, ""prob_threshold"": 0.4, ""stop_lambda"": 1.0}",True,,0.0,0.0,0.0,0.0,0.0,0.0,0.0,0,0,1124.6
phase1_sweep_80pct,standard,"{""hard_stop_loss"": 0.15, ""kelly_cap"": 0.35, ""kelly_multiplier"": 0.3, ""max_concurrent_trades"": 7, ""prob_threshold"": 0.4, ""stop_lambda"": 1.5}",True,,0.0,0.0,0.0,0.0,0.0,0.0,0.0,0,0,1125.2
phase1_sweep_80pct,standard,"{""hard_stop_loss"": 0.15, ""kelly_cap"": 0.35, ""kelly_multiplier"": 0.3, ""max_concurrent_trades"": 10, ""prob_threshold"": 0.4, ""stop_lambda"": 1.5}",True,,0.0,0.0,0.0,0.0,0.0,0.0,0.0,0,0,1125.3
phase1_sweep_80pct,standard,"{""hard_stop_loss"": 0.15, ""kelly_cap"": 0.35, ""kelly_multiplier"": 0.3, ""max_concurrent_trades"": 7, ""prob_threshold"": 0.4, ""stop_lambda"": 2.0}",True,,0.0,0.0,0.0,0.0,0.0,0.0,0.0,0,0,1126.0
phase1_sweep_80pct,standard,"{""hard_stop_loss"": 0.15, ""kelly_cap"": 0.35, ""kelly_multiplier"": 0.3, ""max_concurrent_trades"": 5, ""prob_threshold"": 0.4, ""stop_lambda"": 1.5}",True,,0.0,0.0,0.0,0.0,0.0,0.0,0.0,0,0,1126.0
phase1_sweep_80pct,standard,"{""hard_stop_loss"": 0.15, ""kelly_cap"": 0.35, ""kelly_multiplier"": 0.3, ""max_concurrent_trades"": 10, ""prob_threshold"": 0.4, ""stop_lambda"": 2.0}",True,,0.0,0.0,0.0,0.0,0.0,0.0,0.0,0,0,1126.1
phase1_sweep_80pct,standard,"{""hard_stop_loss"": 0.15, ""kelly_cap"": 0.35, ""kelly_multiplier"": 0.3, ""max_concurrent_trades"": 5, ""prob_threshold"": 0.4, ""stop_lambda"": 2.0}",True,,0.0,0.0,0.0,0.0,0.0,0.0,0.0,0,0,1126.2
phase1_sweep_80pct,standard,"{""hard_stop_loss"": 0.25, ""kelly_cap"": 0.35, ""kelly_multiplier"": 0.3, ""max_concurrent_trades"": 5, ""prob_threshold"": 0.4, ""stop_lambda"": 1.0}",True,,0.0,0.0,0.0,0.0,0.0,0.0,0.0,0,0,1126.6
phase1_sweep_80pct,standard,"{""hard_stop_loss"": 0.25, ""kelly_cap"": 0.35, ""kelly_multiplier"": 0.3, ""max_concurrent_trades"": 7, ""prob_threshold"": 0.4, ""stop_lambda"": 1.0}",True,,0.0,0.0,0.0,0.0,0.0,0.0,0.0,0,0,1126.8
phase1_sweep_80pct,standard,"{""hard_stop_loss"": 0.25, ""kelly_cap"": 0.35, ""kelly_multiplier"": 0.3, ""max_concurrent_trades"": 10, ""prob_threshold"": 0.4, ""stop_lambda"": 1.0}",True,,0.0,0.0,0.0,0.0,0.0,0.0,0.0,0,0,1127.5
phase1_sweep_80pct,standard,"{""hard_stop_loss"": 0.25, ""kelly_cap"": 0.35, ""kelly_multiplier"": 0.3, ""max_concurrent_trades"": 7, ""prob_threshold"": 0.4, ""stop_lambda"": 1.5}",True,,0.0,0.0,0.0,0.0,0.0,0.0,0.0,0,0,1127.5
phase1_sweep_80pct,standard,"{""hard_stop_loss"": 0.25, ""kelly_cap"": 0.35, ""kelly_multiplier"": 0.3, ""max_concurrent_trades"": 5, ""prob_threshold"": 0.4, ""stop_lambda"": 1.5}",True,,0.0,0.0,0.0,0.0,0.0,0.0,0.0,0,0,1127.8
phase1_sweep_80pct,standard,"{""hard_stop_loss"": 0.25, ""kelly_cap"": 0.35, ""kelly_multiplier"": 0.3, ""max_concurrent_trades"": 10, ""prob_threshold"": 0.4, ""stop_lambda"": 1.5}",True,,0.0,0.0,0.0,0.0,0.0,0.0,0.0,0,0,1127.9
phase1_sweep_80pct,standard,"{""hard_stop_loss"": 0.25, ""kelly_cap"": 0.35, ""kelly_multiplier"": 0.3, ""max_concurrent_trades"": 5, ""prob_threshold"": 0.4, ""stop_lambda"": 2.0}",True,,0.0,0.0,0.0,0.0,0.0,0.0,0.0,0,0,1128.0
phase1_sweep_80pct,standard,"{""hard_stop_loss"": 0.25, ""kelly_cap"": 0.35, ""kelly_multiplier"": 0.3, ""max_concurrent_trades"": 7, ""prob_threshold"": 0.4, ""stop_lambda"": 2.0}",True,,0.0,0.0,0.0,0.0,0.0,0.0,0.0,0,0,1128.7
phase1_sweep_80pct,standard,"{""hard_stop_loss"": 0.35, ""kelly_cap"": 0.35, ""kelly_multiplier"": 0.3, ""max_concurrent_trades"": 5, ""prob_threshold"": 0.4, ""stop_lambda"": 1.5}",True,,0.0,0.0,0.0,0.0,0.0,0.0,0.0,0,0,1129.5
phase1_sweep_80pct,standard,"{""hard_stop_loss"": 0.25, ""kelly_cap"": 0.35, ""kelly_multiplier"": 0.3, ""max_concurrent_trades"": 10, ""prob_threshold"": 0.4, ""stop_lambda"": 2.0}",True,,0.0,0.0,0.0,0.0,0.0,0.0,0.0,0,0,1129.5
phase1_sweep_80pct,standard,"{""hard_stop_loss"": 0.35, ""kelly_cap"": 0.35, ""kelly_multiplier"": 0.3, ""max_concurrent_trades"": 5, ""prob_threshold"": 0.4, ""stop_lambda"": 1.0}",True,,0.0,0.0,0.0,0.0,0.0,0.0,0.0,0,0,1129.5
phase1_sweep_80pct,standard,"{""hard_stop_loss"": 0.35, ""kelly_cap"": 0.35, ""kelly_multiplier"": 0.3, ""max_concurrent_trades"": 7, ""prob_threshold"": 0.4, ""stop_lambda"": 1.0}",True,,0.0,0.0,0.0,0.0,0.0,0.0,0.0,0,0,1129.6
phase1_sweep_80pct,standard,"{""hard_stop_loss"": 0.35, ""kelly_cap"": 0.35, ""kelly_multiplier"": 0.3, ""max_concurrent_trades"": 10, ""prob_threshold"": 0.4, ""stop_lambda"": 1.0}",True,,0.0,0.0,0.0,0.0,0.0,0.0,0.0,0,0,1129.7
phase1_sweep_80pct,standard,"{""hard_stop_loss"": 0.35, ""kelly_cap"": 0.35, ""kelly_multiplier"": 0.3, ""max_concurrent_trades"": 7, ""prob_threshold"": 0.4, ""stop_lambda"": 1.5}",True,,0.0,0.0,0.0,0.0,0.0,0.0,0.0,0,0,1130.1
phase1_sweep_80pct,standard,"{""hard_stop_loss"": 0.35, ""kelly_cap"": 0.35, ""kelly_multiplier"": 0.3, ""max_concurrent_trades"": 10, ""prob_threshold"": 0.4, ""stop_lambda"": 1.5}",True,,0.0,0.0,0.0,0.0,0.0,0.0,0.0,0,0,1130.9
phase1_sweep_80pct,standard,"{""hard_stop_loss"": 0.35, ""kelly_cap"": 0.35, ""kelly_multiplier"": 0.3, ""max_concurrent_trades"": 5, ""prob_threshold"": 0.4, ""stop_lambda"": 2.0}",True,,0.0,0.0,0.0,0.0,0.0,0.0,0.0,0,0,1130.9
phase1_sweep_80pct,standard,"{""hard_stop_loss"": 0.35, ""kelly_cap"": 0.35, ""kelly_multiplier"": 0.3, ""max_concurrent_trades"": 7, ""prob_threshold"": 0.4, ""stop_lambda"": 2.0}",True,,0.0,0.0,0.0,0.0,0.0,0.0,0.0,0,0,1130.9
phase1_sweep_80pct,standard,"{""hard_stop_loss"": 0.35, ""kelly_cap"": 0.35, ""kelly_multiplier"": 0.3, ""max_concurrent_trades"": 10, ""prob_threshold"": 0.4, ""stop_lambda"": 2.0}",True,,0.0,0.0,0.0,0.0,0.0,0.0,0.0,0,0,1131.3
phase1_sweep_80pct,standard,"{""hard_stop_loss"": 0.45, ""kelly_cap"": 0.35, ""kelly_multiplier"": 0.3, ""max_concurrent_trades"": 5, ""prob_threshold"": 0.4, ""stop_lambda"": 1.0}",True,,0.0,0.0,0.0,0.0,0.0,0.0,0.0,0,0,1131.5
phase1_sweep_80pct,standard,"{""hard_stop_loss"": 0.45, ""kelly_cap"": 0.35, ""kelly_multiplier"": 0.3, ""max_concurrent_trades"": 7, ""prob_threshold"": 0.4, ""stop_lambda"": 1.0}",True,,0.0,0.0,0.0,0.0,0.0,0.0,0.0,0,0,1131.6
phase1_sweep_80pct,standard,"{""hard_stop_loss"": 0.45, ""kelly_cap"": 0.35, ""kelly_multiplier"": 0.3, ""max_concurrent_trades"": 10, ""prob_threshold"": 0.4, ""stop_lambda"": 1.0}",True,,0.0,0.0,0.0,0.0,0.0,0.0,0.0,0,0,1132.4
phase1_sweep_80pct,standard,"{""hard_stop_loss"": 0.45, ""kelly_cap"": 0.35, ""kelly_multiplier"": 0.3, ""max_concurrent_trades"": 5, ""prob_threshold"": 0.4, ""stop_lambda"": 1.5}",True,,0.0,0.0,0.0,0.0,0.0,0.0,0.0,0,0,1132.4
phase1_sweep_80pct,standard,"{""hard_stop_loss"": 0.45, ""kelly_cap"": 0.35, ""kelly_multiplier"": 0.3, ""max_concurrent_trades"": 7, ""prob_threshold"": 0.4, ""stop_lambda"": 1.5}",True,,0.0,0.0,0.0,0.0,0.0,0.0,0.0,0,0,1132.4
phase1_sweep_80pct,standard,"{""hard_stop_loss"": 0.45, ""kelly_cap"": 0.35, ""kelly_multiplier"": 0.3, ""max_concurrent_trades"": 7, ""prob_threshold"": 0.4, ""stop_lambda"": 2.0}",True,,0.0,0.0,0.0,0.0,0.0,0.0,0.0,0,0,1133.0
phase1_sweep_80pct,standard,"{""hard_stop_loss"": 0.45, ""kelly_cap"": 0.35, ""kelly_multiplier"": 0.3, ""max_concurrent_trades"": 10, ""prob_threshold"": 0.4, ""stop_lambda"": 1.5}",True,,0.0,0.0,0.0,0.0,0.0,0.0,0.0,0,0,1133.1
phase1_sweep_80pct,standard,"{""hard_stop_loss"": 0.45, ""kelly_cap"": 0.35, ""kelly_multiplier"": 0.3, ""max_concurrent_trades"": 5, ""prob_threshold"": 0.4, ""stop_lambda"": 2.0}",True,,0.0,0.0,0.0,0.0,0.0,0.0,0.0,0,0,1133.3
phase1_sweep_80pct,standard,"{""hard_stop_loss"": 0.0, ""kelly_cap"": 0.15, ""kelly_multiplier"": 0.45, ""max_concurrent_trades"": 5, ""prob_threshold"": 0.4, ""stop_lambda"": 1.0}",True,,0.0,0.0,0.0,0.0,0.0,0.0,0.0,0,0,1133.8
phase1_sweep_80pct,standard,"{""hard_stop_loss"": 0.45, ""kelly_cap"": 0.35, ""kelly_multiplier"": 0.3, ""max_concurrent_trades"": 10, ""prob_threshold"": 0.4, ""stop_lambda"": 2.0}",True,,0.0,0.0,0.0,0.0,0.0,0.0,0.0,0,0,1133.8
phase1_sweep_80pct,standard,"{""hard_stop_loss"": 0.0, ""kelly_cap"": 0.15, ""kelly_multiplier"": 0.45, ""max_concurrent_trades"": 7, ""prob_threshold"": 0.4, ""stop_lambda"": 1.0}",True,,0.0,0.0,0.0,0.0,0.0,0.0,0.0,0,0,1133.8
phase1_sweep_80pct,standard,"{""hard_stop_loss"": 0.0, ""kelly_cap"": 0.15, ""kelly_multiplier"": 0.45, ""max_concurrent_trades"": 10, ""prob_threshold"": 0.4, ""stop_lambda"": 1.0}",True,,0.0,0.0,0.0,0.0,0.0,0.0,0.0,0,0,1134.4
phase1_sweep_80pct,standard,"{""hard_stop_loss"": 0.0, ""kelly_cap"": 0.15, ""kelly_multiplier"": 0.45, ""max_concurrent_trades"": 5, ""prob_threshold"": 0.4, ""stop_lambda"": 1.5}",True,,0.0,0.0,0.0,0.0,0.0,0.0,0.0,0,0,1134.8
phase1_sweep_80pct,standard,"{""hard_stop_loss"": 0.0, ""kelly_cap"": 0.15, ""kelly_multiplier"": 0.45, ""max_concurrent_trades"": 7, ""prob_threshold"": 0.4, ""stop_lambda"": 1.5}",True,,0.0,0.0,0.0,0.0,0.0,0.0,0.0,0,0,1135.0
phase1_sweep_80pct,standard,"{""hard_stop_loss"": 0.0, ""kelly_cap"": 0.15, ""kelly_multiplier"": 0.45, ""max_concurrent_trades"": 5, ""prob_threshold"": 0.4, ""stop_lambda"": 2.0}",True,,0.0,0.0,0.0,0.0,0.0,0.0,0.0,0,0,1135.2
phase1_sweep_80pct,standard,"{""hard_stop_loss"": 0.0, ""kelly_cap"": 0.15, ""kelly_multiplier"": 0.45, ""max_concurrent_trades"": 10, ""prob_threshold"": 0.4, ""stop_lambda"": 1.5}",True,,0.0,0.0,0.0,0.0,0.0,0.0,0.0,0,0,1135.2
phase1_sweep_80pct,standard,"{""hard_stop_loss"": 0.0, ""kelly_cap"": 0.15, ""kelly_multiplier"": 0.45, ""max_concurrent_trades"": 7, ""prob_threshold"": 0.4, ""stop_lambda"": 2.0}",True,,0.0,0.0,0.0,0.0,0.0,0.0,0.0,0,0,1135.2
phase1_sweep_80pct,standard,"{""hard_stop_loss"": 0.0, ""kelly_cap"": 0.15, ""kelly_multiplier"": 0.45, ""max_concurrent_trades"": 10, ""prob_threshold"": 0.4, ""stop_lambda"": 2.0}",True,,0.0,0.0,0.0,0.0,0.0,0.0,0.0,0,0,1135.9
phase1_sweep_80pct,standard,"{""hard_stop_loss"": 0.07, ""kelly_cap"": 0.15, ""kelly_multiplier"": 0.45, ""max_concurrent_trades"": 5, ""prob_threshold"": 0.4, ""stop_lambda"": 1.0}",True,,0.0,0.0,0.0,0.0,0.0,0.0,0.0,0,0,1136.6
phase1_sweep_80pct,standard,"{""hard_stop_loss"": 0.07, ""kelly_cap"": 0.15, ""kelly_multiplier"": 0.45, ""max_concurrent_trades"": 10, ""prob_threshold"": 0.4, ""stop_lambda"": 1.0}",True,,0.0,0.0,0.0,0.0,0.0,0.0,0.0,0,0,1136.6
phase1_sweep_80pct,standard,"{""hard_stop_loss"": 0.07, ""kelly_cap"": 0.15, ""kelly_multiplier"": 0.45, ""max_concurrent_trades"": 5, ""prob_threshold"": 0.4, ""stop_lambda"": 1.5}",True,,0.0,0.0,0.0,0.0,0.0,0.0,0.0,0,0,1136.7
phase1_sweep_80pct,standard,"{""hard_stop_loss"": 0.07, ""kelly_cap"": 0.15, ""kelly_multiplier"": 0.45, ""max_concurrent_trades"": 7, ""prob_threshold"": 0.4, ""stop_lambda"": 1.5}",True,,0.0,0.0,0.0,0.0,0.0,0.0,0.0,0,0,1136.7
phase1_sweep_80pct,standard,"{""hard_stop_loss"": 0.07, ""kelly_cap"": 0.15, ""kelly_multiplier"": 0.45, ""max_concurrent_trades"": 7, ""prob_threshold"": 0.4, ""stop_lambda"": 1.0}",True,,0.0,0.0,0.0,0.0,0.0,0.0,0.0,0,0,1136.9
phase1_sweep_80pct,standard,"{""hard_stop_loss"": 0.07, ""kelly_cap"": 0.15, ""kelly_multiplier"": 0.45, ""max_concurrent_trades"": 10, ""prob_threshold"": 0.4, ""stop_lambda"": 1.5}",True,,0.0,0.0,0.0,0.0,0.0,0.0,0.0,0,0,1137.3
phase1_sweep_80pct,standard,"{""hard_stop_loss"": 0.07, ""kelly_cap"": 0.15, ""kelly_multiplier"": 0.45, ""max_concurrent_trades"": 7, ""prob_threshold"": 0.4, ""stop_lambda"": 2.0}",True,,0.0,0.0,0.0,0.0,0.0,0.0,0.0,0,0,1138.1
phase1_sweep_80pct,standard,"{""hard_stop_loss"": 0.15, ""kelly_cap"": 0.15, ""kelly_multiplier"": 0.45, ""max_concurrent_trades"": 5, ""prob_threshold"": 0.4, ""stop_lambda"": 1.0}",True,,0.0,0.0,0.0,0.0,0.0,0.0,0.0,0,0,1138.1
phase1_sweep_80pct,standard,"{""hard_stop_loss"": 0.07, ""kelly_cap"": 0.15, ""kelly_multiplier"": 0.45, ""max_concurrent_trades"": 10, ""prob_threshold"": 0.4, ""stop_lambda"": 2.0}",True,,0.0,0.0,0.0,0.0,0.0,0.0,0.0,0,0,1138.1
phase1_sweep_80pct,standard,"{""hard_stop_loss"": 0.07, ""kelly_cap"": 0.15, ""kelly_multiplier"": 0.45, ""max_concurrent_trades"": 5, ""prob_threshold"": 0.4, ""stop_lambda"": 2.0}",True,,0.0,0.0,0.0,0.0,0.0,0.0,0.0,0,0,1138.4
phase1_sweep_80pct,standard,"{""hard_stop_loss"": 0.15, ""kelly_cap"": 0.15, ""kelly_multiplier"": 0.45, ""max_concurrent_trades"": 10, ""prob_threshold"": 0.4, ""stop_lambda"": 1.0}",True,,0.0,0.0,0.0,0.0,0.0,0.0,0.0,0,0,1138.7
phase1_sweep_80pct,standard,"{""hard_stop_loss"": 0.15, ""kelly_cap"": 0.15, ""kelly_multiplier"": 0.45, ""max_concurrent_trades"": 7, ""prob_threshold"": 0.4, ""stop_lambda"": 1.0}",True,,0.0,0.0,0.0,0.0,0.0,0.0,0.0,0,0,1139.3
phase1_sweep_80pct,standard,"{""hard_stop_loss"": 0.15, ""kelly_cap"": 0.15, ""kelly_multiplier"": 0.45, ""max_concurrent_trades"": 5, ""prob_threshold"": 0.4, ""stop_lambda"": 1.5}",True,,0.0,0.0,0.0,0.0,0.0,0.0,0.0,0,0,1139.5
phase1_sweep_80pct,standard,"{""hard_stop_loss"": 0.15, ""kelly_cap"": 0.15, ""kelly_multiplier"": 0.45, ""max_concurrent_trades"": 10, ""prob_threshold"": 0.4, ""stop_lambda"": 1.5}",True,,0.0,0.0,0.0,0.0,0.0,0.0,0.0,0,0,1139.5
phase1_sweep_80pct,standard,"{""hard_stop_loss"": 0.15, ""kelly_cap"": 0.15, ""kelly_multiplier"": 0.45, ""max_concurrent_trades"": 7, ""prob_threshold"": 0.4, ""stop_lambda"": 1.5}",True,,0.0,0.0,0.0,0.0,0.0,0.0,0.0,0,0,1139.5
phase1_sweep_80pct,standard,"{""hard_stop_loss"": 0.15, ""kelly_cap"": 0.15, ""kelly_multiplier"": 0.45, ""max_concurrent_trades"": 5, ""prob_threshold"": 0.4, ""stop_lambda"": 2.0}",True,,0.0,0.0,0.0,0.0,0.0,0.0,0.0,0,0,1140.2
phase1_sweep_80pct,standard,"{""hard_stop_loss"": 0.15, ""kelly_cap"": 0.15, ""kelly_multiplier"": 0.45, ""max_concurrent_trades"": 7, ""prob_threshold"": 0.4, ""stop_lambda"": 2.0}",True,,0.0,0.0,0.0,0.0,0.0,0.0,0.0,0,0,1140.2
phase1_sweep_80pct,standard,"{""hard_stop_loss"": 0.25, ""kelly_cap"": 0.15, ""kelly_multiplier"": 0.45, ""max_concurrent_trades"": 7, ""prob_threshold"": 0.4, ""stop_lambda"": 1.0}",True,,0.0,0.0,0.0,0.0,0.0,0.0,0.0,0,0,1141.0
phase1_sweep_80pct,standard,"{""hard_stop_loss"": 0.25, ""kelly_cap"": 0.15, ""kelly_multiplier"": 0.45, ""max_concurrent_trades"": 10, ""prob_threshold"": 0.4, ""stop_lambda"": 1.0}",True,,0.0,0.0,0.0,0.0,0.0,0.0,0.0,0,0,1141.0
phase1_sweep_80pct,standard,"{""hard_stop_loss"": 0.15, ""kelly_cap"": 0.15, ""kelly_multiplier"": 0.45, ""max_concurrent_trades"": 10, ""prob_threshold"": 0.4, ""stop_lambda"": 2.0}",True,,0.0,0.0,0.0,0.0,0.0,0.0,0.0,0,0,1141.0
phase1_sweep_80pct,standard,"{""hard_stop_loss"": 0.25, ""kelly_cap"": 0.15, ""kelly_multiplier"": 0.45, ""max_concurrent_trades"": 5, ""prob_threshold"": 0.4, ""stop_lambda"": 1.0}",True,,0.0,0.0,0.0,0.0,0.0,0.0,0.0,0,0,1141.5
phase1_sweep_80pct,standard,"{""hard_stop_loss"": 0.25, ""kelly_cap"": 0.15, ""kelly_multiplier"": 0.45, ""max_concurrent_trades"": 7, ""prob_threshold"": 0.4, ""stop_lambda"": 1.5}",True,,0.0,0.0,0.0,0.0,0.0,0.0,0.0,0,0,1141.6
phase1_sweep_80pct,standard,"{""hard_stop_loss"": 0.25, ""kelly_cap"": 0.15, ""kelly_multiplier"": 0.45, ""max_concurrent_trades"": 5, ""prob_threshold"": 0.4, ""stop_lambda"": 1.5}",True,,0.0,0.0,0.0,0.0,0.0,0.0,0.0,0,0,1141.9
phase1_sweep_80pct,standard,"{""hard_stop_loss"": 0.25, ""kelly_cap"": 0.15, ""kelly_multiplier"": 0.45, ""max_concurrent_trades"": 10, ""prob_threshold"": 0.4, ""stop_lambda"": 1.5}",True,,0.0,0.0,0.0,0.0,0.0,0.0,0.0,0,0,1142.3
phase1_sweep_80pct,standard,"{""hard_stop_loss"": 0.25, ""kelly_cap"": 0.15, ""kelly_multiplier"": 0.45, ""max_concurrent_trades"": 5, ""prob_threshold"": 0.4, ""stop_lambda"": 2.0}",True,,0.0,0.0,0.0,0.0,0.0,0.0,0.0,0,0,1142.4
phase1_sweep_80pct,standard,"{""hard_stop_loss"": 0.25, ""kelly_cap"": 0.15, ""kelly_multiplier"": 0.45, ""max_concurrent_trades"": 7, ""prob_threshold"": 0.4, ""stop_lambda"": 2.0}",True,,0.0,0.0,0.0,0.0,0.0,0.0,0.0,0,0,1142.8
phase1_sweep_80pct,standard,"{""hard_stop_loss"": 0.25, ""kelly_cap"": 0.15, ""kelly_multiplier"": 0.45, ""max_concurrent_trades"": 10, ""prob_threshold"": 0.4, ""stop_lambda"": 2.0}",True,,0.0,0.0,0.0,0.0,0.0,0.0,0.0,0,0,1143.0
phase1_sweep_80pct,standard,"{""hard_stop_loss"": 0.35, ""kelly_cap"": 0.15, ""kelly_multiplier"": 0.45, ""max_concurrent_trades"": 5, ""prob_threshold"": 0.4, ""stop_lambda"": 1.0}",True,,0.0,0.0,0.0,0.0,0.0,0.0,0.0,0,0,1143.1
phase1_sweep_80pct,standard,"{""hard_stop_loss"": 0.35, ""kelly_cap"": 0.15, ""kelly_multiplier"": 0.45, ""max_concurrent_trades"": 7, ""prob_threshold"": 0.4, ""stop_lambda"": 1.0}",True,,0.0,0.0,0.0,0.0,0.0,0.0,0.0,0,0,1143.7
phase1_sweep_80pct,standard,"{""hard_stop_loss"": 0.35, ""kelly_cap"": 0.15, ""kelly_multiplier"": 0.45, ""max_concurrent_trades"": 10, ""prob_threshold"": 0.4, ""stop_lambda"": 1.0}",True,,0.0,0.0,0.0,0.0,0.0,0.0,0.0,0,0,1143.8
phase1_sweep_80pct,standard,"{""hard_stop_loss"": 0.35, ""kelly_cap"": 0.15, ""kelly_multiplier"": 0.45, ""max_concurrent_trades"": 5, ""prob_threshold"": 0.4, ""stop_lambda"": 1.5}",True,,0.0,0.0,0.0,0.0,0.0,0.0,0.0,0,0,1143.8
phase1_sweep_80pct,standard,"{""hard_stop_loss"": 0.35, ""kelly_cap"": 0.15, ""kelly_multiplier"": 0.45, ""max_concurrent_trades"": 10, ""prob_threshold"": 0.4, ""stop_lambda"": 1.5}",True,,0.0,0.0,0.0,0.0,0.0,0.0,0.0,0,0,1144.4
phase1_sweep_80pct,standard,"{""hard_stop_loss"": 0.35, ""kelly_cap"": 0.15, ""kelly_multiplier"": 0.45, ""max_concurrent_trades"": 5, ""prob_threshold"": 0.4, ""stop_lambda"": 2.0}",True,,0.0,0.0,0.0,0.0,0.0,0.0,0.0,0,0,1144.5
phase1_sweep_80pct,standard,"{""hard_stop_loss"": 0.35, ""kelly_cap"": 0.15, ""kelly_multiplier"": 0.45, ""max_concurrent_trades"": 7, ""prob_threshold"": 0.4, ""stop_lambda"": 1.5}",True,,0.0,0.0,0.0,0.0,0.0,0.0,0.0,0,0,1144.6
phase1_sweep_80pct,standard,"{""hard_stop_loss"": 0.35, ""kelly_cap"": 0.15, ""kelly_multiplier"": 0.45, ""max_concurrent_trades"": 10, ""prob_threshold"": 0.4, ""stop_lambda"": 2.0}",True,,0.0,0.0,0.0,0.0,0.0,0.0,0.0,0,0,1145.2
phase1_sweep_80pct,standard,"{""hard_stop_loss"": 0.45, ""kelly_cap"": 0.15, ""kelly_multiplier"": 0.45, ""max_concurrent_trades"": 5, ""prob_threshold"": 0.4, ""stop_lambda"": 1.0}",True,,0.0,0.0,0.0,0.0,0.0,0.0,0.0,0,0,1145.3
phase1_sweep_80pct,standard,"{""hard_stop_loss"": 0.35, ""kelly_cap"": 0.15, ""kelly_multiplier"": 0.45, ""max_concurrent_trades"": 7, ""prob_threshold"": 0.4, ""stop_lambda"": 2.0}",True,,0.0,0.0,0.0,0.0,0.0,0.0,0.0,0,0,1145.5
phase1_sweep_80pct,standard,"{""hard_stop_loss"": 0.45, ""kelly_cap"": 0.15, ""kelly_multiplier"": 0.45, ""max_concurrent_trades"": 7, ""prob_threshold"": 0.4, ""stop_lambda"": 1.0}",True,,0.0,0.0,0.0,0.0,0.0,0.0,0.0,0,0,1145.8
phase1_sweep_80pct,standard,"{""hard_stop_loss"": 0.45, ""kelly_cap"": 0.15, ""kelly_multiplier"": 0.45, ""max_concurrent_trades"": 10, ""prob_threshold"": 0.4, ""stop_lambda"": 1.0}",True,,0.0,0.0,0.0,0.0,0.0,0.0,0.0,0,0,1146.0
phase1_sweep_80pct,standard,"{""hard_stop_loss"": 0.45, ""kelly_cap"": 0.15, ""kelly_multiplier"": 0.45, ""max_concurrent_trades"": 5, ""prob_threshold"": 0.4, ""stop_lambda"": 1.5}",True,,0.0,0.0,0.0,0.0,0.0,0.0,0.0,0,0,1146.5
phase1_sweep_80pct,standard,"{""hard_stop_loss"": 0.45, ""kelly_cap"": 0.15, ""kelly_multiplier"": 0.45, ""max_concurrent_trades"": 7, ""prob_threshold"": 0.4, ""stop_lambda"": 1.5}",True,,0.0,0.0,0.0,0.0,0.0,0.0,0.0,0,0,1146.6
phase1_sweep_80pct,standard,"{""hard_stop_loss"": 0.45, ""kelly_cap"": 0.15, ""kelly_multiplier"": 0.45, ""max_concurrent_trades"": 10, ""prob_threshold"": 0.4, ""stop_lambda"": 1.5}",True,,0.0,0.0,0.0,0.0,0.0,0.0,0.0,0,0,1146.7
phase1_sweep_80pct,standard,"{""hard_stop_loss"": 0.45, ""kelly_cap"": 0.15, ""kelly_multiplier"": 0.45, ""max_concurrent_trades"": 7, ""prob_threshold"": 0.4, ""stop_lambda"": 2.0}",True,,0.0,0.0,0.0,0.0,0.0,0.0,0.0,0,0,1147.3
phase1_sweep_80pct,standard,"{""hard_stop_loss"": 0.45, ""kelly_cap"": 0.15, ""kelly_multiplier"": 0.45, ""max_concurrent_trades"": 5, ""prob_threshold"": 0.4, ""stop_lambda"": 2.0}",True,,0.0,0.0,0.0,0.0,0.0,0.0,0.0,0,0,1147.3
phase1_sweep_80pct,standard,"{""hard_stop_loss"": 0.45, ""kelly_cap"": 0.15, ""kelly_multiplier"": 0.45, ""max_concurrent_trades"": 10, ""prob_threshold"": 0.4, ""stop_lambda"": 2.0}",True,,0.0,0.0,0.0,0.0,0.0,0.0,0.0,0,0,1147.4
phase1_sweep_80pct,standard,"{""hard_stop_loss"": 0.0, ""kelly_cap"": 0.25, ""kelly_multiplier"": 0.45, ""max_concurrent_trades"": 7, ""prob_threshold"": 0.4, ""stop_lambda"": 1.0}",True,,0.0,0.0,0.0,0.0,0.0,0.0,0.0,0,0,1148.1
phase1_sweep_80pct,standard,"{""hard_stop_loss"": 0.0, ""kelly_cap"": 0.25, ""kelly_multiplier"": 0.45, ""max_concurrent_trades"": 10, ""prob_threshold"": 0.4, ""stop_lambda"": 1.0}",True,,0.0,0.0,0.0,0.0,0.0,0.0,0.0,0,0,1148.1
phase1_sweep_80pct,standard,"{""hard_stop_loss"": 0.0, ""kelly_cap"": 0.25, ""kelly_multiplier"": 0.45, ""max_concurrent_trades"": 5, ""prob_threshold"": 0.4, ""stop_lambda"": 1.0}",True,,0.0,0.0,0.0,0.0,0.0,0.0,0.0,0,0,1148.3
phase1_sweep_80pct,standard,"{""hard_stop_loss"": 0.0, ""kelly_cap"": 0.25, ""kelly_multiplier"": 0.45, ""max_concurrent_trades"": 5, ""prob_threshold"": 0.4, ""stop_lambda"": 1.5}",True,,0.0,0.0,0.0,0.0,0.0,0.0,0.0,0,0,1148.7
phase1_sweep_80pct,standard,"{""hard_stop_loss"": 0.0, ""kelly_cap"": 0.25, ""kelly_multiplier"": 0.45, ""max_concurrent_trades"": 10, ""prob_threshold"": 0.4, ""stop_lambda"": 1.5}",True,,0.0,0.0,0.0,0.0,0.0,0.0,0.0,0,0,1148.8
phase1_sweep_80pct,standard,"{""hard_stop_loss"": 0.0, ""kelly_cap"": 0.25, ""kelly_multiplier"": 0.45, ""max_concurrent_trades"": 7, ""prob_threshold"": 0.4, ""stop_lambda"": 1.5}",True,,0.0,0.0,0.0,0.0,0.0,0.0,0.0,0,0,1149.1
phase1_sweep_80pct,standard,"{""hard_stop_loss"": 0.0, ""kelly_cap"": 0.25, ""kelly_multiplier"": 0.45, ""max_concurrent_trades"": 5, ""prob_threshold"": 0.4, ""stop_lambda"": 2.0}",True,,0.0,0.0,0.0,0.0,0.0,0.0,0.0,0,0,1149.5
phase1_sweep_80pct,standard,"{""hard_stop_loss"": 0.0, ""kelly_cap"": 0.25, ""kelly_multiplier"": 0.45, ""max_concurrent_trades"": 7, ""prob_threshold"": 0.4, ""stop_lambda"": 2.0}",True,,0.0,0.0,0.0,0.0,0.0,0.0,0.0,0,0,1149.6
phase1_sweep_80pct,standard,"{""hard_stop_loss"": 0.0, ""kelly_cap"": 0.25, ""kelly_multiplier"": 0.45, ""max_concurrent_trades"": 10, ""prob_threshold"": 0.4, ""stop_lambda"": 2.0}",True,,0.0,0.0,0.0,0.0,0.0,0.0,0.0,0,0,1150.1
phase1_sweep_80pct,standard,"{""hard_stop_loss"": 0.07, ""kelly_cap"": 0.25, ""kelly_multiplier"": 0.45, ""max_concurrent_trades"": 5, ""prob_threshold"": 0.4, ""stop_lambda"": 1.0}",True,,0.0,0.0,0.0,0.0,0.0,0.0,0.0,0,0,1150.1
phase1_sweep_80pct,standard,"{""hard_stop_loss"": 0.07, ""kelly_cap"": 0.25, ""kelly_multiplier"": 0.45, ""max_concurrent_trades"": 7, ""prob_threshold"": 0.4, ""stop_lambda"": 1.0}",True,,0.0,0.0,0.0,0.0,0.0,0.0,0.0,0,0,1150.2
phase1_sweep_80pct,standard,"{""hard_stop_loss"": 0.07, ""kelly_cap"": 0.25, ""kelly_multiplier"": 0.45, ""max_concurrent_trades"": 10, ""prob_threshold"": 0.4, ""stop_lambda"": 1.0}",True,,0.0,0.0,0.0,0.0,0.0,0.0,0.0,0,0,1150.9
phase1_sweep_80pct,standard,"{""hard_stop_loss"": 0.07, ""kelly_cap"": 0.25, ""kelly_multiplier"": 0.45, ""max_concurrent_trades"": 5, ""prob_threshold"": 0.4, ""stop_lambda"": 1.5}",True,,0.0,0.0,0.0,0.0,0.0,0.0,0.0,0,0,1150.9
phase1_sweep_80pct,standard,"{""hard_stop_loss"": 0.07, ""kelly_cap"": 0.25, ""kelly_multiplier"": 0.45, ""max_concurrent_trades"": 7, ""prob_threshold"": 0.4, ""stop_lambda"": 1.5}",True,,0.0,0.0,0.0,0.0,0.0,0.0,0.0,0,0,1151.0
phase1_sweep_80pct,standard,"{""hard_stop_loss"": 0.07, ""kelly_cap"": 0.25, ""kelly_multiplier"": 0.45, ""max_concurrent_trades"": 5, ""prob_threshold"": 0.4, ""stop_lambda"": 2.0}",True,,0.0,0.0,0.0,0.0,0.0,0.0,0.0,0,0,1151.6
phase1_sweep_80pct,standard,"{""hard_stop_loss"": 0.07, ""kelly_cap"": 0.25, ""kelly_multiplier"": 0.45, ""max_concurrent_trades"": 7, ""prob_threshold"": 0.4, ""stop_lambda"": 2.0}",True,,0.0,0.0,0.0,0.0,0.0,0.0,0.0,0,0,1151.7
phase1_sweep_80pct,standard,"{""hard_stop_loss"": 0.07, ""kelly_cap"": 0.25, ""kelly_multiplier"": 0.45, ""max_concurrent_trades"": 10, ""prob_threshold"": 0.4, ""stop_lambda"": 1.5}",True,,0.0,0.0,0.0,0.0,0.0,0.0,0.0,0,0,1151.9
phase1_sweep_80pct,standard,"{""hard_stop_loss"": 0.15, ""kelly_cap"": 0.25, ""kelly_multiplier"": 0.45, ""max_concurrent_trades"": 5, ""prob_threshold"": 0.4, ""stop_lambda"": 1.0}",True,,0.0,0.0,0.0,0.0,0.0,0.0,0.0,0,0,1152.4
phase1_sweep_80pct,standard,"{""hard_stop_loss"": 0.15, ""kelly_cap"": 0.25, ""kelly_multiplier"": 0.45, ""max_concurrent_trades"": 7, ""prob_threshold"": 0.4, ""stop_lambda"": 1.0}",True,,0.0,0.0,0.0,0.0,0.0,0.0,0.0,0,0,1152.4
phase1_sweep_80pct,standard,"{""hard_stop_loss"": 0.07, ""kelly_cap"": 0.25, ""kelly_multiplier"": 0.45, ""max_concurrent_trades"": 10, ""prob_threshold"": 0.4, ""stop_lambda"": 2.0}",True,,0.0,0.0,0.0,0.0,0.0,0.0,0.0,0,0,1152.6
phase1_sweep_80pct,standard,"{""hard_stop_loss"": 0.15, ""kelly_cap"": 0.25, ""kelly_multiplier"": 0.45, ""max_concurrent_trades"": 10, ""prob_threshold"": 0.4, ""stop_lambda"": 1.0}",True,,0.0,0.0,0.0,0.0,0.0,0.0,0.0,0,0,1153.0
phase1_sweep_80pct,standard,"{""hard_stop_loss"": 0.15, ""kelly_cap"": 0.25, ""kelly_multiplier"": 0.45, ""max_concurrent_trades"": 5, ""prob_threshold"": 0.4, ""stop_lambda"": 1.5}",True,,0.0,0.0,0.0,0.0,0.0,0.0,0.0,0,0,1153.1
phase1_sweep_80pct,standard,"{""hard_stop_loss"": 0.15, ""kelly_cap"": 0.25, ""kelly_multiplier"": 0.45, ""max_concurrent_trades"": 7, ""prob_threshold"": 0.4, ""stop_lambda"": 1.5}",True,,0.0,0.0,0.0,0.0,0.0,0.0,0.0,0,0,1153.7
phase1_sweep_80pct,standard,"{""hard_stop_loss"": 0.15, ""kelly_cap"": 0.25, ""kelly_multiplier"": 0.45, ""max_concurrent_trades"": 10, ""prob_threshold"": 0.4, ""stop_lambda"": 1.5}",True,,0.0,0.0,0.0,0.0,0.0,0.0,0.0,0,0,1153.8
phase1_sweep_80pct,standard,"{""hard_stop_loss"": 0.15, ""kelly_cap"": 0.25, ""kelly_multiplier"": 0.45, ""max_concurrent_trades"": 5, ""prob_threshold"": 0.4, ""stop_lambda"": 2.0}",True,,0.0,0.0,0.0,0.0,0.0,0.0,0.0,0,0,1153.8
phase1_sweep_80pct,standard,"{""hard_stop_loss"": 0.15, ""kelly_cap"": 0.25, ""kelly_multiplier"": 0.45, ""max_concurrent_trades"": 7, ""prob_threshold"": 0.4, ""stop_lambda"": 2.0}",True,,0.0,0.0,0.0,0.0,0.0,0.0,0.0,0,0,1154.4
phase1_sweep_80pct,standard,"{""hard_stop_loss"": 0.15, ""kelly_cap"": 0.25, ""kelly_multiplier"": 0.45, ""max_concurrent_trades"": 10, ""prob_threshold"": 0.4, ""stop_lambda"": 2.0}",True,,0.0,0.0,0.0,0.0,0.0,0.0,0.0,0,0,1154.5
phase1_sweep_80pct,standard,"{""hard_stop_loss"": 0.25, ""kelly_cap"": 0.25, ""kelly_multiplier"": 0.45, ""max_concurrent_trades"": 5, ""prob_threshold"": 0.4, ""stop_lambda"": 1.0}",True,,0.0,0.0,0.0,0.0,0.0,0.0,0.0,0,0,1154.6
phase1_sweep_80pct,standard,"{""hard_stop_loss"": 0.25, ""kelly_cap"": 0.25, ""kelly_multiplier"": 0.45, ""max_concurrent_trades"": 10, ""prob_threshold"": 0.4, ""stop_lambda"": 1.0}",True,,0.0,0.0,0.0,0.0,0.0,0.0,0.0,0,0,1155.3
phase1_sweep_80pct,standard,"{""hard_stop_loss"": 0.25, ""kelly_cap"": 0.25, ""kelly_multiplier"": 0.45, ""max_concurrent_trades"": 5, ""prob_threshold"": 0.4, ""stop_lambda"": 1.5}",True,,0.0,0.0,0.0,0.0,0.0,0.0,0.0,0,0,1155.3
phase1_sweep_80pct,standard,"{""hard_stop_loss"": 0.25, ""kelly_cap"": 0.25, ""kelly_multiplier"": 0.45, ""max_concurrent_trades"": 7, ""prob_threshold"": 0.4, ""stop_lambda"": 1.0}",True,,0.0,0.0,0.0,0.0,0.0,0.0,0.0,0,0,1155.5
phase1_sweep_80pct,standard,"{""hard_stop_loss"": 0.25, ""kelly_cap"": 0.25, ""kelly_multiplier"": 0.45, ""max_concurrent_trades"": 10, ""prob_threshold"": 0.4, ""stop_lambda"": 1.5}",True,,0.0,0.0,0.0,0.0,0.0,0.0,0.0,0,0,1155.9
phase1_sweep_80pct,standard,"{""hard_stop_loss"": 0.25, ""kelly_cap"": 0.25, ""kelly_multiplier"": 0.45, ""max_concurrent_trades"": 5, ""prob_threshold"": 0.4, ""stop_lambda"": 2.0}",True,,0.0,0.0,0.0,0.0,0.0,0.0,0.0,0,0,1156.0
phase1_sweep_80pct,standard,"{""hard_stop_loss"": 0.25, ""kelly_cap"": 0.25, ""kelly_multiplier"": 0.45, ""max_concurrent_trades"": 7, ""prob_threshold"": 0.4, ""stop_lambda"": 1.5}",True,,0.0,0.0,0.0,0.0,0.0,0.0,0.0,0,0,1156.2
phase1_sweep_80pct,standard,"{""hard_stop_loss"": 0.25, ""kelly_cap"": 0.25, ""kelly_multiplier"": 0.45, ""max_concurrent_trades"": 7, ""prob_threshold"": 0.4, ""stop_lambda"": 2.0}",True,,0.0,0.0,0.0,0.0,0.0,0.0,0.0,0,0,1156.7
phase1_sweep_80pct,standard,"{""hard_stop_loss"": 0.25, ""kelly_cap"": 0.25, ""kelly_multiplier"": 0.45, ""max_concurrent_trades"": 10, ""prob_threshold"": 0.4, ""stop_lambda"": 2.0}",True,,0.0,0.0,0.0,0.0,0.0,0.0,0.0,0,0,1156.7
phase1_sweep_80pct,standard,"{""hard_stop_loss"": 0.35, ""kelly_cap"": 0.25, ""kelly_multiplier"": 0.45, ""max_concurrent_trades"": 5, ""prob_threshold"": 0.4, ""stop_lambda"": 1.0}",True,,0.0,0.0,0.0,0.0,0.0,0.0,0.0,0,0,1157.3
phase1_sweep_80pct,standard,"{""hard_stop_loss"": 0.35, ""kelly_cap"": 0.25, ""kelly_multiplier"": 0.45, ""max_concurrent_trades"": 7, ""prob_threshold"": 0.4, ""stop_lambda"": 1.0}",True,,0.0,0.0,0.0,0.0,0.0,0.0,0.0,0,0,1157.3
phase1_sweep_80pct,standard,"{""hard_stop_loss"": 0.35, ""kelly_cap"": 0.25, ""kelly_multiplier"": 0.45, ""max_concurrent_trades"": 10, ""prob_threshold"": 0.4, ""stop_lambda"": 1.0}",True,,0.0,0.0,0.0,0.0,0.0,0.0,0.0,0,0,1157.4
phase1_sweep_80pct,standard,"{""hard_stop_loss"": 0.35, ""kelly_cap"": 0.25, ""kelly_multiplier"": 0.45, ""max_concurrent_trades"": 5, ""prob_threshold"": 0.4, ""stop_lambda"": 1.5}",True,,0.0,0.0,0.0,0.0,0.0,0.0,0.0,0,0,1158.0
phase1_sweep_80pct,standard,"{""hard_stop_loss"": 0.35, ""kelly_cap"": 0.25, ""kelly_multiplier"": 0.45, ""max_concurrent_trades"": 7, ""prob_threshold"": 0.4, ""stop_lambda"": 1.5}",True,,0.0,0.0,0.0,0.0,0.0,0.0,0.0,0,0,1158.1
phase1_sweep_80pct,standard,"{""hard_stop_loss"": 0.35, ""kelly_cap"": 0.25, ""kelly_multiplier"": 0.45, ""max_concurrent_trades"": 10, ""prob_threshold"": 0.4, ""stop_lambda"": 1.5}",True,,0.0,0.0,0.0,0.0,0.0,0.0,0.0,0,0,1158.1
phase1_sweep_80pct,standard,"{""hard_stop_loss"": 0.35, ""kelly_cap"": 0.25, ""kelly_multiplier"": 0.45, ""max_concurrent_trades"": 7, ""prob_threshold"": 0.4, ""stop_lambda"": 2.0}",True,,0.0,0.0,0.0,0.0,0.0,0.0,0.0,0,0,1158.8
phase1_sweep_80pct,standard,"{""hard_stop_loss"": 0.35, ""kelly_cap"": 0.25, ""kelly_multiplier"": 0.45, ""max_concurrent_trades"": 10, ""prob_threshold"": 0.4, ""stop_lambda"": 2.0}",True,,0.0,0.0,0.0,0.0,0.0,0.0,0.0,0,0,1158.9
phase1_sweep_80pct,standard,"{""hard_stop_loss"": 0.35, ""kelly_cap"": 0.25, ""kelly_multiplier"": 0.45, ""max_concurrent_trades"": 5, ""prob_threshold"": 0.4, ""stop_lambda"": 2.0}",True,,0.0,0.0,0.0,0.0,0.0,0.0,0.0,0,0,1159.1
phase1_sweep_80pct,standard,"{""hard_stop_loss"": 0.45, ""kelly_cap"": 0.25, ""kelly_multiplier"": 0.45, ""max_concurrent_trades"": 7, ""prob_threshold"": 0.4, ""stop_lambda"": 1.0}",True,,0.0,0.0,0.0,0.0,0.0,0.0,0.0,0,0,1159.5
phase1_sweep_80pct,standard,"{""hard_stop_loss"": 0.45, ""kelly_cap"": 0.25, ""kelly_multiplier"": 0.45, ""max_concurrent_trades"": 10, ""prob_threshold"": 0.4, ""stop_lambda"": 1.0}",True,,0.0,0.0,0.0,0.0,0.0,0.0,0.0,0,0,1159.5
phase1_sweep_80pct,standard,"{""hard_stop_loss"": 0.45, ""kelly_cap"": 0.25, ""kelly_multiplier"": 0.45, ""max_concurrent_trades"": 5, ""prob_threshold"": 0.4, ""stop_lambda"": 1.0}",True,,0.0,0.0,0.0,0.0,0.0,0.0,0.0,0,0,1159.8
phase1_sweep_80pct,standard,"{""hard_stop_loss"": 0.45, ""kelly_cap"": 0.25, ""kelly_multiplier"": 0.45, ""max_concurrent_trades"": 5, ""prob_threshold"": 0.4, ""stop_lambda"": 1.5}",True,,0.0,0.0,0.0,0.0,0.0,0.0,0.0,0,0,1160.2
phase1_sweep_80pct,standard,"{""hard_stop_loss"": 0.45, ""kelly_cap"": 0.25, ""kelly_multiplier"": 0.45, ""max_concurrent_trades"": 7, ""prob_threshold"": 0.4, ""stop_lambda"": 1.5}",True,,0.0,0.0,0.0,0.0,0.0,0.0,0.0,0,0,1160.3
phase1_sweep_80pct,standard,"{""hard_stop_loss"": 0.45, ""kelly_cap"": 0.25, ""kelly_multiplier"": 0.45, ""max_concurrent_trades"": 10, ""prob_threshold"": 0.4, ""stop_lambda"": 1.5}",True,,0.0,0.0,0.0,0.0,0.0,0.0,0.0,0,0,1160.9
phase1_sweep_80pct,standard,"{""hard_stop_loss"": 0.45, ""kelly_cap"": 0.25, ""kelly_multiplier"": 0.45, ""max_concurrent_trades"": 7, ""prob_threshold"": 0.4, ""stop_lambda"": 2.0}",True,,0.0,0.0,0.0,0.0,0.0,0.0,0.0,0,0,1161.0
phase1_sweep_80pct,standard,"{""hard_stop_loss"": 0.45, ""kelly_cap"": 0.25, ""kelly_multiplier"": 0.45, ""max_concurrent_trades"": 5, ""prob_threshold"": 0.4, ""stop_lambda"": 2.0}",True,,0.0,0.0,0.0,0.0,0.0,0.0,0.0,0,0,1161.0
phase1_sweep_80pct,standard,"{""hard_stop_loss"": 0.45, ""kelly_cap"": 0.25, ""kelly_multiplier"": 0.45, ""max_concurrent_trades"": 10, ""prob_threshold"": 0.4, ""stop_lambda"": 2.0}",True,,0.0,0.0,0.0,0.0,0.0,0.0,0.0,0,0,1161.6
phase1_sweep_80pct,standard,"{""hard_stop_loss"": 0.0, ""kelly_cap"": 0.35, ""kelly_multiplier"": 0.45, ""max_concurrent_trades"": 5, ""prob_threshold"": 0.4, ""stop_lambda"": 1.0}",True,,0.0,0.0,0.0,0.0,0.0,0.0,0.0,0,0,1161.6
phase1_sweep_80pct,standard,"{""hard_stop_loss"": 0.0, ""kelly_cap"": 0.35, ""kelly_multiplier"": 0.45, ""max_concurrent_trades"": 7, ""prob_threshold"": 0.4, ""stop_lambda"": 1.0}",True,,0.0,0.0,0.0,0.0,0.0,0.0,0.0,0,0,1161.7
phase1_sweep_80pct,standard,"{""hard_stop_loss"": 0.0, ""kelly_cap"": 0.35, ""kelly_multiplier"": 0.45, ""max_concurrent_trades"": 5, ""prob_threshold"": 0.4, ""stop_lambda"": 1.5}",True,,0.0,0.0,0.0,0.0,0.0,0.0,0.0,0,0,1162.4
phase1_sweep_80pct,standard,"{""hard_stop_loss"": 0.0, ""kelly_cap"": 0.35, ""kelly_multiplier"": 0.45, ""max_concurrent_trades"": 7, ""prob_threshold"": 0.4, ""stop_lambda"": 1.5}",True,,0.0,0.0,0.0,0.0,0.0,0.0,0.0,0,0,1162.4
phase1_sweep_80pct,standard,"{""hard_stop_loss"": 0.0, ""kelly_cap"": 0.35, ""kelly_multiplier"": 0.45, ""max_concurrent_trades"": 10, ""prob_threshold"": 0.4, ""stop_lambda"": 1.0}",True,,0.0,0.0,0.0,0.0,0.0,0.0,0.0,0,0,1162.7
phase1_sweep_80pct,standard,"{""hard_stop_loss"": 0.0, ""kelly_cap"": 0.35, ""kelly_multiplier"": 0.45, ""max_concurrent_trades"": 5, ""prob_threshold"": 0.4, ""stop_lambda"": 2.0}",True,,0.0,0.0,0.0,0.0,0.0,0.0,0.0,0,0,1163.1
phase1_sweep_80pct,standard,"{""hard_stop_loss"": 0.0, ""kelly_cap"": 0.35, ""kelly_multiplier"": 0.45, ""max_concurrent_trades"": 7, ""prob_threshold"": 0.4, ""stop_lambda"": 2.0}",True,,0.0,0.0,0.0,0.0,0.0,0.0,0.0,0,0,1163.2
phase1_sweep_80pct,standard,"{""hard_stop_loss"": 0.0, ""kelly_cap"": 0.35, ""kelly_multiplier"": 0.45, ""max_concurrent_trades"": 10, ""prob_threshold"": 0.4, ""stop_lambda"": 1.5}",True,,0.0,0.0,0.0,0.0,0.0,0.0,0.0,0,0,1163.4
phase1_sweep_80pct,standard,"{""hard_stop_loss"": 0.0, ""kelly_cap"": 0.35, ""kelly_multiplier"": 0.45, ""max_concurrent_trades"": 10, ""prob_threshold"": 0.4, ""stop_lambda"": 2.0}",True,,0.0,0.0,0.0,0.0,0.0,0.0,0.0,0,0,1163.9
phase1_sweep_80pct,standard,"{""hard_stop_loss"": 0.07, ""kelly_cap"": 0.35, ""kelly_multiplier"": 0.45, ""max_concurrent_trades"": 5, ""prob_threshold"": 0.4, ""stop_lambda"": 1.0}",True,,0.0,0.0,0.0,0.0,0.0,0.0,0.0,0,0,1163.9
phase1_sweep_80pct,standard,"{""hard_stop_loss"": 0.07, ""kelly_cap"": 0.35, ""kelly_multiplier"": 0.45, ""max_concurrent_trades"": 7, ""prob_threshold"": 0.4, ""stop_lambda"": 1.0}",True,,0.0,0.0,0.0,0.0,0.0,0.0,0.0,0,0,1164.5
phase1_sweep_80pct,standard,"{""hard_stop_loss"": 0.07, ""kelly_cap"": 0.35, ""kelly_multiplier"": 0.45, ""max_concurrent_trades"": 10, ""prob_threshold"": 0.4, ""stop_lambda"": 1.0}",True,,0.0,0.0,0.0,0.0,0.0,0.0,0.0,0,0,1164.5
phase1_sweep_80pct,standard,"{""hard_stop_loss"": 0.07, ""kelly_cap"": 0.35, ""kelly_multiplier"": 0.45, ""max_concurrent_trades"": 5, ""prob_threshold"": 0.4, ""stop_lambda"": 1.5}",True,,0.0,0.0,0.0,0.0,0.0,0.0,0.0,0,0,1164.6
phase1_sweep_80pct,standard,"{""hard_stop_loss"": 0.07, ""kelly_cap"": 0.35, ""kelly_multiplier"": 0.45, ""max_concurrent_trades"": 7, ""prob_threshold"": 0.4, ""stop_lambda"": 1.5}",True,,0.0,0.0,0.0,0.0,0.0,0.0,0.0,0,0,1165.2
phase1_sweep_80pct,standard,"{""hard_stop_loss"": 0.07, ""kelly_cap"": 0.35, ""kelly_multiplier"": 0.45, ""max_concurrent_trades"": 10, ""prob_threshold"": 0.4, ""stop_lambda"": 1.5}",True,,0.0,0.0,0.0,0.0,0.0,0.0,0.0,0,0,1165.3
phase1_sweep_80pct,standard,"{""hard_stop_loss"": 0.07, ""kelly_cap"": 0.35, ""kelly_multiplier"": 0.45, ""max_concurrent_trades"": 5, ""prob_threshold"": 0.4, ""stop_lambda"": 2.0}",True,,0.0,0.0,0.0,0.0,0.0,0.0,0.0,0,0,1165.3
phase1_sweep_80pct,standard,"{""hard_stop_loss"": 0.07, ""kelly_cap"": 0.35, ""kelly_multiplier"": 0.45, ""max_concurrent_trades"": 10, ""prob_threshold"": 0.4, ""stop_lambda"": 2.0}",True,,0.0,0.0,0.0,0.0,0.0,0.0,0.0,0,0,1166.0
phase1_sweep_80pct,standard,"{""hard_stop_loss"": 0.15, ""kelly_cap"": 0.35, ""kelly_multiplier"": 0.45, ""max_concurrent_trades"": 5, ""prob_threshold"": 0.4, ""stop_lambda"": 1.0}",True,,0.0,0.0,0.0,0.0,0.0,0.0,0.0,0,0,1166.1
phase1_sweep_80pct,standard,"{""hard_stop_loss"": 0.07, ""kelly_cap"": 0.35, ""kelly_multiplier"": 0.45, ""max_concurrent_trades"": 7, ""prob_threshold"": 0.4, ""stop_lambda"": 2.0}",True,,0.0,0.0,0.0,0.0,0.0,0.0,0.0,0,0,1166.3
phase1_sweep_80pct,standard,"{""hard_stop_loss"": 0.15, ""kelly_cap"": 0.35, ""kelly_multiplier"": 0.45, ""max_concurrent_trades"": 10, ""prob_threshold"": 0.4, ""stop_lambda"": 1.0}",True,,0.0,0.0,0.0,0.0,0.0,0.0,0.0,0,0,1166.8
phase1_sweep_80pct,standard,"{""hard_stop_loss"": 0.15, ""kelly_cap"": 0.35, ""kelly_multiplier"": 0.45, ""max_concurrent_trades"": 5, ""prob_threshold"": 0.4, ""stop_lambda"": 1.5}",True,,0.0,0.0,0.0,0.0,0.0,0.0,0.0,0,0,1166.8
phase1_sweep_80pct,standard,"{""hard_stop_loss"": 0.15, ""kelly_cap"": 0.35, ""kelly_multiplier"": 0.45, ""max_concurrent_trades"": 7, ""prob_threshold"": 0.4, ""stop_lambda"": 1.0}",True,,0.0,0.0,0.0,0.0,0.0,0.0,0.0,0,0,1167.0
phase1_sweep_80pct,standard,"{""hard_stop_loss"": 0.15, ""kelly_cap"": 0.35, ""kelly_multiplier"": 0.45, ""max_concurrent_trades"": 7, ""prob_threshold"": 0.4, ""stop_lambda"": 1.5}",True,,0.0,0.0,0.0,0.0,0.0,0.0,0.0,0,0,1167.4
phase1_sweep_80pct,standard,"{""hard_stop_loss"": 0.15, ""kelly_cap"": 0.35, ""kelly_multiplier"": 0.45, ""max_concurrent_trades"": 10, ""prob_threshold"": 0.4, ""stop_lambda"": 1.5}",True,,0.0,0.0,0.0,0.0,0.0,0.0,0.0,0,0,1167.5
phase1_sweep_80pct,standard,"{""hard_stop_loss"": 0.15, ""kelly_cap"": 0.35, ""kelly_multiplier"": 0.45, ""max_concurrent_trades"": 5, ""prob_threshold"": 0.4, ""stop_lambda"": 2.0}",True,,0.0,0.0,0.0,0.0,0.0,0.0,0.0,0,0,1168.1
phase1_sweep_80pct,standard,"{""hard_stop_loss"": 0.15, ""kelly_cap"": 0.35, ""kelly_multiplier"": 0.45, ""max_concurrent_trades"": 7, ""prob_threshold"": 0.4, ""stop_lambda"": 2.0}",True,,0.0,0.0,0.0,0.0,0.0,0.0,0.0,0,0,1168.2
phase1_sweep_80pct,standard,"{""hard_stop_loss"": 0.15, ""kelly_cap"": 0.35, ""kelly_multiplier"": 0.45, ""max_concurrent_trades"": 10, ""prob_threshold"": 0.4, ""stop_lambda"": 2.0}",True,,0.0,0.0,0.0,0.0,0.0,0.0,0.0,0,0,1168.2
phase1_sweep_80pct,standard,"{""hard_stop_loss"": 0.25, ""kelly_cap"": 0.35, ""kelly_multiplier"": 0.45, ""max_concurrent_trades"": 5, ""prob_threshold"": 0.4, ""stop_lambda"": 1.0}",True,,0.0,0.0,0.0,0.0,0.0,0.0,0.0,0,0,1168.8
phase1_sweep_80pct,standard,"{""hard_stop_loss"": 0.25, ""kelly_cap"": 0.35, ""kelly_multiplier"": 0.45, ""max_concurrent_trades"": 7, ""prob_threshold"": 0.4, ""stop_lambda"": 1.0}",True,,0.0,0.0,0.0,0.0,0.0,0.0,0.0,0,0,1168.9
phase1_sweep_80pct,standard,"{""hard_stop_loss"": 0.25, ""kelly_cap"": 0.35, ""kelly_multiplier"": 0.45, ""max_concurrent_trades"": 10, ""prob_threshold"": 0.4, ""stop_lambda"": 1.0}",True,,0.0,0.0,0.0,0.0,0.0,0.0,0.0,0,0,1168.9
phase1_sweep_80pct,standard,"{""hard_stop_loss"": 0.25, ""kelly_cap"": 0.35, ""kelly_multiplier"": 0.45, ""max_concurrent_trades"": 7, ""prob_threshold"": 0.4, ""stop_lambda"": 1.5}",True,,0.0,0.0,0.0,0.0,0.0,0.0,0.0,0,0,1169.6
phase1_sweep_80pct,standard,"{""hard_stop_loss"": 0.25, ""kelly_cap"": 0.35, ""kelly_multiplier"": 0.45, ""max_concurrent_trades"": 10, ""prob_threshold"": 0.4, ""stop_lambda"": 1.5}",True,,0.0,0.0,0.0,0.0,0.0,0.0,0.0,0,0,1169.6
phase1_sweep_80pct,standard,"{""hard_stop_loss"": 0.25, ""kelly_cap"": 0.35, ""kelly_multiplier"": 0.45, ""max_concurrent_trades"": 5, ""prob_threshold"": 0.4, ""stop_lambda"": 1.5}",True,,0.0,0.0,0.0,0.0,0.0,0.0,0.0,0,0,1169.9
phase1_sweep_80pct,standard,"{""hard_stop_loss"": 0.25, ""kelly_cap"": 0.35, ""kelly_multiplier"": 0.45, ""max_concurrent_trades"": 7, ""prob_threshold"": 0.4, ""stop_lambda"": 2.0}",True,,0.0,0.0,0.0,0.0,0.0,0.0,0.0,0,0,1170.3
phase1_sweep_80pct,standard,"{""hard_stop_loss"": 0.25, ""kelly_cap"": 0.35, ""kelly_multiplier"": 0.45, ""max_concurrent_trades"": 10, ""prob_threshold"": 0.4, ""stop_lambda"": 2.0}",True,,0.0,0.0,0.0,0.0,0.0,0.0,0.0,0,0,1170.4
phase1_sweep_80pct,standard,"{""hard_stop_loss"": 0.25, ""kelly_cap"": 0.35, ""kelly_multiplier"": 0.45, ""max_concurrent_trades"": 5, ""prob_threshold"": 0.4, ""stop_lambda"": 2.0}",True,,0.0,0.0,0.0,0.0,0.0,0.0,0.0,0,0,1170.6
phase1_sweep_80pct,standard,"{""hard_stop_loss"": 0.35, ""kelly_cap"": 0.35, ""kelly_multiplier"": 0.45, ""max_concurrent_trades"": 5, ""prob_threshold"": 0.4, ""stop_lambda"": 1.0}",True,,0.0,0.0,0.0,0.0,0.0,0.0,0.0,0,0,1171.0
phase1_sweep_80pct,standard,"{""hard_stop_loss"": 0.35, ""kelly_cap"": 0.35, ""kelly_multiplier"": 0.45, ""max_concurrent_trades"": 7, ""prob_threshold"": 0.4, ""stop_lambda"": 1.0}",True,,0.0,0.0,0.0,0.0,0.0,0.0,0.0,0,0,1171.1
phase1_sweep_80pct,standard,"{""hard_stop_loss"": 0.35, ""kelly_cap"": 0.35, ""kelly_multiplier"": 0.45, ""max_concurrent_trades"": 10, ""prob_threshold"": 0.4, ""stop_lambda"": 1.0}",True,,0.0,0.0,0.0,0.0,0.0,0.0,0.0,0,0,1171.7
phase1_sweep_80pct,standard,"{""hard_stop_loss"": 0.35, ""kelly_cap"": 0.35, ""kelly_multiplier"": 0.45, ""max_concurrent_trades"": 5, ""prob_threshold"": 0.4, ""stop_lambda"": 1.5}",True,,0.0,0.0,0.0,0.0,0.0,0.0,0.0,0,0,1171.8
phase1_sweep_80pct,standard,"{""hard_stop_loss"": 0.35, ""kelly_cap"": 0.35, ""kelly_multiplier"": 0.45, ""max_concurrent_trades"": 7, ""prob_threshold"": 0.4, ""stop_lambda"": 1.5}",True,,0.0,0.0,0.0,0.0,0.0,0.0,0.0,0,0,1171.8
phase1_sweep_80pct,standard,"{""hard_stop_loss"": 0.35, ""kelly_cap"": 0.35, ""kelly_multiplier"": 0.45, ""max_concurrent_trades"": 10, ""prob_threshold"": 0.4, ""stop_lambda"": 1.5}",True,,0.0,0.0,0.0,0.0,0.0,0.0,0.0,0,0,1172.4
phase1_sweep_80pct,standard,"{""hard_stop_loss"": 0.35, ""kelly_cap"": 0.35, ""kelly_multiplier"": 0.45, ""max_concurrent_trades"": 5, ""prob_threshold"": 0.4, ""stop_lambda"": 2.0}",True,,0.0,0.0,0.0,0.0,0.0,0.0,0.0,0,0,1172.5
phase1_sweep_80pct,standard,"{""hard_stop_loss"": 0.35, ""kelly_cap"": 0.35, ""kelly_multiplier"": 0.45, ""max_concurrent_trades"": 7, ""prob_threshold"": 0.4, ""stop_lambda"": 2.0}",True,,0.0,0.0,0.0,0.0,0.0,0.0,0.0,0,0,1172.5
phase1_sweep_80pct,standard,"{""hard_stop_loss"": 0.45, ""kelly_cap"": 0.35, ""kelly_multiplier"": 0.45, ""max_concurrent_trades"": 5, ""prob_threshold"": 0.4, ""stop_lambda"": 1.0}",True,,0.0,0.0,0.0,0.0,0.0,0.0,0.0,0,0,1173.2
phase1_sweep_80pct,standard,"{""hard_stop_loss"": 0.45, ""kelly_cap"": 0.35, ""kelly_multiplier"": 0.45, ""max_concurrent_trades"": 7, ""prob_threshold"": 0.4, ""stop_lambda"": 1.0}",True,,0.0,0.0,0.0,0.0,0.0,0.0,0.0,0,0,1173.3
phase1_sweep_80pct,standard,"{""hard_stop_loss"": 0.35, ""kelly_cap"": 0.35, ""kelly_multiplier"": 0.45, ""max_concurrent_trades"": 10, ""prob_threshold"": 0.4, ""stop_lambda"": 2.0}",True,,0.0,0.0,0.0,0.0,0.0,0.0,0.0,0,0,1173.5
phase1_sweep_80pct,standard,"{""hard_stop_loss"": 0.45, ""kelly_cap"": 0.35, ""kelly_multiplier"": 0.45, ""max_concurrent_trades"": 5, ""prob_threshold"": 0.4, ""stop_lambda"": 1.5}",True,,0.0,0.0,0.0,0.0,0.0,0.0,0.0,0,0,1173.9
phase1_sweep_80pct,standard,"{""hard_stop_loss"": 0.45, ""kelly_cap"": 0.35, ""kelly_multiplier"": 0.45, ""max_concurrent_trades"": 7, ""prob_threshold"": 0.4, ""stop_lambda"": 1.5}",True,,0.0,0.0,0.0,0.0,0.0,0.0,0.0,0,0,1174.0
phase1_sweep_80pct,standard,"{""hard_stop_loss"": 0.45, ""kelly_cap"": 0.35, ""kelly_multiplier"": 0.45, ""max_concurrent_trades"": 10, ""prob_threshold"": 0.4, ""stop_lambda"": 1.0}",True,,0.0,0.0,0.0,0.0,0.0,0.0,0.0,0,0,1174.1
phase1_sweep_80pct,standard,"{""hard_stop_loss"": 0.45, ""kelly_cap"": 0.35, ""kelly_multiplier"": 0.45, ""max_concurrent_trades"": 10, ""prob_threshold"": 0.4, ""stop_lambda"": 1.5}",True,,0.0,0.0,0.0,0.0,0.0,0.0,0.0,0,0,1174.7
phase1_sweep_80pct,standard,"{""hard_stop_loss"": 0.45, ""kelly_cap"": 0.35, ""kelly_multiplier"": 0.45, ""max_concurrent_trades"": 5, ""prob_threshold"": 0.4, ""stop_lambda"": 2.0}",True,,0.0,0.0,0.0,0.0,0.0,0.0,0.0,0,0,1174.7
phase1_sweep_80pct,standard,"{""hard_stop_loss"": 0.45, ""kelly_cap"": 0.35, ""kelly_multiplier"": 0.45, ""max_concurrent_trades"": 7, ""prob_threshold"": 0.4, ""stop_lambda"": 2.0}",True,,0.0,0.0,0.0,0.0,0.0,0.0,0.0,0,0,1175.3
phase1_sweep_80pct,standard,"{""hard_stop_loss"": 0.45, ""kelly_cap"": 0.35, ""kelly_multiplier"": 0.45, ""max_concurrent_trades"": 10, ""prob_threshold"": 0.4, ""stop_lambda"": 2.0}",True,,0.0,0.0,0.0,0.0,0.0,0.0,0.0,0,0,1175.4
phase1_sweep_80pct,standard,"{""hard_stop_loss"": 0.0, ""kelly_cap"": 0.15, ""kelly_multiplier"": 0.6, ""max_concurrent_trades"": 5, ""prob_threshold"": 0.4, ""stop_lambda"": 1.0}",True,,0.0,0.0,0.0,0.0,0.0,0.0,0.0,0,0,1175.4
phase1_sweep_80pct,standard,"{""hard_stop_loss"": 0.0, ""kelly_cap"": 0.15, ""kelly_multiplier"": 0.6, ""max_concurrent_trades"": 7, ""prob_threshold"": 0.4, ""stop_lambda"": 1.0}",True,,0.0,0.0,0.0,0.0,0.0,0.0,0.0,0,0,1175.9
phase1_sweep_80pct,standard,"{""hard_stop_loss"": 0.0, ""kelly_cap"": 0.15, ""kelly_multiplier"": 0.6, ""max_concurrent_trades"": 10, ""prob_threshold"": 0.4, ""stop_lambda"": 1.0}",True,,0.0,0.0,0.0,0.0,0.0,0.0,0.0,0,0,1176.1
phase1_sweep_80pct,standard,"{""hard_stop_loss"": 0.0, ""kelly_cap"": 0.15, ""kelly_multiplier"": 0.6, ""max_concurrent_trades"": 5, ""prob_threshold"": 0.4, ""stop_lambda"": 1.5}",True,,0.0,0.0,0.0,0.0,0.0,0.0,0.0,0,0,1176.2
phase1_sweep_80pct,standard,"{""hard_stop_loss"": 0.0, ""kelly_cap"": 0.15, ""kelly_multiplier"": 0.6, ""max_concurrent_trades"": 10, ""prob_threshold"": 0.4, ""stop_lambda"": 1.5}",True,,0.0,0.0,0.0,0.0,0.0,0.0,0.0,0,0,1176.8
phase1_sweep_80pct,standard,"{""hard_stop_loss"": 0.0, ""kelly_cap"": 0.15, ""kelly_multiplier"": 0.6, ""max_concurrent_trades"": 5, ""prob_threshold"": 0.4, ""stop_lambda"": 2.0}",True,,0.0,0.0,0.0,0.0,0.0,0.0,0.0,0,0,1176.9
phase1_sweep_80pct,standard,"{""hard_stop_loss"": 0.0, ""kelly_cap"": 0.15, ""kelly_multiplier"": 0.6, ""max_concurrent_trades"": 7, ""prob_threshold"": 0.4, ""stop_lambda"": 1.5}",True,,0.0,0.0,0.0,0.0,0.0,0.0,0.0,0,0,1177.1
phase1_sweep_80pct,standard,"{""hard_stop_loss"": 0.0, ""kelly_cap"": 0.15, ""kelly_multiplier"": 0.6, ""max_concurrent_trades"": 10, ""prob_threshold"": 0.4, ""stop_lambda"": 2.0}",True,,0.0,0.0,0.0,0.0,0.0,0.0,0.0,0,0,1177.6
phase1_sweep_80pct,standard,"{""hard_stop_loss"": 0.07, ""kelly_cap"": 0.15, ""kelly_multiplier"": 0.6, ""max_concurrent_trades"": 5, ""prob_threshold"": 0.4, ""stop_lambda"": 1.0}",True,,0.0,0.0,0.0,0.0,0.0,0.0,0.0,0,0,1177.6
phase1_sweep_80pct,standard,"{""hard_stop_loss"": 0.0, ""kelly_cap"": 0.15, ""kelly_multiplier"": 0.6, ""max_concurrent_trades"": 7, ""prob_threshold"": 0.4, ""stop_lambda"": 2.0}",True,,0.0,0.0,0.0,0.0,0.0,0.0,0.0,0,0,1177.7
phase1_sweep_80pct,standard,"{""hard_stop_loss"": 0.07, ""kelly_cap"": 0.15, ""kelly_multiplier"": 0.6, ""max_concurrent_trades"": 7, ""prob_threshold"": 0.4, ""stop_lambda"": 1.0}",True,,0.0,0.0,0.0,0.0,0.0,0.0,0.0,0,0,1178.2
phase1_sweep_80pct,standard,"{""hard_stop_loss"": 0.07, ""kelly_cap"": 0.15, ""kelly_multiplier"": 0.6, ""max_concurrent_trades"": 10, ""prob_threshold"": 0.4, ""stop_lambda"": 1.0}",True,,0.0,0.0,0.0,0.0,0.0,0.0,0.0,0,0,1178.3
phase1_sweep_80pct,standard,"{""hard_stop_loss"": 0.07, ""kelly_cap"": 0.15, ""kelly_multiplier"": 0.6, ""max_concurrent_trades"": 5, ""prob_threshold"": 0.4, ""stop_lambda"": 1.5}",True,,0.0,0.0,0.0,0.0,0.0,0.0,0.0,0,0,1178.9
phase1_sweep_80pct,standard,"{""hard_stop_loss"": 0.07, ""kelly_cap"": 0.15, ""kelly_multiplier"": 0.6, ""max_concurrent_trades"": 7, ""prob_threshold"": 0.4, ""stop_lambda"": 1.5}",True,,0.0,0.0,0.0,0.0,0.0,0.0,0.0,0,0,1179.0
phase1_sweep_80pct,standard,"{""hard_stop_loss"": 0.07, ""kelly_cap"": 0.15, ""kelly_multiplier"": 0.6, ""max_concurrent_trades"": 10, ""prob_threshold"": 0.4, ""stop_lambda"": 1.5}",True,,0.0,0.0,0.0,0.0,0.0,0.0,0.0,0,0,1179.1
phase1_sweep_80pct,standard,"{""hard_stop_loss"": 0.07, ""kelly_cap"": 0.15, ""kelly_multiplier"": 0.6, ""max_concurrent_trades"": 5, ""prob_threshold"": 0.4, ""stop_lambda"": 2.0}",True,,0.0,0.0,0.0,0.0,0.0,0.0,0.0,0,0,1179.5
phase1_sweep_80pct,standard,"{""hard_stop_loss"": 0.07, ""kelly_cap"": 0.15, ""kelly_multiplier"": 0.6, ""max_concurrent_trades"": 7, ""prob_threshold"": 0.4, ""stop_lambda"": 2.0}",True,,0.0,0.0,0.0,0.0,0.0,0.0,0.0,0,0,1179.7
phase1_sweep_80pct,standard,"{""hard_stop_loss"": 0.07, ""kelly_cap"": 0.15, ""kelly_multiplier"": 0.6, ""max_concurrent_trades"": 10, ""prob_threshold"": 0.4, ""stop_lambda"": 2.0}",True,,0.0,0.0,0.0,0.0,0.0,0.0,0.0,0,0,1179.7
phase1_sweep_80pct,standard,"{""hard_stop_loss"": 0.15, ""kelly_cap"": 0.15, ""kelly_multiplier"": 0.6, ""max_concurrent_trades"": 7, ""prob_threshold"": 0.4, ""stop_lambda"": 1.0}",True,,0.0,0.0,0.0,0.0,0.0,0.0,0.0,0,0,1180.5
phase1_sweep_80pct,standard,"{""hard_stop_loss"": 0.15, ""kelly_cap"": 0.15, ""kelly_multiplier"": 0.6, ""max_concurrent_trades"": 10, ""prob_threshold"": 0.4, ""stop_lambda"": 1.0}",True,,0.0,0.0,0.0,0.0,0.0,0.0,0.0,0,0,1180.5
phase1_sweep_80pct,standard,"{""hard_stop_loss"": 0.15, ""kelly_cap"": 0.15, ""kelly_multiplier"": 0.6, ""max_concurrent_trades"": 5, ""prob_threshold"": 0.4, ""stop_lambda"": 1.0}",True,,0.0,0.0,0.0,0.0,0.0,0.0,0.0,0,0,1180.7
phase1_sweep_80pct,standard,"{""hard_stop_loss"": 0.15, ""kelly_cap"": 0.15, ""kelly_multiplier"": 0.6, ""max_concurrent_trades"": 7, ""prob_threshold"": 0.4, ""stop_lambda"": 1.5}",True,,0.0,0.0,0.0,0.0,0.0,0.0,0.0,0,0,1181.1
phase1_sweep_80pct,standard,"{""hard_stop_loss"": 0.15, ""kelly_cap"": 0.15, ""kelly_multiplier"": 0.6, ""max_concurrent_trades"": 10, ""prob_threshold"": 0.4, ""stop_lambda"": 1.5}",True,,0.0,0.0,0.0,0.0,0.0,0.0,0.0,0,0,1181.2
phase1_sweep_80pct,standard,"{""hard_stop_loss"": 0.15, ""kelly_cap"": 0.15, ""kelly_multiplier"": 0.6, ""max_concurrent_trades"": 5, ""prob_threshold"": 0.4, ""stop_lambda"": 1.5}",True,,0.0,0.0,0.0,0.0,0.0,0.0,0.0,0,0,1181.3
phase1_sweep_80pct,standard,"{""hard_stop_loss"": 0.15, ""kelly_cap"": 0.15, ""kelly_multiplier"": 0.6, ""max_concurrent_trades"": 5, ""prob_threshold"": 0.4, ""stop_lambda"": 2.0}",True,,0.0,0.0,0.0,0.0,0.0,0.0,0.0,0,0,1181.9
phase1_sweep_80pct,standard,"{""hard_stop_loss"": 0.15, ""kelly_cap"": 0.15, ""kelly_multiplier"": 0.6, ""max_concurrent_trades"": 7, ""prob_threshold"": 0.4, ""stop_lambda"": 2.0}",True,,0.0,0.0,0.0,0.0,0.0,0.0,0.0,0,0,1181.9
phase1_sweep_80pct,standard,"{""hard_stop_loss"": 0.15, ""kelly_cap"": 0.15, ""kelly_multiplier"": 0.6, ""max_concurrent_trades"": 10, ""prob_threshold"": 0.4, ""stop_lambda"": 2.0}",True,,0.0,0.0,0.0,0.0,0.0,0.0,0.0,0,0,1182.5
phase1_sweep_80pct,standard,"{""hard_stop_loss"": 0.25, ""kelly_cap"": 0.15, ""kelly_multiplier"": 0.6, ""max_concurrent_trades"": 5, ""prob_threshold"": 0.4, ""stop_lambda"": 1.0}",True,,0.0,0.0,0.0,0.0,0.0,0.0,0.0,0,0,1182.6
phase1_sweep_80pct,standard,"{""hard_stop_loss"": 0.25, ""kelly_cap"": 0.15, ""kelly_multiplier"": 0.6, ""max_concurrent_trades"": 7, ""prob_threshold"": 0.4, ""stop_lambda"": 1.0}",True,,0.0,0.0,0.0,0.0,0.0,0.0,0.0,0,0,1182.7
phase1_sweep_80pct,standard,"{""hard_stop_loss"": 0.25, ""kelly_cap"": 0.15, ""kelly_multiplier"": 0.6, ""max_concurrent_trades"": 10, ""prob_threshold"": 0.4, ""stop_lambda"": 1.0}",True,,0.0,0.0,0.0,0.0,0.0,0.0,0.0,0,0,1183.1
phase1_sweep_80pct,standard,"{""hard_stop_loss"": 0.25, ""kelly_cap"": 0.15, ""kelly_multiplier"": 0.6, ""max_concurrent_trades"": 5, ""prob_threshold"": 0.4, ""stop_lambda"": 1.5}",True,,0.0,0.0,0.0,0.0,0.0,0.0,0.0,0,0,1183.3
phase1_sweep_80pct,standard,"{""hard_stop_loss"": 0.25, ""kelly_cap"": 0.15, ""kelly_multiplier"": 0.6, ""max_concurrent_trades"": 7, ""prob_threshold"": 0.4, ""stop_lambda"": 1.5}",True,,0.0,0.0,0.0,0.0,0.0,0.0,0.0,0,0,1183.4
phase1_sweep_80pct,standard,"{""hard_stop_loss"": 0.25, ""kelly_cap"": 0.15, ""kelly_multiplier"": 0.6, ""max_concurrent_trades"": 5, ""prob_threshold"": 0.4, ""stop_lambda"": 2.0}",True,,0.0,0.0,0.0,0.0,0.0,0.0,0.0,0,0,1184.0
phase1_sweep_80pct,standard,"{""hard_stop_loss"": 0.25, ""kelly_cap"": 0.15, ""kelly_multiplier"": 0.6, ""max_concurrent_trades"": 7, ""prob_threshold"": 0.4, ""stop_lambda"": 2.0}",True,,0.0,0.0,0.0,0.0,0.0,0.0,0.0,0,0,1184.1
phase1_sweep_80pct,standard,"{""hard_stop_loss"": 0.25, ""kelly_cap"": 0.15, ""kelly_multiplier"": 0.6, ""max_concurrent_trades"": 10, ""prob_threshold"": 0.4, ""stop_lambda"": 1.5}",True,,0.0,0.0,0.0,0.0,0.0,0.0,0.0,0,0,1184.3
phase1_sweep_80pct,standard,"{""hard_stop_loss"": 0.35, ""kelly_cap"": 0.15, ""kelly_multiplier"": 0.6, ""max_concurrent_trades"": 5, ""prob_threshold"": 0.4, ""stop_lambda"": 1.0}",True,,0.0,0.0,0.0,0.0,0.0,0.0,0.0,0,0,1184.8
phase1_sweep_80pct,standard,"{""hard_stop_loss"": 0.35, ""kelly_cap"": 0.15, ""kelly_multiplier"": 0.6, ""max_concurrent_trades"": 7, ""prob_threshold"": 0.4, ""stop_lambda"": 1.0}",True,,0.0,0.0,0.0,0.0,0.0,0.0,0.0,0,0,1184.8
phase1_sweep_80pct,standard,"{""hard_stop_loss"": 0.25, ""kelly_cap"": 0.15, ""kelly_multiplier"": 0.6, ""max_concurrent_trades"": 10, ""prob_threshold"": 0.4, ""stop_lambda"": 2.0}",True,,0.0,0.0,0.0,0.0,0.0,0.0,0.0,0,0,1184.9
phase1_sweep_80pct,standard,"{""hard_stop_loss"": 0.35, ""kelly_cap"": 0.15, ""kelly_multiplier"": 0.6, ""max_concurrent_trades"": 10, ""prob_threshold"": 0.4, ""stop_lambda"": 1.0}",True,,0.0,0.0,0.0,0.0,0.0,0.0,0.0,0,0,1185.4
phase1_sweep_80pct,standard,"{""hard_stop_loss"": 0.35, ""kelly_cap"": 0.15, ""kelly_multiplier"": 0.6, ""max_concurrent_trades"": 5, ""prob_threshold"": 0.4, ""stop_lambda"": 1.5}",True,,0.0,0.0,0.0,0.0,0.0,0.0,0.0,0,0,1185.6
phase1_sweep_80pct,standard,"{""hard_stop_loss"": 0.35, ""kelly_cap"": 0.15, ""kelly_multiplier"": 0.6, ""max_concurrent_trades"": 7, ""prob_threshold"": 0.4, ""stop_lambda"": 1.5}",True,,0.0,0.0,0.0,0.0,0.0,0.0,0.0,0,0,1186.1
phase1_sweep_80pct,standard,"{""hard_stop_loss"": 0.35, ""kelly_cap"": 0.15, ""kelly_multiplier"": 0.6, ""max_concurrent_trades"": 10, ""prob_threshold"": 0.4, ""stop_lambda"": 1.5}",True,,0.0,0.0,0.0,0.0,0.0,0.0,0.0,0,0,1186.2
phase1_sweep_80pct,standard,"{""hard_stop_loss"": 0.35, ""kelly_cap"": 0.15, ""kelly_multiplier"": 0.6, ""max_concurrent_trades"": 5, ""prob_threshold"": 0.4, ""stop_lambda"": 2.0}",True,,0.0,0.0,0.0,0.0,0.0,0.0,0.0,0,0,1186.3
phase1_sweep_80pct,standard,"{""hard_stop_loss"": 0.35, ""kelly_cap"": 0.15, ""kelly_multiplier"": 0.6, ""max_concurrent_trades"": 7, ""prob_threshold"": 0.4, ""stop_lambda"": 2.0}",True,,0.0,0.0,0.0,0.0,0.0,0.0,0.0,0,0,1186.6
phase1_sweep_80pct,standard,"{""hard_stop_loss"": 0.35, ""kelly_cap"": 0.15, ""kelly_multiplier"": 0.6, ""max_concurrent_trades"": 10, ""prob_threshold"": 0.4, ""stop_lambda"": 2.0}",True,,0.0,0.0,0.0,0.0,0.0,0.0,0.0,0,0,1186.9
phase1_sweep_80pct,standard,"{""hard_stop_loss"": 0.45, ""kelly_cap"": 0.15, ""kelly_multiplier"": 0.6, ""max_concurrent_trades"": 5, ""prob_threshold"": 0.4, ""stop_lambda"": 1.0}",True,,0.0,0.0,0.0,0.0,0.0,0.0,0.0,0,0,1187.0
phase1_sweep_80pct,standard,"{""hard_stop_loss"": 0.45, ""kelly_cap"": 0.15, ""kelly_multiplier"": 0.6, ""max_concurrent_trades"": 10, ""prob_threshold"": 0.4, ""stop_lambda"": 1.0}",True,,0.0,0.0,0.0,0.0,0.0,0.0,0.0,0,0,1187.6
phase1_sweep_80pct,standard,"{""hard_stop_loss"": 0.45, ""kelly_cap"": 0.15, ""kelly_multiplier"": 0.6, ""max_concurrent_trades"": 5, ""prob_threshold"": 0.4, ""stop_lambda"": 1.5}",True,,0.0,0.0,0.0,0.0,0.0,0.0,0.0,0,0,1187.7
phase1_sweep_80pct,standard,"{""hard_stop_loss"": 0.45, ""kelly_cap"": 0.15, ""kelly_multiplier"": 0.6, ""max_concurrent_trades"": 7, ""prob_threshold"": 0.4, ""stop_lambda"": 1.0}",True,,0.0,0.0,0.0,0.0,0.0,0.0,0.0,0,0,1187.8
phase1_sweep_80pct,standard,"{""hard_stop_loss"": 0.45, ""kelly_cap"": 0.15, ""kelly_multiplier"": 0.6, ""max_concurrent_trades"": 10, ""prob_threshold"": 0.4, ""stop_lambda"": 1.5}",True,,0.0,0.0,0.0,0.0,0.0,0.0,0.0,0,0,1188.4
phase1_sweep_80pct,standard,"{""hard_stop_loss"": 0.45, ""kelly_cap"": 0.15, ""kelly_multiplier"": 0.6, ""max_concurrent_trades"": 5, ""prob_threshold"": 0.4, ""stop_lambda"": 2.0}",True,,0.0,0.0,0.0,0.0,0.0,0.0,0.0,0,0,1188.4
phase1_sweep_80pct,standard,"{""hard_stop_loss"": 0.45, ""kelly_cap"": 0.15, ""kelly_multiplier"": 0.6, ""max_concurrent_trades"": 7, ""prob_threshold"": 0.4, ""stop_lambda"": 1.5}",True,,0.0,0.0,0.0,0.0,0.0,0.0,0.0,0,0,1188.4
phase1_sweep_80pct,standard,"{""hard_stop_loss"": 0.45, ""kelly_cap"": 0.15, ""kelly_multiplier"": 0.6, ""max_concurrent_trades"": 7, ""prob_threshold"": 0.4, ""stop_lambda"": 2.0}",True,,0.0,0.0,0.0,0.0,0.0,0.0,0.0,0,0,1189.1
phase1_sweep_80pct,standard,"{""hard_stop_loss"": 0.45, ""kelly_cap"": 0.15, ""kelly_multiplier"": 0.6, ""max_concurrent_trades"": 10, ""prob_threshold"": 0.4, ""stop_lambda"": 2.0}",True,,0.0,0.0,0.0,0.0,0.0,0.0,0.0,0,0,1189.1
phase1_sweep_80pct,standard,"{""hard_stop_loss"": 0.0, ""kelly_cap"": 0.25, ""kelly_multiplier"": 0.6, ""max_concurrent_trades"": 5, ""prob_threshold"": 0.4, ""stop_lambda"": 1.0}",True,,0.0,0.0,0.0,0.0,0.0,0.0,0.0,0,0,1189.6
phase1_sweep_80pct,standard,"{""hard_stop_loss"": 0.0, ""kelly_cap"": 0.25, ""kelly_multiplier"": 0.6, ""max_concurrent_trades"": 7, ""prob_threshold"": 0.4, ""stop_lambda"": 1.0}",True,,0.0,0.0,0.0,0.0,0.0,0.0,0.0,0,0,1189.8
phase1_sweep_80pct,standard,"{""hard_stop_loss"": 0.0, ""kelly_cap"": 0.25, ""kelly_multiplier"": 0.6, ""max_concurrent_trades"": 10, ""prob_threshold"": 0.4, ""stop_lambda"": 1.0}",True,,0.0,0.0,0.0,0.0,0.0,0.0,0.0,0,0,1189.9
phase1_sweep_80pct,standard,"{""hard_stop_loss"": 0.0, ""kelly_cap"": 0.25, ""kelly_multiplier"": 0.6, ""max_concurrent_trades"": 5, ""prob_threshold"": 0.4, ""stop_lambda"": 1.5}",True,,0.0,0.0,0.0,0.0,0.0,0.0,0.0,0,0,1190.3
phase1_sweep_80pct,standard,"{""hard_stop_loss"": 0.0, ""kelly_cap"": 0.25, ""kelly_multiplier"": 0.6, ""max_concurrent_trades"": 7, ""prob_threshold"": 0.4, ""stop_lambda"": 1.5}",True,,0.0,0.0,0.0,0.0,0.0,0.0,0.0,0,0,1190.5
phase1_sweep_80pct,standard,"{""hard_stop_loss"": 0.0, ""kelly_cap"": 0.25, ""kelly_multiplier"": 0.6, ""max_concurrent_trades"": 10, ""prob_threshold"": 0.4, ""stop_lambda"": 1.5}",True,,0.0,0.0,0.0,0.0,0.0,0.0,0.0,0,0,1190.5
phase1_sweep_80pct,standard,"{""hard_stop_loss"": 0.0, ""kelly_cap"": 0.25, ""kelly_multiplier"": 0.6, ""max_concurrent_trades"": 7, ""prob_threshold"": 0.4, ""stop_lambda"": 2.0}",True,,0.0,0.0,0.0,0.0,0.0,0.0,0.0,0,0,1191.3
phase1_sweep_80pct,standard,"{""hard_stop_loss"": 0.0, ""kelly_cap"": 0.25, ""kelly_multiplier"": 0.6, ""max_concurrent_trades"": 10, ""prob_threshold"": 0.4, ""stop_lambda"": 2.0}",True,,0.0,0.0,0.0,0.0,0.0,0.0,0.0,0,0,1191.3
phase1_sweep_80pct,standard,"{""hard_stop_loss"": 0.0, ""kelly_cap"": 0.25, ""kelly_multiplier"": 0.6, ""max_concurrent_trades"": 5, ""prob_threshold"": 0.4, ""stop_lambda"": 2.0}",True,,0.0,0.0,0.0,0.0,0.0,0.0,0.0,0,0,1191.4
phase1_sweep_80pct,standard,"{""hard_stop_loss"": 0.07, ""kelly_cap"": 0.25, ""kelly_multiplier"": 0.6, ""max_concurrent_trades"": 7, ""prob_threshold"": 0.4, ""stop_lambda"": 1.0}",True,,0.0,0.0,0.0,0.0,0.0,0.0,0.0,0,0,1191.9
phase1_sweep_80pct,standard,"{""hard_stop_loss"": 0.07, ""kelly_cap"": 0.25, ""kelly_multiplier"": 0.6, ""max_concurrent_trades"": 10, ""prob_threshold"": 0.4, ""stop_lambda"": 1.0}",True,,0.0,0.0,0.0,0.0,0.0,0.0,0.0,0,0,1192.0
phase1_sweep_80pct,standard,"{""hard_stop_loss"": 0.07, ""kelly_cap"": 0.25, ""kelly_multiplier"": 0.6, ""max_concurrent_trades"": 5, ""prob_threshold"": 0.4, ""stop_lambda"": 1.0}",True,,0.0,0.0,0.0,0.0,0.0,0.0,0.0,0,0,1192.1
phase1_sweep_80pct,standard,"{""hard_stop_loss"": 0.07, ""kelly_cap"": 0.25, ""kelly_multiplier"": 0.6, ""max_concurrent_trades"": 5, ""prob_threshold"": 0.4, ""stop_lambda"": 1.5}",True,,0.0,0.0,0.0,0.0,0.0,0.0,0.0,0,0,1192.7
phase1_sweep_80pct,standard,"{""hard_stop_loss"": 0.07, ""kelly_cap"": 0.25, ""kelly_multiplier"": 0.6, ""max_concurrent_trades"": 7, ""prob_threshold"": 0.4, ""stop_lambda"": 1.5}",True,,0.0,0.0,0.0,0.0,0.0,0.0,0.0,0,0,1192.8
phase1_sweep_80pct,standard,"{""hard_stop_loss"": 0.07, ""kelly_cap"": 0.25, ""kelly_multiplier"": 0.6, ""max_concurrent_trades"": 10, ""prob_threshold"": 0.4, ""stop_lambda"": 1.5}",True,,0.0,0.0,0.0,0.0,0.0,0.0,0.0,0,0,1193.2
phase1_sweep_80pct,standard,"{""hard_stop_loss"": 0.07, ""kelly_cap"": 0.25, ""kelly_multiplier"": 0.6, ""max_concurrent_trades"": 5, ""prob_threshold"": 0.4, ""stop_lambda"": 2.0}",True,,0.0,0.0,0.0,0.0,0.0,0.0,0.0,0,0,1193.4
phase1_sweep_80pct,standard,"{""hard_stop_loss"": 0.07, ""kelly_cap"": 0.25, ""kelly_multiplier"": 0.6, ""max_concurrent_trades"": 7, ""prob_threshold"": 0.4, ""stop_lambda"": 2.0}",True,,0.0,0.0,0.0,0.0,0.0,0.0,0.0,0,0,1193.4
phase1_sweep_80pct,standard,"{""hard_stop_loss"": 0.07, ""kelly_cap"": 0.25, ""kelly_multiplier"": 0.6, ""max_concurrent_trades"": 10, ""prob_threshold"": 0.4, ""stop_lambda"": 2.0}",True,,0.0,0.0,0.0,0.0,0.0,0.0,0.0,0,0,1193.8
phase1_sweep_80pct,standard,"{""hard_stop_loss"": 0.15, ""kelly_cap"": 0.25, ""kelly_multiplier"": 0.6, ""max_concurrent_trades"": 5, ""prob_threshold"": 0.4, ""stop_lambda"": 1.0}",True,,0.0,0.0,0.0,0.0,0.0,0.0,0.0,0,0,1194.1
phase1_sweep_80pct,standard,"{""hard_stop_loss"": 0.15, ""kelly_cap"": 0.25, ""kelly_multiplier"": 0.6, ""max_concurrent_trades"": 7, ""prob_threshold"": 0.4, ""stop_lambda"": 1.0}",True,,0.0,0.0,0.0,0.0,0.0,0.0,0.0,0,0,1194.2
phase1_sweep_80pct,standard,"{""hard_stop_loss"": 0.15, ""kelly_cap"": 0.25, ""kelly_multiplier"": 0.6, ""max_concurrent_trades"": 5, ""prob_threshold"": 0.4, ""stop_lambda"": 1.5}",True,,0.0,0.0,0.0,0.0,0.0,0.0,0.0,0,0,1194.8
phase1_sweep_80pct,standard,"{""hard_stop_loss"": 0.15, ""kelly_cap"": 0.25, ""kelly_multiplier"": 0.6, ""max_concurrent_trades"": 7, ""prob_threshold"": 0.4, ""stop_lambda"": 1.5}",True,,0.0,0.0,0.0,0.0,0.0,0.0,0.0,0,0,1194.9
phase1_sweep_80pct,standard,"{""hard_stop_loss"": 0.15, ""kelly_cap"": 0.25, ""kelly_multiplier"": 0.6, ""max_concurrent_trades"": 10, ""prob_threshold"": 0.4, ""stop_lambda"": 1.0}",True,,0.0,0.0,0.0,0.0,0.0,0.0,0.0,0,0,1195.0
phase1_sweep_80pct,standard,"{""hard_stop_loss"": 0.15, ""kelly_cap"": 0.25, ""kelly_multiplier"": 0.6, ""max_concurrent_trades"": 5, ""prob_threshold"": 0.4, ""stop_lambda"": 2.0}",True,,0.0,0.0,0.0,0.0,0.0,0.0,0.0,0,0,1195.6
phase1_sweep_80pct,standard,"{""hard_stop_loss"": 0.15, ""kelly_cap"": 0.25, ""kelly_multiplier"": 0.6, ""max_concurrent_trades"": 10, ""prob_threshold"": 0.4, ""stop_lambda"": 1.5}",True,,0.0,0.0,0.0,0.0,0.0,0.0,0.0,0,0,1195.7
phase1_sweep_80pct,standard,"{""hard_stop_loss"": 0.15, ""kelly_cap"": 0.25, ""kelly_multiplier"": 0.6, ""max_concurrent_trades"": 7, ""prob_threshold"": 0.4, ""stop_lambda"": 2.0}",True,,0.0,0.0,0.0,0.0,0.0,0.0,0.0,0,0,1195.7
phase1_sweep_80pct,standard,"{""hard_stop_loss"": 0.15, ""kelly_cap"": 0.25, ""kelly_multiplier"": 0.6, ""max_concurrent_trades"": 10, ""prob_threshold"": 0.4, ""stop_lambda"": 2.0}",True,,0.0,0.0,0.0,0.0,0.0,0.0,0.0,0,0,1196.3
phase1_sweep_80pct,standard,"{""hard_stop_loss"": 0.25, ""kelly_cap"": 0.25, ""kelly_multiplier"": 0.6, ""max_concurrent_trades"": 5, ""prob_threshold"": 0.4, ""stop_lambda"": 1.0}",True,,0.0,0.0,0.0,0.0,0.0,0.0,0.0,0,0,1196.3
phase1_sweep_80pct,standard,"{""hard_stop_loss"": 0.25, ""kelly_cap"": 0.25, ""kelly_multiplier"": 0.6, ""max_concurrent_trades"": 7, ""prob_threshold"": 0.4, ""stop_lambda"": 1.0}",True,,0.0,0.0,0.0,0.0,0.0,0.0,0.0,0,0,1196.9
phase1_sweep_80pct,standard,"{""hard_stop_loss"": 0.25, ""kelly_cap"": 0.25, ""kelly_multiplier"": 0.6, ""max_concurrent_trades"": 10, ""prob_threshold"": 0.4, ""stop_lambda"": 1.0}",True,,0.0,0.0,0.0,0.0,0.0,0.0,0.0,0,0,1197.0
phase1_sweep_80pct,standard,"{""hard_stop_loss"": 0.25, ""kelly_cap"": 0.25, ""kelly_multiplier"": 0.6, ""max_concurrent_trades"": 7, ""prob_threshold"": 0.4, ""stop_lambda"": 1.5}",True,,0.0,0.0,0.0,0.0,0.0,0.0,0.0,0,0,1197.1
phase1_sweep_80pct,standard,"{""hard_stop_loss"": 0.25, ""kelly_cap"": 0.25, ""kelly_multiplier"": 0.6, ""max_concurrent_trades"": 5, ""prob_threshold"": 0.4, ""stop_lambda"": 1.5}",True,,0.0,0.0,0.0,0.0,0.0,0.0,0.0,0,0,1197.5
phase1_sweep_80pct,standard,"{""hard_stop_loss"": 0.25, ""kelly_cap"": 0.25, ""kelly_multiplier"": 0.6, ""max_concurrent_trades"": 10, ""prob_threshold"": 0.4, ""stop_lambda"": 1.5}",True,,0.0,0.0,0.0,0.0,0.0,0.0,0.0,0,0,1197.7
phase1_sweep_80pct,standard,"{""hard_stop_loss"": 0.25, ""kelly_cap"": 0.25, ""kelly_multiplier"": 0.6, ""max_concurrent_trades"": 5, ""prob_threshold"": 0.4, ""stop_lambda"": 2.0}",True,,0.0,0.0,0.0,0.0,0.0,0.0,0.0,0,0,1197.8
phase1_sweep_80pct,standard,"{""hard_stop_loss"": 0.25, ""kelly_cap"": 0.25, ""kelly_multiplier"": 0.6, ""max_concurrent_trades"": 10, ""prob_threshold"": 0.4, ""stop_lambda"": 2.0}",True,,0.0,0.0,0.0,0.0,0.0,0.0,0.0,0,0,1198.5
phase1_sweep_80pct,standard,"{""hard_stop_loss"": 0.35, ""kelly_cap"": 0.25, ""kelly_multiplier"": 0.6, ""max_concurrent_trades"": 5, ""prob_threshold"": 0.4, ""stop_lambda"": 1.0}",True,,0.0,0.0,0.0,0.0,0.0,0.0,0.0,0,0,1198.6
phase1_sweep_80pct,standard,"{""hard_stop_loss"": 0.25, ""kelly_cap"": 0.25, ""kelly_multiplier"": 0.6, ""max_concurrent_trades"": 7, ""prob_threshold"": 0.4, ""stop_lambda"": 2.0}",True,,0.0,0.0,0.0,0.0,0.0,0.0,0.0,0,0,1198.6
phase1_sweep_80pct,standard,"{""hard_stop_loss"": 0.35, ""kelly_cap"": 0.25, ""kelly_multiplier"": 0.6, ""max_concurrent_trades"": 10, ""prob_threshold"": 0.4, ""stop_lambda"": 1.0}",True,,0.0,0.0,0.0,0.0,0.0,0.0,0.0,0,0,1199.2
phase1_sweep_80pct,standard,"{""hard_stop_loss"": 0.35, ""kelly_cap"": 0.25, ""kelly_multiplier"": 0.6, ""max_concurrent_trades"": 5, ""prob_threshold"": 0.4, ""stop_lambda"": 1.5}",True,,0.0,0.0,0.0,0.0,0.0,0.0,0.0,0,0,1199.2
phase1_sweep_80pct,standard,"{""hard_stop_loss"": 0.35, ""kelly_cap"": 0.25, ""kelly_multiplier"": 0.6, ""max_concurrent_trades"": 7, ""prob_threshold"": 0.4, ""stop_lambda"": 1.0}",True,,0.0,0.0,0.0,0.0,0.0,0.0,0.0,0,0,1199.3
phase1_sweep_80pct,standard,"{""hard_stop_loss"": 0.35, ""kelly_cap"": 0.25, ""kelly_multiplier"": 0.6, ""max_concurrent_trades"": 7, ""prob_threshold"": 0.4, ""stop_lambda"": 1.5}",True,,0.0,0.0,0.0,0.0,0.0,0.0,0.0,0,0,1199.9
phase1_sweep_80pct,standard,"{""hard_stop_loss"": 0.35, ""kelly_cap"": 0.25, ""kelly_multiplier"": 0.6, ""max_concurrent_trades"": 10, ""prob_threshold"": 0.4, ""stop_lambda"": 1.5}",True,,0.0,0.0,0.0,0.0,0.0,0.0,0.0,0,0,1200.0
phase1_sweep_80pct,standard,"{""hard_stop_loss"": 0.35, ""kelly_cap"": 0.25, ""kelly_multiplier"": 0.6, ""max_concurrent_trades"": 5, ""prob_threshold"": 0.4, ""stop_lambda"": 2.0}",True,,0.0,0.0,0.0,0.0,0.0,0.0,0.0,0,0,1200.5
phase1_sweep_80pct,standard,"{""hard_stop_loss"": 0.35, ""kelly_cap"": 0.25, ""kelly_multiplier"": 0.6, ""max_concurrent_trades"": 7, ""prob_threshold"": 0.4, ""stop_lambda"": 2.0}",True,,0.0,0.0,0.0,0.0,0.0,0.0,0.0,0,0,1200.6
phase1_sweep_80pct,standard,"{""hard_stop_loss"": 0.35, ""kelly_cap"": 0.25, ""kelly_multiplier"": 0.6, ""max_concurrent_trades"": 10, ""prob_threshold"": 0.4, ""stop_lambda"": 2.0}",True,,0.0,0.0,0.0,0.0,0.0,0.0,0.0,0,0,1200.7
phase1_sweep_80pct,standard,"{""hard_stop_loss"": 0.45, ""kelly_cap"": 0.25, ""kelly_multiplier"": 0.6, ""max_concurrent_trades"": 5, ""prob_threshold"": 0.4, ""stop_lambda"": 1.0}",True,,0.0,0.0,0.0,0.0,0.0,0.0,0.0,0,0,1201.1
phase1_sweep_80pct,standard,"{""hard_stop_loss"": 0.45, ""kelly_cap"": 0.25, ""kelly_multiplier"": 0.6, ""max_concurrent_trades"": 7, ""prob_threshold"": 0.4, ""stop_lambda"": 1.0}",True,,0.0,0.0,0.0,0.0,0.0,0.0,0.0,0,0,1201.3
phase1_sweep_80pct,standard,"{""hard_stop_loss"": 0.45, ""kelly_cap"": 0.25, ""kelly_multiplier"": 0.6, ""max_concurrent_trades"": 10, ""prob_threshold"": 0.4, ""stop_lambda"": 1.0}",True,,0.0,0.0,0.0,0.0,0.0,0.0,0.0,0,0,1201.5
phase1_sweep_80pct,standard,"{""hard_stop_loss"": 0.45, ""kelly_cap"": 0.25, ""kelly_multiplier"": 0.6, ""max_concurrent_trades"": 7, ""prob_threshold"": 0.4, ""stop_lambda"": 1.5}",True,,0.0,0.0,0.0,0.0,0.0,0.0,0.0,0,0,1202.1
phase1_sweep_80pct,standard,"{""hard_stop_loss"": 0.45, ""kelly_cap"": 0.25, ""kelly_multiplier"": 0.6, ""max_concurrent_trades"": 10, ""prob_threshold"": 0.4, ""stop_lambda"": 1.5}",True,,0.0,0.0,0.0,0.0,0.0,0.0,0.0,0,0,1202.2
phase1_sweep_80pct,standard,"{""hard_stop_loss"": 0.45, ""kelly_cap"": 0.25, ""kelly_multiplier"": 0.6, ""max_concurrent_trades"": 5, ""prob_threshold"": 0.4, ""stop_lambda"": 1.5}",True,,0.0,0.0,0.0,0.0,0.0,0.0,0.0,0,0,1202.2
phase1_sweep_80pct,standard,"{""hard_stop_loss"": 0.45, ""kelly_cap"": 0.25, ""kelly_multiplier"": 0.6, ""max_concurrent_trades"": 7, ""prob_threshold"": 0.4, ""stop_lambda"": 2.0}",True,,0.0,0.0,0.0,0.0,0.0,0.0,0.0,0,0,1202.8
phase1_sweep_80pct,standard,"{""hard_stop_loss"": 0.45, ""kelly_cap"": 0.25, ""kelly_multiplier"": 0.6, ""max_concurrent_trades"": 5, ""prob_threshold"": 0.4, ""stop_lambda"": 2.0}",True,,0.0,0.0,0.0,0.0,0.0,0.0,0.0,0,0,1202.9
phase1_sweep_80pct,standard,"{""hard_stop_loss"": 0.45, ""kelly_cap"": 0.25, ""kelly_multiplier"": 0.6, ""max_concurrent_trades"": 10, ""prob_threshold"": 0.4, ""stop_lambda"": 2.0}",True,,0.0,0.0,0.0,0.0,0.0,0.0,0.0,0,0,1202.9
phase1_sweep_80pct,standard,"{""hard_stop_loss"": 0.0, ""kelly_cap"": 0.35, ""kelly_multiplier"": 0.6, ""max_concurrent_trades"": 5, ""prob_threshold"": 0.4, ""stop_lambda"": 1.0}",True,,0.0,0.0,0.0,0.0,0.0,0.0,0.0,0,0,1203.6
phase1_sweep_80pct,standard,"{""hard_stop_loss"": 0.0, ""kelly_cap"": 0.35, ""kelly_multiplier"": 0.6, ""max_concurrent_trades"": 7, ""prob_threshold"": 0.4, ""stop_lambda"": 1.0}",True,,0.0,0.0,0.0,0.0,0.0,0.0,0.0,0,0,1203.6
phase1_sweep_80pct,standard,"{""hard_stop_loss"": 0.0, ""kelly_cap"": 0.35, ""kelly_multiplier"": 0.6, ""max_concurrent_trades"": 10, ""prob_threshold"": 0.4, ""stop_lambda"": 1.0}",True,,0.0,0.0,0.0,0.0,0.0,0.0,0.0,0,0,1204.1
phase1_sweep_80pct,standard,"{""hard_stop_loss"": 0.0, ""kelly_cap"": 0.35, ""kelly_multiplier"": 0.6, ""max_concurrent_trades"": 5, ""prob_threshold"": 0.4, ""stop_lambda"": 1.5}",True,,0.0,0.0,0.0,0.0,0.0,0.0,0.0,0,0,1204.2
phase1_sweep_80pct,standard,"{""hard_stop_loss"": 0.0, ""kelly_cap"": 0.35, ""kelly_multiplier"": 0.6, ""max_concurrent_trades"": 10, ""prob_threshold"": 0.4, ""stop_lambda"": 1.5}",True,,0.0,0.0,0.0,0.0,0.0,0.0,0.0,0,0,1204.3
phase1_sweep_80pct,standard,"{""hard_stop_loss"": 0.0, ""kelly_cap"": 0.35, ""kelly_multiplier"": 0.6, ""max_concurrent_trades"": 7, ""prob_threshold"": 0.4, ""stop_lambda"": 1.5}",True,,0.0,0.0,0.0,0.0,0.0,0.0,0.0,0,0,1204.7
phase1_sweep_80pct,standard,"{""hard_stop_loss"": 0.0, ""kelly_cap"": 0.35, ""kelly_multiplier"": 0.6, ""max_concurrent_trades"": 5, ""prob_threshold"": 0.4, ""stop_lambda"": 2.0}",True,,0.0,0.0,0.0,0.0,0.0,0.0,0.0,0,0,1205.0
phase1_sweep_80pct,standard,"{""hard_stop_loss"": 0.0, ""kelly_cap"": 0.35, ""kelly_multiplier"": 0.6, ""max_concurrent_trades"": 7, ""prob_threshold"": 0.4, ""stop_lambda"": 2.0}",True,,0.0,0.0,0.0,0.0,0.0,0.0,0.0,0,0,1205.1
phase1_sweep_80pct,standard,"{""hard_stop_loss"": 0.07, ""kelly_cap"": 0.35, ""kelly_multiplier"": 0.6, ""max_concurrent_trades"": 5, ""prob_threshold"": 0.4, ""stop_lambda"": 1.0}",True,,0.0,0.0,0.0,0.0,0.0,0.0,0.0,0,0,1205.7
phase1_sweep_80pct,standard,"{""hard_stop_loss"": 0.07, ""kelly_cap"": 0.35, ""kelly_multiplier"": 0.6, ""max_concurrent_trades"": 7, ""prob_threshold"": 0.4, ""stop_lambda"": 1.0}",True,,0.0,0.0,0.0,0.0,0.0,0.0,0.0,0,0,1205.8
phase1_sweep_80pct,standard,"{""hard_stop_loss"": 0.0, ""kelly_cap"": 0.35, ""kelly_multiplier"": 0.6, ""max_concurrent_trades"": 10, ""prob_threshold"": 0.4, ""stop_lambda"": 2.0}",True,,0.0,0.0,0.0,0.0,0.0,0.0,0.0,0,0,1205.9
phase1_sweep_80pct,standard,"{""hard_stop_loss"": 0.07, ""kelly_cap"": 0.35, ""kelly_multiplier"": 0.6, ""max_concurrent_trades"": 5, ""prob_threshold"": 0.4, ""stop_lambda"": 1.5}",True,,0.0,0.0,0.0,0.0,0.0,0.0,0.0,0,0,1206.5
phase1_sweep_80pct,standard,"{""hard_stop_loss"": 0.07, ""kelly_cap"": 0.35, ""kelly_multiplier"": 0.6, ""max_concurrent_trades"": 10, ""prob_threshold"": 0.4, ""stop_lambda"": 1.0}",True,,0.0,0.0,0.0,0.0,0.0,0.0,0.0,0,0,1206.5
phase1_sweep_80pct,standard,"{""hard_stop_loss"": 0.07, ""kelly_cap"": 0.35, ""kelly_multiplier"": 0.6, ""max_concurrent_trades"": 7, ""prob_threshold"": 0.4, ""stop_lambda"": 1.5}",True,,0.0,0.0,0.0,0.0,0.0,0.0,0.0,0,0,1206.6
phase1_sweep_80pct,standard,"{""hard_stop_loss"": 0.07, ""kelly_cap"": 0.35, ""kelly_multiplier"": 0.6, ""max_concurrent_trades"": 10, ""prob_threshold"": 0.4, ""stop_lambda"": 1.5}",True,,0.0,0.0,0.0,0.0,0.0,0.0,0.0,0,0,1207.1
phase1_sweep_80pct,standard,"{""hard_stop_loss"": 0.07, ""kelly_cap"": 0.35, ""kelly_multiplier"": 0.6, ""max_concurrent_trades"": 5, ""prob_threshold"": 0.4, ""stop_lambda"": 2.0}",True,,0.0,0.0,0.0,0.0,0.0,0.0,0.0,0,0,1207.3
phase1_sweep_80pct,standard,"{""hard_stop_loss"": 0.07, ""kelly_cap"": 0.35, ""kelly_multiplier"": 0.6, ""max_concurrent_trades"": 7, ""prob_threshold"": 0.4, ""stop_lambda"": 2.0}",True,,0.0,0.0,0.0,0.0,0.0,0.0,0.0,0,0,1207.7
phase1_sweep_80pct,standard,"{""hard_stop_loss"": 0.07, ""kelly_cap"": 0.35, ""kelly_multiplier"": 0.6, ""max_concurrent_trades"": 10, ""prob_threshold"": 0.4, ""stop_lambda"": 2.0}",True,,0.0,0.0,0.0,0.0,0.0,0.0,0.0,0,0,1207.9
phase1_sweep_80pct,standard,"{""hard_stop_loss"": 0.15, ""kelly_cap"": 0.35, ""kelly_multiplier"": 0.6, ""max_concurrent_trades"": 7, ""prob_threshold"": 0.4, ""stop_lambda"": 1.0}",True,,0.0,0.0,0.0,0.0,0.0,0.0,0.0,0,0,1208.0
phase1_sweep_80pct,standard,"{""hard_stop_loss"": 0.15, ""kelly_cap"": 0.35, ""kelly_multiplier"": 0.6, ""max_concurrent_trades"": 5, ""prob_threshold"": 0.4, ""stop_lambda"": 1.0}",True,,0.0,0.0,0.0,0.0,0.0,0.0,0.0,0,0,1208.3
phase1_sweep_80pct,standard,"{""hard_stop_loss"": 0.15, ""kelly_cap"": 0.35, ""kelly_multiplier"": 0.6, ""max_concurrent_trades"": 10, ""prob_threshold"": 0.4, ""stop_lambda"": 1.0}",True,,0.0,0.0,0.0,0.0,0.0,0.0,0.0,0,0,1208.5
phase1_sweep_80pct,standard,"{""hard_stop_loss"": 0.15, ""kelly_cap"": 0.35, ""kelly_multiplier"": 0.6, ""max_concurrent_trades"": 5, ""prob_threshold"": 0.4, ""stop_lambda"": 1.5}",True,,0.0,0.0,0.0,0.0,0.0,0.0,0.0,0,0,1208.7
phase1_sweep_80pct,standard,"{""hard_stop_loss"": 0.15, ""kelly_cap"": 0.35, ""kelly_multiplier"": 0.6, ""max_concurrent_trades"": 10, ""prob_threshold"": 0.4, ""stop_lambda"": 1.5}",True,,0.0,0.0,0.0,0.0,0.0,0.0,0.0,0,0,1209.4
phase1_sweep_80pct,standard,"{""hard_stop_loss"": 0.15, ""kelly_cap"": 0.35, ""kelly_multiplier"": 0.6, ""max_concurrent_trades"": 5, ""prob_threshold"": 0.4, ""stop_lambda"": 2.0}",True,,0.0,0.0,0.0,0.0,0.0,0.0,0.0,0,0,1209.4
phase1_sweep_80pct,standard,"{""hard_stop_loss"": 0.15, ""kelly_cap"": 0.35, ""kelly_multiplier"": 0.6, ""max_concurrent_trades"": 7, ""prob_threshold"": 0.4, ""stop_lambda"": 1.5}",True,,0.0,0.0,0.0,0.0,0.0,0.0,0.0,0,0,1209.5
phase1_sweep_80pct,standard,"{""hard_stop_loss"": 0.15, ""kelly_cap"": 0.35, ""kelly_multiplier"": 0.6, ""max_concurrent_trades"": 10, ""prob_threshold"": 0.4, ""stop_lambda"": 2.0}",True,,0.0,0.0,0.0,0.0,0.0,0.0,0.0,0,0,1210.0
phase1_sweep_80pct,standard,"{""hard_stop_loss"": 0.15, ""kelly_cap"": 0.35, ""kelly_multiplier"": 0.6, ""max_concurrent_trades"": 7, ""prob_threshold"": 0.4, ""stop_lambda"": 2.0}",True,,0.0,0.0,0.0,0.0,0.0,0.0,0.0,0,0,1210.1
phase1_sweep_80pct,standard,"{""hard_stop_loss"": 0.25, ""kelly_cap"": 0.35, ""kelly_multiplier"": 0.6, ""max_concurrent_trades"": 5, ""prob_threshold"": 0.4, ""stop_lambda"": 1.0}",True,,0.0,0.0,0.0,0.0,0.0,0.0,0.0,0,0,1210.1
phase1_sweep_80pct,standard,"{""hard_stop_loss"": 0.25, ""kelly_cap"": 0.35, ""kelly_multiplier"": 0.6, ""max_concurrent_trades"": 7, ""prob_threshold"": 0.4, ""stop_lambda"": 1.0}",True,,0.0,0.0,0.0,0.0,0.0,0.0,0.0,0,0,1210.8
phase1_sweep_80pct,standard,"{""hard_stop_loss"": 0.25, ""kelly_cap"": 0.35, ""kelly_multiplier"": 0.6, ""max_concurrent_trades"": 10, ""prob_threshold"": 0.4, ""stop_lambda"": 1.0}",True,,0.0,0.0,0.0,0.0,0.0,0.0,0.0,0,0,1210.9
phase1_sweep_80pct,standard,"{""hard_stop_loss"": 0.25, ""kelly_cap"": 0.35, ""kelly_multiplier"": 0.6, ""max_concurrent_trades"": 5, ""prob_threshold"": 0.4, ""stop_lambda"": 1.5}",True,,0.0,0.0,0.0,0.0,0.0,0.0,0.0,0,0,1211.3
phase1_sweep_80pct,standard,"{""hard_stop_loss"": 0.25, ""kelly_cap"": 0.35, ""kelly_multiplier"": 0.6, ""max_concurrent_trades"": 7, ""prob_threshold"": 0.4, ""stop_lambda"": 1.5}",True,,0.0,0.0,0.0,0.0,0.0,0.0,0.0,0,0,1211.4
phase1_sweep_80pct,standard,"{""hard_stop_loss"": 0.25, ""kelly_cap"": 0.35, ""kelly_multiplier"": 0.6, ""max_concurrent_trades"": 5, ""prob_threshold"": 0.4, ""stop_lambda"": 2.0}",True,,0.0,0.0,0.0,0.0,0.0,0.0,0.0,0,0,1211.6
phase1_sweep_80pct,standard,"{""hard_stop_loss"": 0.25, ""kelly_cap"": 0.35, ""kelly_multiplier"": 0.6, ""max_concurrent_trades"": 10, ""prob_threshold"": 0.4, ""stop_lambda"": 1.5}",True,,0.0,0.0,0.0,0.0,0.0,0.0,0.0,0,0,1211.9
phase1_sweep_80pct,standard,"{""hard_stop_loss"": 0.25, ""kelly_cap"": 0.35, ""kelly_multiplier"": 0.6, ""max_concurrent_trades"": 7, ""prob_threshold"": 0.4, ""stop_lambda"": 2.0}",True,,0.0,0.0,0.0,0.0,0.0,0.0,0.0,0,0,1212.3
phase1_sweep_80pct,standard,"{""hard_stop_loss"": 0.25, ""kelly_cap"": 0.35, ""kelly_multiplier"": 0.6, ""max_concurrent_trades"": 10, ""prob_threshold"": 0.4, ""stop_lambda"": 2.0}",True,,0.0,0.0,0.0,0.0,0.0,0.0,0.0,0,0,1212.3
phase1_sweep_80pct,standard,"{""hard_stop_loss"": 0.35, ""kelly_cap"": 0.35, ""kelly_multiplier"": 0.6, ""max_concurrent_trades"": 7, ""prob_threshold"": 0.4, ""stop_lambda"": 1.0}",True,,0.0,0.0,0.0,0.0,0.0,0.0,0.0,0,0,1212.8
phase1_sweep_80pct,standard,"{""hard_stop_loss"": 0.35, ""kelly_cap"": 0.35, ""kelly_multiplier"": 0.6, ""max_concurrent_trades"": 10, ""prob_threshold"": 0.4, ""stop_lambda"": 1.0}",True,,0.0,0.0,0.0,0.0,0.0,0.0,0.0,0,0,1213.1
phase1_sweep_80pct,standard,"{""hard_stop_loss"": 0.35, ""kelly_cap"": 0.35, ""kelly_multiplier"": 0.6, ""max_concurrent_trades"": 5, ""prob_threshold"": 0.4, ""stop_lambda"": 1.0}",True,,0.0,0.0,0.0,0.0,0.0,0.0,0.0,0,0,1213.1
phase1_sweep_80pct,standard,"{""hard_stop_loss"": 0.35, ""kelly_cap"": 0.35, ""kelly_multiplier"": 0.6, ""max_concurrent_trades"": 7, ""prob_threshold"": 0.4, ""stop_lambda"": 1.5}",True,,0.0,0.0,0.0,0.0,0.0,0.0,0.0,0,0,1213.7
phase1_sweep_80pct,standard,"{""hard_stop_loss"": 0.35, ""kelly_cap"": 0.35, ""kelly_multiplier"": 0.6, ""max_concurrent_trades"": 5, ""prob_threshold"": 0.4, ""stop_lambda"": 1.5}",True,,0.0,0.0,0.0,0.0,0.0,0.0,0.0,0,0,1213.7
phase1_sweep_80pct,standard,"{""hard_stop_loss"": 0.35, ""kelly_cap"": 0.35, ""kelly_multiplier"": 0.6, ""max_concurrent_trades"": 10, ""prob_threshold"": 0.4, ""stop_lambda"": 1.5}",True,,0.0,0.0,0.0,0.0,0.0,0.0,0.0,0,0,1213.8
phase1_sweep_80pct,standard,"{""hard_stop_loss"": 0.35, ""kelly_cap"": 0.35, ""kelly_multiplier"": 0.6, ""max_concurrent_trades"": 5, ""prob_threshold"": 0.4, ""stop_lambda"": 2.0}",True,,0.0,0.0,0.0,0.0,0.0,0.0,0.0,0,0,1214.3
phase1_sweep_80pct,standard,"{""hard_stop_loss"": 0.35, ""kelly_cap"": 0.35, ""kelly_multiplier"": 0.6, ""max_concurrent_trades"": 7, ""prob_threshold"": 0.4, ""stop_lambda"": 2.0}",True,,0.0,0.0,0.0,0.0,0.0,0.0,0.0,0,0,1214.5
phase1_sweep_80pct,standard,"{""hard_stop_loss"": 0.35, ""kelly_cap"": 0.35, ""kelly_multiplier"": 0.6, ""max_concurrent_trades"": 10, ""prob_threshold"": 0.4, ""stop_lambda"": 2.0}",True,,0.0,0.0,0.0,0.0,0.0,0.0,0.0,0,0,1214.9
phase1_sweep_80pct,standard,"{""hard_stop_loss"": 0.45, ""kelly_cap"": 0.35, ""kelly_multiplier"": 0.6, ""max_concurrent_trades"": 5, ""prob_threshold"": 0.4, ""stop_lambda"": 1.0}",True,,0.0,0.0,0.0,0.0,0.0,0.0,0.0,0,0,1215.2
phase1_sweep_80pct,standard,"{""hard_stop_loss"": 0.45, ""kelly_cap"": 0.35, ""kelly_multiplier"": 0.6, ""max_concurrent_trades"": 10, ""prob_threshold"": 0.4, ""stop_lambda"": 1.0}",True,,0.0,0.0,0.0,0.0,0.0,0.0,0.0,0,0,1215.2
phase1_sweep_80pct,standard,"{""hard_stop_loss"": 0.45, ""kelly_cap"": 0.35, ""kelly_multiplier"": 0.6, ""max_concurrent_trades"": 7, ""prob_threshold"": 0.4, ""stop_lambda"": 1.0}",True,,0.0,0.0,0.0,0.0,0.0,0.0,0.0,0,0,1215.5
phase1_sweep_80pct,standard,"{""hard_stop_loss"": 0.45, ""kelly_cap"": 0.35, ""kelly_multiplier"": 0.6, ""max_concurrent_trades"": 5, ""prob_threshold"": 0.4, ""stop_lambda"": 1.5}",True,,0.0,0.0,0.0,0.0,0.0,0.0,0.0,0,0,1215.8
phase1_sweep_80pct,standard,"{""hard_stop_loss"": 0.45, ""kelly_cap"": 0.35, ""kelly_multiplier"": 0.6, ""max_concurrent_trades"": 7, ""prob_threshold"": 0.4, ""stop_lambda"": 1.5}",True,,0.0,0.0,0.0,0.0,0.0,0.0,0.0,0,0,1216.0
phase1_sweep_80pct,standard,"{""hard_stop_loss"": 0.45, ""kelly_cap"": 0.35, ""kelly_multiplier"": 0.6, ""max_concurrent_trades"": 5, ""prob_threshold"": 0.4, ""stop_lambda"": 2.0}",True,,0.0,0.0,0.0,0.0,0.0,0.0,0.0,0,0,1216.6
phase1_sweep_80pct,standard,"{""hard_stop_loss"": 0.45, ""kelly_cap"": 0.35, ""kelly_multiplier"": 0.6, ""max_concurrent_trades"": 7, ""prob_threshold"": 0.4, ""stop_lambda"": 2.0}",True,,0.0,0.0,0.0,0.0,0.0,0.0,0.0,0,0,1216.7
phase1_sweep_80pct,standard,"{""hard_stop_loss"": 0.45, ""kelly_cap"": 0.35, ""kelly_multiplier"": 0.6, ""max_concurrent_trades"": 10, ""prob_threshold"": 0.4, ""stop_lambda"": 1.5}",True,,0.0,0.0,0.0,0.0,0.0,0.0,0.0,0,0,1216.7
phase1_sweep_80pct,standard,"{""hard_stop_loss"": 0.0, ""kelly_cap"": 0.15, ""kelly_multiplier"": 0.75, ""max_concurrent_trades"": 5, ""prob_threshold"": 0.4, ""stop_lambda"": 1.0}",True,,0.0,0.0,0.0,0.0,0.0,0.0,0.0,0,0,1217.2
phase1_sweep_80pct,standard,"{""hard_stop_loss"": 0.45, ""kelly_cap"": 0.35, ""kelly_multiplier"": 0.6, ""max_concurrent_trades"": 10, ""prob_threshold"": 0.4, ""stop_lambda"": 2.0}",True,,0.0,0.0,0.0,0.0,0.0,0.0,0.0,0,0,1217.4
phase1_sweep_80pct,standard,"{""hard_stop_loss"": 0.0, ""kelly_cap"": 0.15, ""kelly_multiplier"": 0.75, ""max_concurrent_trades"": 7, ""prob_threshold"": 0.4, ""stop_lambda"": 1.0}",True,,0.0,0.0,0.0,0.0,0.0,0.0,0.0,0,0,1217.5
phase1_sweep_80pct,standard,"{""hard_stop_loss"": 0.0, ""kelly_cap"": 0.15, ""kelly_multiplier"": 0.75, ""max_concurrent_trades"": 10, ""prob_threshold"": 0.4, ""stop_lambda"": 1.0}",True,,0.0,0.0,0.0,0.0,0.0,0.0,0.0,0,0,1218.1
phase1_sweep_80pct,standard,"{""hard_stop_loss"": 0.0, ""kelly_cap"": 0.15, ""kelly_multiplier"": 0.75, ""max_concurrent_trades"": 5, ""prob_threshold"": 0.4, ""stop_lambda"": 1.5}",True,,0.0,0.0,0.0,0.0,0.0,0.0,0.0,0,0,1218.1
phase1_sweep_80pct,standard,"{""hard_stop_loss"": 0.0, ""kelly_cap"": 0.15, ""kelly_multiplier"": 0.75, ""max_concurrent_trades"": 7, ""prob_threshold"": 0.4, ""stop_lambda"": 1.5}",True,,0.0,0.0,0.0,0.0,0.0,0.0,0.0,0,0,1218.5
phase1_sweep_80pct,standard,"{""hard_stop_loss"": 0.0, ""kelly_cap"": 0.15, ""kelly_multiplier"": 0.75, ""max_concurrent_trades"": 10, ""prob_threshold"": 0.4, ""stop_lambda"": 1.5}",True,,0.0,0.0,0.0,0.0,0.0,0.0,0.0,0,0,1218.7
phase1_sweep_80pct,standard,"{""hard_stop_loss"": 0.0, ""kelly_cap"": 0.15, ""kelly_multiplier"": 0.75, ""max_concurrent_trades"": 7, ""prob_threshold"": 0.4, ""stop_lambda"": 2.0}",True,,0.0,0.0,0.0,0.0,0.0,0.0,0.0,0,0,1218.9
phase1_sweep_80pct,standard,"{""hard_stop_loss"": 0.0, ""kelly_cap"": 0.15, ""kelly_multiplier"": 0.75, ""max_concurrent_trades"": 5, ""prob_threshold"": 0.4, ""stop_lambda"": 2.0}",True,,0.0,0.0,0.0,0.0,0.0,0.0,0.0,0,0,1219.2
phase1_sweep_80pct,standard,"{""hard_stop_loss"": 0.0, ""kelly_cap"": 0.15, ""kelly_multiplier"": 0.75, ""max_concurrent_trades"": 10, ""prob_threshold"": 0.4, ""stop_lambda"": 2.0}",True,,0.0,0.0,0.0,0.0,0.0,0.0,0.0,0,0,1219.5
phase1_sweep_80pct,standard,"{""hard_stop_loss"": 0.07, ""kelly_cap"": 0.15, ""kelly_multiplier"": 0.75, ""max_concurrent_trades"": 5, ""prob_threshold"": 0.4, ""stop_lambda"": 1.0}",True,,0.0,0.0,0.0,0.0,0.0,0.0,0.0,0,0,1219.6
phase1_sweep_80pct,standard,"{""hard_stop_loss"": 0.07, ""kelly_cap"": 0.15, ""kelly_multiplier"": 0.75, ""max_concurrent_trades"": 10, ""prob_threshold"": 0.4, ""stop_lambda"": 1.0}",True,,0.0,0.0,0.0,0.0,0.0,0.0,0.0,0,0,1220.1
phase1_sweep_80pct,standard,"{""hard_stop_loss"": 0.07, ""kelly_cap"": 0.15, ""kelly_multiplier"": 0.75, ""max_concurrent_trades"": 7, ""prob_threshold"": 0.4, ""stop_lambda"": 1.0}",True,,0.0,0.0,0.0,0.0,0.0,0.0,0.0,0,0,1220.3
phase1_sweep_80pct,standard,"{""hard_stop_loss"": 0.07, ""kelly_cap"": 0.15, ""kelly_multiplier"": 0.75, ""max_concurrent_trades"": 5, ""prob_threshold"": 0.4, ""stop_lambda"": 1.5}",True,,0.0,0.0,0.0,0.0,0.0,0.0,0.0,0,0,1220.4
